date,secid,price,value,volume
2012-09-06,BRF3_2013,114.0,0.0,0
2012-09-07,BRF3_2013,114.0,0.0,0
2012-09-10,BRF3_2013,114.0,0.0,0
2012-09-11,BRF3_2013,114.0,0.0,0
2012-09-12,BRF3_2013,114.0,0.0,0
2012-09-13,BRF3_2013,114.0,0.0,0
2012-09-14,BRF3_2013,114.0,0.0,0
2012-09-17,BRF3_2013,114.31,0.0,0
2012-09-18,BRF3_2013,114.31,0.0,0
2012-09-19,BRF3_2013,108.88,101672.25,3
2012-09-20,BRF3_2013,106.94,0.0,0
2012-09-21,BRF3_2013,108.75,0.0,0
2012-09-24,BRF3_2013,106.48,0.0,0
2012-09-25,BRF3_2013,105.37,0.0,0
2012-09-26,BRF3_2013,105.2,0.0,0
2012-09-27,BRF3_2013,105.1,0.0,0
2012-09-28,BRF3_2013,110.36,102932.43,3
2012-10-01,BRF3_2013,110.08,0.0,0
2012-10-02,BRF3_2013,110.08,0.0,0
2012-10-03,BRF3_2013,110.08,0.0,0
2012-10-04,BRF3_2013,109.72,0.0,0
2012-10-05,BRF3_2013,109.75,0.0,0
2012-10-08,BRF3_2013,109.82,0.0,0
2012-10-09,BRF3_2013,109.82,0.0,0
2012-10-10,BRF3_2013,109.98,0.0,0
2012-10-11,BRF3_2013,110.81,0.0,0
2012-10-12,BRF3_2013,110.98,0.0,0
2012-10-15,BRF3_2013,109.49,0.0,0
2012-10-16,BRG3_2013,115.0,0.0,0
2012-10-17,BRG3_2013,111.8,0.0,0
2012-10-18,BRG3_2013,111.32,0.0,0
2012-10-19,BRG3_2013,111.32,0.0,0
2012-10-22,BRF3_2013,109.3,33816.33,1
2012-10-23,BRG3_2013,111.32,0.0,0
2012-10-24,BRF3_2013,106.96,234021.34,7
2012-10-25,BRF3_2013,106.83,597971.47,18
2012-10-26,BRF3_2013,105.92,333318.6,10
2012-10-29,BRG3_2013,111.32,0.0,0
2012-10-30,BRF3_2013,107.71,67649.23,2
2012-10-31,BRG3_2013,111.32,0.0,0
2012-11-01,BRF3_2013,106.4,835962.76,25
2012-11-02,BRF3_2013,106.35,534291.69,16
2012-11-06,BRF3_2013,107.39,1594733.59,48
2012-11-07,BRF3_2013,108.38,959075.86,28
2012-11-08,BRF3_2013,106.1,1198326.65,36
2012-11-09,BRF3_2013,105.0,1027446.93,31
2012-11-12,BRF3_2013,108.0,1054482.78,31
2012-11-13,BRF3_2013,106.33,1017898.24,30
2012-11-14,BRF3_2013,107.09,674813.03,20
2012-11-15,BRF3_2013,108.77,2535941.14,74
2012-11-16,BRF3_2013,107.89,9042178.15,266
2012-11-19,BRF3_2013,110.0,5300162.62,154
2012-11-20,BRF3_2013,110.44,43312448.11,1251
2012-11-21,BRF3_2013,110.03,26905439.7,787
2012-11-22,BRF3_2013,110.07,2530404.53,74
2012-11-23,BRF3_2013,109.97,10228813.72,299
2012-11-26,BRF3_2013,110.01,21801342.18,637
2012-11-27,BRF3_2013,109.87,7949182.28,233
2012-11-28,BRF3_2013,108.07,14774187.82,435
2012-11-29,BRF3_2013,110.2,48330640.18,1439
2012-11-30,BRF3_2013,109.85,15296842.92,451
2012-12-03,BRF3_2013,110.9,9530229.61,279
2012-12-04,BRF3_2013,108.9,36064976.27,1070
2012-12-05,BRF3_2013,109.19,75629598.87,2248
2012-12-06,BRF3_2013,106.87,90389242.54,2713
2012-12-07,BRF3_2013,106.7,111219565.7,3382
2012-12-10,BRF3_2013,106.66,139385559.19,4243
2012-12-11,BRF3_2013,106.58,98632889.25,3007
2012-12-12,BRF3_2013,108.36,475295631.4,14455
2012-12-13,BRF3_2013,107.17,284992833.43,8616
2012-12-14,BRF3_2013,107.4,758972591.82,23035
2012-12-17,BRF3_2013,107.99,1940937749.47,57835
2012-12-18,BRF3_2013,108.05,540006296.79,16187
2012-12-19,BRF3_2013,109.65,649076799.58,19380
2012-12-20,BRF3_2013,109.9,685274366.79,20312
2012-12-21,BRF3_2013,109.0,701100041.66,20740
2012-12-24,BRF3_2013,108.4,714269008.7,21465
2012-12-25,BRF3_2013,109.01,288135174.01,8638
2012-12-26,BRF3_2013,110.62,532579248.18,15869
2012-12-27,BRF3_2013,110.96,1229950048.5,36584
2012-12-28,BRF3_2013,110.88,974064204.82,28965
2013-01-08,BRF3_2013,112.1,539231372.36,15997
2013-01-09,BRF3_2013,111.81,413846849.03,12150
2013-01-10,BRF3_2013,112.77,1717949490.47,50569
2013-01-11,BRF3_2013,110.31,1809670402.13,53626
2013-01-14,BRF3_2013,111.01,1026795059.65,30638
2013-01-15,BRF3_2013,111.43,989893280.55,29312
2013-01-16,BRG3_2013,109.89,1823137401.06,54598
2013-01-17,BRG3_2013,110.63,1693287572.03,50830
2013-01-18,BRG3_2013,111.12,1689250110.48,50346
2013-01-21,BRG3_2013,111.66,1506025741.59,44653
2013-01-22,BRG3_2013,112.17,1513002379.26,44707
2013-01-23,BRG3_2013,112.5,1905895058.15,56216
2013-01-24,BRG3_2013,112.59,1718439484.5,50617
2013-01-25,BRG3_2013,113.75,1884430157.41,55292
2013-01-28,BRG3_2013,113.6,1278679947.93,37548
2013-01-29,BRG3_2013,113.35,1615573368.29,47453
2013-01-30,BRG3_2013,114.44,2019268971.23,58769
2013-01-31,BRG3_2013,114.71,1460049793.2,42295
2013-02-01,BRG3_2013,116.06,1949824656.27,56359
2013-02-04,BRG3_2013,115.79,2448241221.88,70130
2013-02-05,BRG3_2013,116.8,2801419598.58,80367
2013-02-06,BRG3_2013,116.05,2583541890.32,73673
2013-02-07,BRG3_2013,117.46,3829126841.9,108572
2013-02-08,BRG3_2013,118.75,3671986516.81,103494
2013-02-11,BRG3_2013,117.78,2084264060.68,58335
2013-02-12,BRG3_2013,118.53,1609008181.28,45216
2013-02-13,BRG3_2013,118.94,3589886452.01,100665
2013-02-14,BRH3_2013,117.66,1886245141.59,53135
2013-02-15,BRH3_2013,116.7,2446358269.37,69063
2013-02-18,BRH3_2013,117.65,1618430325.51,45760
2013-02-19,BRH3_2013,116.81,1919235742.83,54334
2013-02-20,BRH3_2013,116.8,2164777235.35,61454
2013-02-21,BRH3_2013,113.9,6687289874.17,191816
2013-02-22,BRH3_2013,114.05,2017942158.73,58237
2013-02-25,BRH3_2013,115.0,1588824296.47,45774
2013-02-26,BRH3_2013,114.16,6919586414.37,199434
2013-02-27,BRH3_2013,112.93,2853818613.49,82494
2013-02-28,BRH3_2013,112.29,2634269731.65,76865
2013-03-01,BRH3_2013,110.13,4554808585.79,133618
2013-03-04,BRH3_2013,110.38,2696409352.83,79401
2013-03-05,BRH3_2013,110.81,2325127260.39,68739
2013-03-06,BRH3_2013,110.94,1821837008.36,53341
2013-03-07,BRH3_2013,110.66,1499804825.9,44103
2013-03-11,BRH3_2013,109.77,2754127089.49,81098
2013-03-12,BRH3_2013,110.73,4726180402.35,140213
2013-03-13,BRH3_2013,109.61,2093606807.35,61996
2013-03-14,BRJ3_2013,108.97,2974601629.53,89179
2013-03-15,BRJ3_2013,110.21,4003824058.27,118958
2013-03-18,BRJ3_2013,109.19,4950105693.13,147696
2013-03-19,BRJ3_2013,108.82,1244612507.05,36950
2013-03-20,BRJ3_2013,108.09,3442734425.35,103328
2013-03-21,BRJ3_2013,107.95,4255713042.74,127015
2013-03-22,BRJ3_2013,107.67,3147211216.39,94863
2013-03-25,BRJ3_2013,108.23,3657192057.51,109882
2013-03-26,BRJ3_2013,108.11,4447831919.78,133373
2013-03-27,BRJ3_2013,109.52,2554384035.71,75412
2013-03-28,BRJ3_2013,109.29,5376732738.72,158062
2013-03-29,BRJ3_2013,109.98,585170277.79,17194
2013-04-01,BRJ3_2013,109.98,1019584790.52,29869
2013-04-02,BRJ3_2013,110.82,4594212595.75,132395
2013-04-03,BRJ3_2013,109.23,3033345358.51,87363
2013-04-04,BRJ3_2013,106.13,6907064423.89,203375
2013-04-05,BRJ3_2013,104.46,5458834454.67,163115
2013-04-08,BRJ3_2013,104.62,2836381491.4,86810
2013-04-09,BRJ3_2013,104.54,4283631704.31,131428
2013-04-10,BRJ3_2013,105.33,2685723995.89,82124
2013-04-11,BRJ3_2013,104.83,2561969412.91,78764
2013-04-12,BRJ3_2013,101.5,4769148120.31,148756
2013-04-15,BRK3_2013,100.36,2288255337.94,72090
2013-04-16,BRK3_2013,99.05,3982622464.11,127123
2013-04-17,BRK3_2013,98.35,4190164168.07,133716
2013-04-18,BRK3_2013,97.91,3691760729.61,118500
2013-04-19,BRK3_2013,99.84,3183267912.85,101455
2013-04-22,BRK3_2013,99.54,3020819630.11,95527
2013-04-23,BRK3_2013,99.68,3616838432.4,114822
2013-04-24,BRK3_2013,101.05,1463424007.47,46152
2013-04-25,BRK3_2013,102.38,2737409215.38,86304
2013-04-26,BRK3_2013,103.34,1421956460.42,44157
2013-04-29,BRK3_2013,103.28,1268217704.3,39752
2013-04-30,BRK3_2013,102.76,1204140721.91,37537
2013-05-02,BRK3_2013,100.8,1527995905.71,48393
2013-05-03,BRK3_2013,104.63,2785135121.71,87081
2013-05-06,BRK3_2013,104.14,1865502506.25,57452
2013-05-07,BRK3_2013,105.37,1772770471.76,54261
2013-05-08,BRK3_2013,104.2,1913286928.15,58916
2013-05-10,BRK3_2013,101.85,1726347337.63,53115
2013-05-13,BRK3_2013,102.34,1856932253.37,57583
2013-05-14,BRK3_2013,102.49,1579427934.97,49065
2013-05-15,BRK3_2013,101.4,996725131.57,30928
2013-05-16,BRM3_2013,103.4,1440061363.99,44515
2013-05-17,BRM3_2013,104.43,1574898004.11,48084
2013-05-20,BRM3_2013,104.7,1225570500.59,37591
2013-05-21,BRM3_2013,103.95,1997825403.75,61018
2013-05-22,BRM3_2013,103.15,2232610320.18,69253
2013-05-23,BRM3_2013,101.08,3363262919.5,105053
2013-05-24,BRM3_2013,101.93,2120573277.09,66266
2013-05-27,BRM3_2013,102.41,1036729392.32,32306
2013-05-28,BRM3_2013,104.29,1750658427.05,53626
2013-05-29,BRM3_2013,104.03,1863936369.81,56820
2013-05-30,BRM3_2013,101.35,2866502165.96,88383
2013-05-31,BRM3_2013,101.38,2485943780.82,76376
2013-06-03,BRM3_2013,101.92,3992462797.03,123799
2013-06-04,BRM3_2013,101.69,2715422304.45,83281
2013-06-05,BRM3_2013,103.9,3261334350.62,98436
2013-06-06,BRM3_2013,103.81,2517675760.46,75565
2013-06-07,BRM3_2013,104.46,2792996661.13,83520
2013-06-10,BRM3_2013,104.24,1660481072.3,49213
2013-06-11,BRM3_2013,102.34,2011042315.06,60181
2013-06-13,BRM3_2013,103.74,1040578645.77,31593
2013-06-14,BRN3_2013,106.24,2204808344.51,66164
2013-06-17,BRN3_2013,106.22,4138704466.17,122754
2013-06-18,BRN3_2013,105.86,1789851381.7,52864
2013-06-19,BRN3_2013,106.21,1395938691.82,40795
2013-06-20,BRN3_2013,102.68,3436114241.5,99982
2013-06-21,BRN3_2013,100.6,2304267016.46,68651
2013-06-24,BRN3_2013,100.2,5906082235.38,178750
2013-06-25,BRN3_2013,101.15,2934378687.74,88152
2013-06-26,BRN3_2013,100.43,2302108524.14,69044
2013-06-27,BRN3_2013,102.42,1818026457.58,54442
2013-06-28,BRN3_2013,103.1,1842917193.82,54372
2013-07-01,BRN3_2013,103.5,2071251847.58,61200
2013-07-02,BRN3_2013,103.63,1284832845.75,37631
2013-07-03,BRN3_2013,105.45,2153612768.15,61891
2013-07-04,BRN3_2013,105.42,1218675950.54,34849
2013-07-05,BRN3_2013,106.65,3175238229.36,89422
2013-07-08,BRN3_2013,107.2,2553184216.02,71532
2013-07-09,BRN3_2013,107.35,1410174221.81,39817
2013-07-10,BRN3_2013,108.2,1726898606.54,48512
2013-07-11,BRN3_2013,108.11,2265179396.79,64145
2013-07-12,BRN3_2013,108.1,2323316728.57,65905
2013-07-15,BRN3_2013,108.84,1866241803.39,52612
2013-07-16,BRN3_2013,109.05,1597140475.74,45128
2013-07-17,BRQ3_2013,108.03,1732635514.55,49655
2013-07-18,BRQ3_2013,108.7,995537599.48,28322
2013-07-19,BRQ3_2013,108.89,1176196078.09,33377
2013-07-22,BRQ3_2013,107.72,2311830607.5,66209
2013-07-23,BRQ3_2013,108.34,1661740064.14,47474
2013-07-24,BRQ3_2013,107.47,1729706413.96,49498
2013-07-25,BRQ3_2013,107.02,2286248785.21,65523
2013-07-26,BRQ3_2013,106.7,1399155397.83,39820
2013-07-29,BRQ3_2013,107.33,1511585987.34,42939
2013-07-30,BRQ3_2013,106.97,804130309.36,22718
2013-07-31,BRQ3_2013,106.14,2061077998.22,58697
2013-08-01,BRQ3_2013,109.1,3179636558.34,88945
2013-08-02,BRQ3_2013,108.73,2504352730.96,70089
2013-08-05,BRQ3_2013,108.41,2189497723.56,61427
2013-08-06,BRQ3_2013,108.15,2563670271.65,71642
2013-08-07,BRQ3_2013,107.77,1951264194.89,54876
2013-08-08,BRQ3_2013,106.03,1815604279.88,51543
2013-08-09,BRQ3_2013,107.38,2976949106.94,84799
2013-08-12,BRQ3_2013,107.95,1240278569.66,34875
2013-08-13,BRQ3_2013,109.23,2477524590.42,68565
2013-08-14,BRQ3_2013,109.4,1365621151.65,37671
2013-08-15,BRQ3_2013,110.84,2467746013.72,67519
2013-08-16,BRU3_2013,110.0,2497558537.08,69272
2013-08-19,BRU3_2013,110.88,2877656078.33,79210
2013-08-20,BRU3_2013,109.65,3428754554.83,95098
2013-08-21,BRU3_2013,110.07,3425385656.08,94257
2013-08-22,BRU3_2013,109.98,1964412279.3,54013
2013-08-23,BRU3_2013,110.83,2875455830.55,78967
2013-08-26,BRU3_2013,110.99,1786296242.72,48802
2013-08-27,BRU3_2013,113.4,3576106655.95,95966
2013-08-28,BRU3_2013,115.92,6410743848.23,167304
2013-08-29,BRU3_2013,115.85,3933011192.11,102182
2013-08-30,BRU3_2013,115.0,5023288352.17,130778
2013-09-02,BRU3_2013,114.04,5271340183.14,138637
2013-09-03,BRU3_2013,115.21,2978170089.48,77524
2013-09-04,BRU3_2013,114.8,3458801041.8,89884
2013-09-05,BRU3_2013,114.77,2225607739.02,57884
2013-09-06,BRU3_2013,115.96,2658282781.41,68997
2013-09-09,BRU3_2013,114.73,3442467174.19,90123
2013-09-10,BRU3_2013,111.2,5403847063.01,145686
2013-09-11,BRU3_2013,111.54,2782366935.59,75861
2013-09-12,BRU3_2013,112.37,1815064966.89,49668
2013-09-13,BRU3_2013,111.86,2182024908.47,59759
2013-09-16,BRV3_2013,109.87,3264043468.67,91809
2013-09-17,BRV3_2013,108.56,3057917851.04,86847
2013-09-18,BRV3_2013,108.44,2055328054.43,58869
2013-09-19,BRV3_2013,109.67,2681293026.29,76890
2013-09-20,BRV3_2013,109.29,2712368569.85,78174
2013-09-23,BRV3_2013,108.31,2020123276.2,58257
2013-09-24,BRV3_2013,107.74,1274651605.09,36978
2013-09-25,BRV3_2013,109.17,1994608267.19,57009
2013-09-26,BRV3_2013,108.7,2377243398.55,67950
2013-09-27,BRV3_2013,109.31,1722422713.0,48927
2013-09-30,BRV3_2013,107.75,2049903179.39,58510
2013-10-01,BRV3_2013,107.18,2161938943.0,62157
2013-10-02,BRV3_2013,108.09,2384877239.97,68724
2013-10-03,BRV3_2013,109.17,2646935451.08,75550
2013-10-04,BRV3_2013,109.51,1937818145.49,55140
2013-10-07,BRV3_2013,108.66,2047828765.45,58350
2013-10-08,BRV3_2013,110.26,3606731316.71,101963
2013-10-09,BRV3_2013,108.62,2032359135.74,57390
2013-10-10,BRV3_2013,110.94,2685728011.38,75947
2013-10-11,BRV3_2013,111.34,2830886164.27,78760
2013-10-14,BRV3_2013,110.25,2185696492.14,61105
2013-10-15,BRV3_2013,110.25,2341806184.56,65653
2013-10-16,BRV3_2013,110.35,1456652482.97,41184
2013-10-17,BRX3_2013,109.94,1535016360.73,43567
2013-10-18,BRX3_2013,109.55,1479252660.73,42427
2013-10-21,BRX3_2013,109.59,1593373219.61,45543
2013-10-22,BRX3_2013,110.6,1556264484.06,44583
2013-10-23,BRX3_2013,108.67,1953469802.93,56151
2013-10-24,BRX3_2013,107.23,2428952835.32,71119
2013-10-25,BRX3_2013,106.68,1414436652.22,41658
2013-10-28,BRX3_2013,108.92,1996161645.33,58183
2013-10-29,BRX3_2013,108.98,1875414338.99,53665
2013-10-30,BRX3_2013,109.22,1323664137.62,37941
2013-10-31,BRX3_2013,108.87,1718345453.67,48857
2013-11-01,BRX3_2013,107.14,2526974261.54,72089
2013-11-05,BRX3_2013,106.04,1374963369.55,39804
2013-11-06,BRX3_2013,105.66,1293696032.61,37766
2013-11-07,BRX3_2013,104.36,2260555074.59,66384
2013-11-08,BRX3_2013,103.58,1767398752.03,52140
2013-11-11,BRX3_2013,105.69,1559950679.13,45390
2013-11-12,BRX3_2013,106.68,1396142908.05,39931
2013-11-13,BRX3_2013,106.66,1610430757.09,46087
2013-11-14,BRZ3_2013,107.65,839054831.86,23907
2013-11-15,BRZ3_2013,108.12,1376020432.91,38966
2013-11-18,BRZ3_2013,108.26,1505947927.66,42833
2013-11-19,BRZ3_2013,107.8,1560162780.85,44033
2013-11-20,BRZ3_2013,106.68,1401409122.88,39753
2013-11-21,BRZ3_2013,108.17,1546133209.66,43383
2013-11-22,BRZ3_2013,110.38,4438249716.59,123006
2013-11-25,BRZ3_2013,109.5,3040436564.99,84197
2013-11-26,BRZ3_2013,111.21,3119721279.35,85290
2013-11-27,BRZ3_2013,110.95,1587069767.57,43161
2013-11-28,BRZ3_2013,111.27,1727573965.12,46941
2013-11-29,BRZ3_2013,110.83,726330443.98,19713
2013-12-02,BRZ3_2013,109.94,2149611184.9,58719
2013-12-03,BRZ3_2013,111.77,2834354335.98,76479
2013-12-04,BRZ3_2013,111.81,2550452139.76,68324
2013-12-05,BRZ3_2013,111.38,1990727836.19,53797
2013-12-06,BRZ3_2013,111.3,1518477920.72,41488
2013-12-09,BRZ3_2013,110.72,1243281271.78,34201
2013-12-10,BRZ3_2013,109.19,1964643193.0,54682
2013-12-11,BRZ3_2013,108.93,1405694643.78,39342
2013-12-12,BRZ3_2013,109.0,1476784462.81,41182
2013-12-13,BRZ3_2013,108.35,1505949049.36,42150
2013-12-16,BRF4_2014,109.85,2144868842.1,59635
2013-12-17,BRF4_2014,108.66,1285545180.2,35781
2013-12-18,BRF4_2014,108.71,1137703364.6,31889
2013-12-19,BRF4_2014,109.75,1452039408.95,40180
2013-12-20,BRF4_2014,110.91,1412063807.05,38747
2013-12-23,BRF4_2014,111.76,1393902992.93,38256
2013-12-24,BRF4_2014,111.99,684302733.63,18764
2013-12-25,BRF4_2014,111.85,182478833.82,4992
2013-12-26,BRF4_2014,111.58,282731725.08,7750
2013-12-27,BRF4_2014,112.06,596006324.71,16356
2013-12-30,BRF4_2014,111.52,1210110618.74,32889
2014-01-06,BRF4_2014,107.42,1943979792.31,54129
2014-01-08,BRF4_2014,107.77,730863264.86,20544
2014-01-09,BRF4_2014,107.7,885392675.03,24763
2014-01-10,BRF4_2014,106.95,1094843526.24,30889
2014-01-13,BRF4_2014,107.03,1119225785.39,31566
2014-01-14,BRF4_2014,106.62,766510982.2,21499
2014-01-15,BRF4_2014,106.48,939505446.64,26444
2014-01-16,BRG4_2014,105.81,764116526.8,21585
2014-01-17,BRG4_2014,106.23,1041900890.74,29282
2014-01-20,BRG4_2014,106.57,608069327.01,16900
2014-01-21,BRG4_2014,107.79,1039178829.19,28570
2014-01-22,BRG4_2014,107.55,612899199.41,16851
2014-01-23,BRG4_2014,107.9,914436778.39,24833
2014-01-24,BRG4_2014,107.1,1517328703.18,41039
2014-01-27,BRG4_2014,107.22,1226558375.76,33011
2014-01-28,BRG4_2014,107.3,1123866847.89,30235
2014-01-29,BRG4_2014,107.3,1256104946.01,33212
2014-01-30,BRG4_2014,108.13,1023708562.37,27206
2014-01-31,BRG4_2014,106.94,978678309.26,25904
2014-02-03,BRG4_2014,106.1,1334545539.56,35737
2014-02-04,BRG4_2014,105.82,1012025921.31,27242
2014-02-05,BRG4_2014,105.99,745366504.08,20205
2014-02-06,BRG4_2014,107.07,862358794.92,23313
2014-02-07,BRG4_2014,107.57,683138419.91,18383
2014-02-10,BRG4_2014,109.37,2156986834.85,56884
2014-02-11,BRG4_2014,108.72,637067612.95,16775
2014-02-12,BRH4_2014,108.9,710066716.41,18745
2014-02-13,BRH4_2014,108.2,1357686870.69,35618
2014-02-14,BRH4_2014,108.24,1064827327.53,28005
2014-02-17,BRH4_2014,108.93,717223606.3,18664
2014-02-18,BRH4_2014,109.61,858054815.75,22264
2014-02-19,BRH4_2014,110.28,947414119.31,23989
2014-02-20,BRH4_2014,109.98,868413903.05,21984
2014-02-21,BRH4_2014,110.22,313322603.44,7971
2014-02-24,BRH4_2014,109.95,525115734.39,13445
2014-02-25,BRH4_2014,110.1,661252654.73,16800
2014-02-26,BRH4_2014,109.31,438830703.65,11126
2014-02-27,BRH4_2014,108.81,895141574.73,22648
2014-02-28,BRH4_2014,109.0,502421767.83,12849
2014-03-03,BRH4_2014,111.4,1680308679.59,41519
2014-03-04,BRH4_2014,109.2,827024146.19,20745
2014-03-05,BRH4_2014,108.95,757743274.24,19309
2014-03-06,BRH4_2014,108.18,830195987.82,21217
2014-03-07,BRH4_2014,108.6,585748715.4,14867
2014-03-11,BRH4_2014,108.56,540678021.98,13639
2014-03-12,BRH4_2014,108.48,351788754.14,8909
2014-03-13,BRH4_2014,107.9,514128244.87,12983
2014-03-14,BRH4_2014,108.16,2359552502.95,59883
2014-03-17,BRH4_2014,108.54,379441676.2,9644
2014-03-18,BRJ4_2014,106.39,460677289.0,11943
2014-03-19,BRJ4_2014,106.21,425607326.39,11129
2014-03-20,BRJ4_2014,106.07,432284383.28,11306
2014-03-21,BRJ4_2014,107.57,559727555.88,14473
2014-03-24,BRJ4_2014,107.21,374659998.09,9696
2014-03-25,BRJ4_2014,106.71,487757418.72,12811
2014-03-26,BRJ4_2014,107.13,433299651.62,11410
2014-03-27,BRJ4_2014,107.5,464728482.16,12199
2014-03-28,BRJ4_2014,108.2,376564700.14,9778
2014-03-31,BRJ4_2014,107.81,402648540.76,10616
2014-04-01,BRJ4_2014,107.13,407108548.38,10790
2014-04-02,BRJ4_2014,104.31,1242557729.87,33363
2014-04-03,BRJ4_2014,105.05,690147133.09,18541
2014-04-04,BRJ4_2014,106.92,702536019.17,18768
2014-04-07,BRJ4_2014,105.9,642258454.84,17015
2014-04-08,BRJ4_2014,105.78,364708899.16,9681
2014-04-09,BRJ4_2014,107.89,779449156.56,20323
2014-04-10,BRJ4_2014,107.71,368925113.19,9654
2014-04-11,BRJ4_2014,107.65,505289957.86,13183
2014-04-14,BRJ4_2014,108.11,465083755.2,12009
2014-04-15,BRK4_2014,109.05,1872190346.27,47595
2014-04-16,BRK4_2014,109.92,826481961.53,20869
2014-04-17,BRK4_2014,109.85,540747207.23,13801
2014-04-18,BRK4_2014,109.57,268441053.26,6879
2014-04-21,BRK4_2014,109.7,303478983.89,7785
2014-04-22,BRK4_2014,109.33,483106497.46,12340
2014-04-23,BRK4_2014,109.17,502171516.25,12875
2014-04-24,BRK4_2014,109.9,444136478.07,11343
2014-04-25,BRK4_2014,109.62,599983307.19,15103
2014-04-28,BRK4_2014,108.92,405482876.23,10303
2014-04-29,BRK4_2014,109.24,549907022.77,14201
2014-04-30,BRK4_2014,108.01,396338405.22,10244
2014-05-02,BRK4_2014,108.4,371105102.08,9585
2014-05-05,BRK4_2014,107.71,467118979.27,12059
2014-05-06,BRK4_2014,107.7,462599429.8,12118
2014-05-07,BRK4_2014,107.75,272976970.87,7248
2014-05-08,BRK4_2014,107.83,319777801.98,8451
2014-05-12,BRK4_2014,108.4,262940421.57,6917
2014-05-13,BRK4_2014,108.82,279765942.57,7406
2014-05-14,BRK4_2014,109.84,376815811.09,9911
2014-05-15,BRM4_2014,109.48,1472657345.11,38648
2014-05-16,BRM4_2014,109.76,546538337.95,14362
2014-05-19,BRM4_2014,109.8,440300265.27,11592
2014-05-20,BRM4_2014,109.32,178065915.46,4708
2014-05-21,BRM4_2014,109.96,261784234.28,6911
2014-05-22,BRM4_2014,110.81,321397583.32,8460
2014-05-23,BRM4_2014,110.44,246120061.39,6519
2014-05-26,BRM4_2014,110.2,273862259.83,7275
2014-05-27,BRM4_2014,110.4,403829268.92,10648
2014-05-28,BRM4_2014,109.65,400349961.79,10538
2014-05-29,BRM4_2014,110.26,386403988.76,10112
2014-05-30,BRM4_2014,109.46,434574168.7,11343
2014-06-02,BRM4_2014,109.12,268818004.38,7032
2014-06-03,BRM4_2014,108.63,262557766.3,6890
2014-06-04,BRM4_2014,109.2,304761193.85,7956
2014-06-05,BRM4_2014,108.18,403819496.57,10719
2014-06-06,BRM4_2014,108.93,346965576.11,9248
2014-06-09,BRM4_2014,110.0,306326865.79,8148
2014-06-10,BRM4_2014,109.81,386972570.35,10238
2014-06-11,BRM4_2014,109.87,1276508089.26,33781
2014-06-13,BRM4_2014,113.07,891817526.36,22859
2014-06-16,BRN4_2014,112.75,499818644.48,12772
2014-06-17,BRN4_2014,113.21,465158598.3,11822
2014-06-18,BRN4_2014,113.69,913978948.66,23321
2014-06-19,BRN4_2014,114.87,1230986412.84,31309
2014-06-20,BRN4_2014,115.03,676099319.82,17076
2014-06-23,BRN4_2014,114.38,639800188.14,16264
2014-06-24,BRN4_2014,114.45,627002960.9,16283
2014-06-25,BRN4_2014,113.65,377659190.99,9809
2014-06-26,BRN4_2014,113.3,455862138.72,11877
2014-06-27,BRN4_2014,113.43,478739458.44,12513
2014-06-30,BRN4_2014,112.6,229750654.96,5979
2014-07-01,BRN4_2014,112.31,202365368.43,5239
2014-07-02,BRN4_2014,111.99,445519589.37,11608
2014-07-03,BRN4_2014,110.94,373259731.08,9795
2014-07-04,BRN4_2014,110.81,264471565.79,6911
2014-07-07,BRN4_2014,110.67,351794252.29,9235
2014-07-08,BRN4_2014,109.8,664266041.45,17636
2014-07-09,BRN4_2014,108.51,1937413702.67,52374
2014-07-10,BRN4_2014,108.17,598687263.62,16259
2014-07-11,BRN4_2014,107.6,618386848.17,16749
2014-07-14,BRN4_2014,106.8,1053288981.08,28737
2014-07-15,BRN4_2014,105.0,593138909.27,16295
2014-07-16,BRN4_2014,106.16,502626144.05,13809
2014-07-17,BRQ4_2014,107.45,443219867.67,11801
2014-07-18,BRQ4_2014,108.03,414563724.66,10936
2014-07-21,BRQ4_2014,107.35,372047693.35,9860
2014-07-22,BRQ4_2014,107.82,462510199.99,12259
2014-07-23,BRQ4_2014,107.71,358742677.28,9573
2014-07-24,BRQ4_2014,107.39,334327032.76,8847
2014-07-25,BRQ4_2014,107.03,444094449.6,11804
2014-07-28,BRQ4_2014,107.07,238203499.79,6225
2014-07-29,BRQ4_2014,107.63,438060364.57,11392
2014-07-30,BRQ4_2014,107.64,261693956.88,6830
2014-07-31,BRQ4_2014,106.37,708915955.78,18675
2014-08-01,BRQ4_2014,105.24,599741875.08,15876
2014-08-04,BRQ4_2014,105.6,472362483.58,12553
2014-08-05,BRQ4_2014,104.8,381085736.01,10077
2014-08-06,BRQ4_2014,105.25,490547382.26,12931
2014-08-07,BRQ4_2014,104.93,447519711.45,11759
2014-08-08,BRQ4_2014,105.43,879932327.25,22904
2014-08-11,BRQ4_2014,105.37,613365502.69,16248
2014-08-12,BRQ4_2014,103.43,805540540.32,21433
2014-08-13,BRQ4_2014,103.11,847488106.33,22804
2014-08-14,BRQ4_2014,102.7,832545315.64,22313
2014-08-15,BRU4_2014,102.73,1193780851.0,32389
2014-08-18,BRU4_2014,101.67,1056324806.4,28536
2014-08-19,BRU4_2014,101.42,642244231.66,17468
2014-08-20,BRU4_2014,101.93,766719338.79,20730
2014-08-21,BRU4_2014,102.05,705582785.76,19179
2014-08-22,BRU4_2014,102.5,570100186.32,15401
2014-08-25,BRU4_2014,102.16,480740407.23,12987
2014-08-26,BRU4_2014,103.21,399256378.34,10749
2014-08-27,BRU4_2014,102.85,395800462.92,10655
2014-08-28,BRU4_2014,102.69,655374373.12,17345
2014-08-29,BRU4_2014,102.95,433488833.82,11385
2014-09-01,BRU4_2014,102.97,608413766.51,15858
2014-09-02,BRU4_2014,101.85,563348248.81,14725
2014-09-03,BRU4_2014,101.62,1226656697.47,32998
2014-09-04,BRU4_2014,102.62,929889784.99,24554
2014-09-05,BRU4_2014,101.38,563757737.12,14987
2014-09-08,BRU4_2014,99.79,957928495.48,25756
2014-09-09,BRU4_2014,99.98,686674991.13,18494
2014-09-10,BRU4_2014,98.2,926311437.65,25036
2014-09-11,BRU4_2014,97.11,1231087370.45,33641
2014-09-12,BRU4_2014,97.12,985409072.3,26524
2014-09-15,BRV4_2014,98.25,598974921.41,16009
2014-09-16,BRV4_2014,98.99,766340280.89,20175
2014-09-17,BRV4_2014,98.68,623804251.64,16417
2014-09-18,BRV4_2014,98.42,392710753.99,10353
2014-09-19,BRV4_2014,97.75,586505622.44,15580
2014-09-22,BRV4_2014,97.12,399674097.46,10565
2014-09-23,BRV4_2014,97.08,563247751.25,15051
2014-09-24,BRV4_2014,96.09,697615494.78,18873
2014-09-25,BRV4_2014,96.62,885638746.36,23776
2014-09-26,BRV4_2014,97.04,539826097.72,14229
2014-09-29,BRV4_2014,96.82,485793337.89,12747
2014-09-30,BRV4_2014,96.62,522923712.35,13571
2014-10-01,BRV4_2014,95.44,1048546424.86,27838
2014-10-02,BRV4_2014,93.09,1985499744.5,53741
2014-10-03,BRV4_2014,91.68,1209744003.2,32613
2014-10-06,BRV4_2014,91.5,947125742.17,25761
2014-10-07,BRV4_2014,91.88,954645063.12,25912
2014-10-08,BRV4_2014,90.91,990705293.39,27030
2014-10-09,BRV4_2014,90.85,1227083620.62,33546
2014-10-10,BRV4_2014,89.19,1286534081.39,35541
2014-10-13,BRV4_2014,88.16,1082006385.74,30077
2014-10-14,BRV4_2014,86.36,1438870265.08,40067
2014-10-15,BRV4_2014,85.33,2004302616.45,58042
2014-10-16,BRV4_2014,83.7,973010965.81,28420
2014-10-17,BRX4_2014,86.32,1942442205.6,55414
2014-10-20,BRX4_2014,84.75,1237084804.69,35089
2014-10-21,BRX4_2014,85.85,1386806842.74,39449
2014-10-22,BRX4_2014,86.23,1571618739.66,44138
2014-10-23,BRX4_2014,86.4,1544057864.37,43298
2014-10-24,BRX4_2014,85.53,1064646538.49,29409
2014-10-27,BRX4_2014,85.43,1054666282.37,29144
2014-10-28,BRX4_2014,85.58,1023683838.39,28098
2014-10-29,BRX4_2014,87.75,1258209585.36,33841
2014-10-30,BRX4_2014,86.41,818766599.62,22524
2014-10-31,BRX4_2014,85.34,583406998.69,15853
2014-11-03,BRX4_2014,85.45,531321590.85,14240
2014-11-05,BRX4_2014,83.54,1037896019.75,27678
2014-11-06,BRX4_2014,82.35,966322001.95,25048
2014-11-07,BRX4_2014,83.48,624098261.1,16065
2014-11-10,BRX4_2014,83.76,735991108.01,19222
2014-11-11,BRX4_2014,81.78,893180755.07,23391
2014-11-12,BRX4_2014,81.27,912202419.26,24594
2014-11-13,BRX4_2014,78.88,1146187064.12,30917
2014-11-14,BRZ4_2014,79.31,2587955748.14,70177
2014-11-17,BRZ4_2014,78.63,1574258893.36,42343
2014-11-18,BRZ4_2014,78.71,1121464685.64,30206
2014-11-19,BRZ4_2014,78.54,960238896.07,26078
2014-11-20,BRZ4_2014,78.91,1545079393.6,42515
2014-11-21,BRZ4_2014,80.1,1853471840.19,50609
2014-11-24,BRZ4_2014,80.32,1156682449.49,32215
2014-11-25,BRZ4_2014,79.61,1095605869.89,29959
2014-11-26,BRZ4_2014,77.9,2139561055.71,58009
2014-11-27,BRZ4_2014,74.6,2741890576.73,75021
2014-11-28,BRZ4_2014,72.97,2949766711.25,82100
2014-12-01,BRZ4_2014,71.15,2678498266.3,74106
2014-12-02,BRZ4_2014,71.2,2179838160.33,56354
2014-12-03,BRZ4_2014,71.02,1094243181.87,28981
2014-12-04,BRZ4_2014,69.28,1407606244.05,37203
2014-12-05,BRZ4_2014,68.45,1257278299.38,34216
2014-12-08,BRZ4_2014,66.95,1858469652.67,50881
2014-12-09,BRZ4_2014,66.47,3208490457.54,89420
2014-12-10,BRZ4_2014,64.44,3408899021.19,94963
2014-12-11,BRZ4_2014,64.81,5677091365.56,158568
2014-12-12,BRZ4_2014,62.54,3962163220.17,108539
2014-12-15,BRZ4_2014,61.44,2481788374.55,64699
2014-12-16,BRF5_2015,59.06,4214160470.56,98282
2014-12-17,BRF5_2015,60.31,2569156845.07,70857
2014-12-18,BRF5_2015,61.2,3363261435.67,90061
2014-12-19,BRF5_2015,60.82,2976907108.33,83594
2014-12-22,BRF5_2015,60.53,2555501162.64,75216
2014-12-23,BRF5_2015,60.92,1674553850.55,49778
2014-12-24,BRF5_2015,59.62,1720007910.77,52433
2014-12-25,BRF5_2015,59.94,597806554.2,18840
2014-12-26,BRF5_2015,60.15,733082218.53,22405
2014-12-29,BRF5_2015,59.73,1053695512.36,30820
2014-12-30,BRF5_2015,57.77,1375148541.6,42839
2015-01-05,BRF5_2015,53.88,1044520545.18,31799
2015-01-06,BRF5_2015,52.0,1595303561.89,48574
2015-01-08,BRF5_2015,51.05,1425535849.09,46648
2015-01-09,BRF5_2015,49.98,1275173349.83,41348
2015-01-12,BRF5_2015,47.38,1657969858.57,53643
2015-01-13,BRF5_2015,46.14,2863091561.57,94594
2015-01-14,BRF5_2015,46.83,1816833728.77,59469
2015-01-15,BRG5_2015,49.4,2832550974.41,88216
2015-01-16,BRG5_2015,49.59,3714321502.43,115645
2015-01-19,BRG5_2015,49.49,2795083809.98,86724
2015-01-20,BRG5_2015,48.44,2844813336.99,89253
2015-01-21,BRG5_2015,49.36,4319996859.12,135925
2015-01-22,BRG5_2015,48.81,5488234679.86,173467
2015-01-23,BRG5_2015,49.05,4581748245.38,146082
2015-01-26,BRG5_2015,48.51,4798903513.3,149427
2015-01-27,BRG5_2015,48.35,4745462239.95,144985
2015-01-28,BRG5_2015,49.22,5405848538.39,162214
2015-01-29,BRG5_2015,48.7,5043661794.88,150184
2015-01-30,BRG5_2015,49.58,6123082158.64,177473
2015-02-02,BRG5_2015,53.5,10036620504.39,279611
2015-02-03,BRG5_2015,56.35,10572907393.63,286454
2015-02-04,BRG5_2015,56.04,10863445543.32,283516
2015-02-05,BRG5_2015,56.55,13504884170.84,368481
2015-02-06,BRG5_2015,57.74,12299007158.46,318926
2015-02-09,BRG5_2015,58.54,8890358854.27,233768
2015-02-10,BRG5_2015,57.42,6843552201.89,177470
2015-02-11,BRG5_2015,54.66,7402644514.23,198209
2015-02-12,BRG5_2015,56.91,5673677649.22,155246
2015-02-13,BRH5_2015,61.43,7388372204.92,193271
2015-02-16,BRH5_2015,61.65,7372428965.26,189957
2015-02-17,BRH5_2015,60.48,6759807769.34,173692
2015-02-18,BRH5_2015,61.67,9049565784.34,238677
2015-02-19,BRH5_2015,58.57,10857820960.09,293095
2015-02-20,BRH5_2015,60.54,12676718148.29,339263
2015-02-24,BRH5_2015,60.12,9176976238.64,244203
2015-02-25,BRH5_2015,59.26,7232190308.36,196876
2015-02-26,BRH5_2015,61.32,12107186547.59,325803
2015-02-27,BRH5_2015,61.42,9321205608.16,247127
2015-03-02,BRH5_2015,61.07,15927682014.06,415487
2015-03-03,BRH5_2015,61.18,12320488528.12,327385
2015-03-04,BRH5_2015,59.9,10435365192.57,276943
2015-03-05,BRH5_2015,60.84,9874939947.13,267724
2015-03-06,BRH5_2015,60.09,7419183918.63,202683
2015-03-10,BRH5_2015,57.1,11978477225.53,330864
2015-03-11,BRH5_2015,56.98,10923603287.08,310022
2015-03-12,BRH5_2015,57.58,12453967426.71,354020
2015-03-13,BRH5_2015,55.98,8974039679.26,256821
2015-03-16,BRJ5_2015,53.08,9342247352.2,276680
2015-03-17,BRJ5_2015,52.95,11503877730.08,349548
2015-03-18,BRJ5_2015,53.48,11301205541.83,346518
2015-03-19,BRJ5_2015,54.74,14147337697.94,432240
2015-03-20,BRJ5_2015,55.05,13616171891.85,419103
2015-03-23,BRJ5_2015,55.84,19136503744.36,589291
2015-03-24,BRJ5_2015,55.04,17803200730.47,551648
2015-03-25,BRJ5_2015,55.4,12739870861.66,396883
2015-03-26,BRJ5_2015,58.38,17778489704.78,537300
2015-03-27,BRJ5_2015,57.86,10668322513.67,317257
2015-03-30,BRJ5_2015,55.69,11917435685.03,366519
2015-03-31,BRJ5_2015,55.82,11806602479.32,366160
2015-04-01,BRJ5_2015,56.76,12705678540.91,398048
2015-04-02,BRJ5_2015,55.39,15031827434.35,470820
2015-04-03,BRJ5_2015,54.99,7162456785.41,229282
2015-04-06,BRJ5_2015,57.93,7195948458.1,229439
2015-04-07,BRJ5_2015,58.42,8954608801.09,280538
2015-04-08,BRJ5_2015,56.8,12452353621.76,398044
2015-04-09,BRJ5_2015,56.8,12657272978.28,425420
2015-04-10,BRJ5_2015,57.56,9506783167.41,319502
2015-04-13,BRJ5_2015,57.92,8913449029.83,289282
2015-04-14,BRJ5_2015,58.61,5675539765.2,190406
2015-04-15,BRK5_2015,61.95,4758973871.06,155257
2015-04-16,BRK5_2015,62.81,8256620939.96,263829
2015-04-17,BRK5_2015,63.95,10322178618.23,309596
2015-04-20,BRK5_2015,63.51,10483916142.63,311366
2015-04-21,BRK5_2015,62.79,8948182768.93,264361
2015-04-22,BRK5_2015,62.85,11049664563.18,336068
2015-04-23,BRK5_2015,65.0,10145975835.49,313816
2015-04-24,BRK5_2015,65.02,9912919620.59,296995
2015-04-27,BRK5_2015,65.11,7280105498.16,216031
2015-04-28,BRK5_2015,65.08,6853251248.75,205685
2015-04-29,BRK5_2015,66.1,6134942276.45,184522
2015-04-30,BRK5_2015,66.14,6991475551.65,205843
2015-05-05,BRK5_2015,68.14,5629230913.11,165655
2015-05-06,BRK5_2015,67.99,6935905186.5,200407
2015-05-07,BRK5_2015,66.29,7414798300.22,219534
2015-05-08,BRK5_2015,65.48,8574567334.87,257774
2015-05-12,BRK5_2015,66.77,7353090622.76,222570
2015-05-13,BRK5_2015,67.65,5672417119.86,172391
2015-05-14,BRK5_2015,67.0,4456440446.67,132598
2015-05-15,BRM5_2015,66.6,5736368662.41,174617
2015-05-18,BRM5_2015,66.15,6439709114.51,195741
2015-05-19,BRM5_2015,64.71,5301063520.55,163670
2015-05-20,BRM5_2015,64.9,6711622374.48,208100
2015-05-21,BRM5_2015,66.73,6730969364.79,205307
2015-05-22,BRM5_2015,65.48,6108965118.59,185450
2015-05-25,BRM5_2015,66.13,3772802200.91,115250
2015-05-26,BRM5_2015,63.53,5787498688.51,175939
2015-05-27,BRM5_2015,63.16,8795742404.32,267247
2015-05-28,BRM5_2015,62.4,9416867721.57,286595
2015-05-29,BRM5_2015,64.89,9269572523.82,279683
2015-06-01,BRM5_2015,64.62,9783243022.3,281063
2015-06-02,BRM5_2015,65.12,7128773709.2,205930
2015-06-03,BRM5_2015,64.2,9176525070.28,262600
2015-06-04,BRM5_2015,62.34,8647821526.75,244536
2015-06-05,BRM5_2015,61.85,9989675405.38,285488
2015-06-08,BRM5_2015,62.65,6178071405.36,175028
2015-06-09,BRM5_2015,64.68,7231895807.47,203655
2015-06-10,BRM5_2015,65.25,8082089587.04,227683
2015-06-11,BRM5_2015,64.88,7072511280.04,198127
2015-06-15,BRN5_2015,64.01,3961714179.24,113493
2015-06-16,BRN5_2015,63.94,3054728958.86,88494
2015-06-17,BRN5_2015,63.26,9135619892.44,262059
2015-06-18,BRN5_2015,64.22,7774368844.87,227931
2015-06-19,BRN5_2015,62.79,5891603075.09,170975
2015-06-22,BRN5_2015,62.67,6414245129.02,189486
2015-06-23,BRN5_2015,64.18,6843788728.92,199307
2015-06-24,BRN5_2015,63.55,8919074664.96,253485
2015-06-25,BRN5_2015,63.07,5346478626.72,154467
2015-06-26,BRN5_2015,63.25,6182717834.85,178618
2015-06-29,BRN5_2015,61.85,8490369645.76,245336
2015-06-30,BRN5_2015,63.16,6702771767.82,192845
2015-07-01,BRN5_2015,62.57,8823561906.45,252475
2015-07-02,BRN5_2015,62.7,7717392071.4,222717
2015-07-03,BRN5_2015,60.34,9383659641.57,272308
2015-07-06,BRN5_2015,58.22,9703075976.0,290637
2015-07-07,BRN5_2015,56.05,16212830942.08,497586
2015-07-08,BRN5_2015,56.59,17764053613.5,542897
2015-07-09,BRN5_2015,58.9,17297501721.13,522289
2015-07-10,BRN5_2015,58.37,10606882580.02,318403
2015-07-13,BRN5_2015,58.48,12798507423.0,390300
2015-07-14,BRN5_2015,58.36,13698495008.3,422341
2015-07-15,BRN5_2015,57.67,9519414058.07,288331
2015-07-16,BRN5_2015,57.84,6438701387.82,197700
2015-07-17,BRQ5_2015,56.8,7626142212.4,234900
2015-07-20,BRQ5_2015,56.74,9050630360.65,279477
2015-07-21,BRQ5_2015,56.86,8332395267.22,257549
2015-07-22,BRQ5_2015,56.53,10136437805.13,313807
2015-07-23,BRQ5_2015,56.19,9189711123.61,283885
2015-07-24,BRQ5_2015,54.56,12194883898.05,378078
2015-07-27,BRQ5_2015,53.71,9955400712.01,309624
2015-07-28,BRQ5_2015,53.73,12711235828.05,397159
2015-07-29,BRQ5_2015,54.02,12595311431.63,399925
2015-07-30,BRQ5_2015,53.66,11932965003.05,372756
2015-07-31,BRQ5_2015,52.5,10727580988.58,331074
2015-08-03,BRQ5_2015,50.31,12990676048.82,402749
2015-08-04,BRQ5_2015,50.05,9760446964.43,309557
2015-08-05,BRQ5_2015,49.69,9734567211.78,307256
2015-08-06,BRQ5_2015,49.0,13000191284.42,408977
2015-08-07,BRQ5_2015,49.06,12937669441.74,409589
2015-08-10,BRQ5_2015,49.95,10206553157.05,327664
2015-08-11,BRQ5_2015,48.93,15051378256.3,468089
2015-08-12,BRQ5_2015,49.05,13001751415.43,409347
2015-08-13,BRQ5_2015,48.93,10469186290.78,325661
2015-08-14,BRQ5_2015,49.03,5586106515.4,176336
2015-08-17,BRU5_2015,49.22,10488524387.99,327811
2015-08-18,BRU5_2015,48.62,8059104978.02,251843
2015-08-19,BRU5_2015,47.0,13300522924.81,415378
2015-08-20,BRU5_2015,47.18,14707375523.88,467597
2015-08-21,BRU5_2015,45.35,13503967994.08,425592
2015-08-24,BRU5_2015,42.88,20617578643.52,662330
2015-08-25,BRU5_2015,43.42,22869273551.81,761343
2015-08-26,BRU5_2015,43.05,14323041522.53,478449
2015-08-27,BRU5_2015,45.93,18396770425.33,618505
2015-08-28,BRU5_2015,49.68,31773300442.72,1018135
2015-08-31,BRU5_2015,51.31,26200118317.84,798635
2015-09-01,BRU5_2015,50.21,42292224451.51,1219718
2015-09-02,BRU5_2015,48.43,37729083555.46,1128145
2015-09-03,BRU5_2015,51.23,41557986845.17,1233959
2015-09-04,BRU5_2015,50.04,31967093406.74,939888
2015-09-07,BRU5_2015,47.89,14807895718.17,436382
2015-09-08,BRU5_2015,49.65,16391438984.43,496678
2015-09-09,BRU5_2015,48.45,20597287729.14,613369
2015-09-10,BRU5_2015,48.77,25030780280.93,771290
2015-09-11,BRU5_2015,48.15,21899900481.55,671475
2015-09-14,BRU5_2015,46.5,15893335118.56,494136
2015-09-15,BRV5_2015,47.34,12585171462.03,395157
2015-09-16,BRV5_2015,49.73,22603352163.02,710687
2015-09-17,BRV5_2015,48.52,25448388582.15,781331
2015-09-18,BRV5_2015,47.99,32059334046.47,994238
2015-09-21,BRV5_2015,48.33,17425617680.38,547218
2015-09-22,BRV5_2015,48.33,21129914766.87,658408
2015-09-23,BRV5_2015,48.58,27041734918.72,832491
2015-09-24,BRV5_2015,48.07,24990629502.69,783608
2015-09-25,BRV5_2015,48.26,22180460986.81,699313
2015-09-28,BRV5_2015,47.58,17314927743.89,548378
2015-09-29,BRV5_2015,48.43,16736742779.86,532639
2015-09-30,BRV5_2015,48.35,19373930742.37,610290
2015-10-01,BRV5_2015,48.25,29479902674.45,919622
2015-10-02,BRV5_2015,47.12,20788837703.75,656578
2015-10-05,BRV5_2015,49.62,21948716928.11,699209
2015-10-06,BRV5_2015,51.4,25906238882.87,812340
2015-10-07,BRV5_2015,51.44,32184777430.84,982447
2015-10-08,BRV5_2015,52.43,23784114023.19,738950
2015-10-09,BRV5_2015,52.77,30021622770.49,916743
2015-10-12,BRV5_2015,51.71,17410376424.17,539693
2015-10-13,BRV5_2015,50.02,29432397888.87,934269
2015-10-14,BRV5_2015,49.1,17539051906.48,565586
2015-10-15,BRV5_2015,48.55,9195297048.73,301492
2015-10-16,BRX5_2015,49.94,14755995143.85,480380
2015-10-19,BRX5_2015,48.99,12498837620.36,404270
2015-10-20,BRX5_2015,48.67,14551525351.95,481669
2015-10-21,BRX5_2015,48.25,20656849213.34,681361
2015-10-22,BRX5_2015,48.13,15415473497.03,509065
2015-10-23,BRX5_2015,47.9,22454631177.93,750212
2015-10-26,BRX5_2015,47.78,13919269793.22,461333
2015-10-27,BRX5_2015,46.81,17262990977.94,566208
2015-10-28,BRX5_2015,48.94,29656802476.89,975814
2015-10-29,BRX5_2015,49.08,22918717923.89,730686
2015-10-30,BRX5_2015,49.33,18411221022.03,589868
2015-11-02,BRX5_2015,49.14,17170727380.99,543940
2015-11-03,BRX5_2015,49.69,14967734451.61,485106
2015-11-05,BRX5_2015,48.25,18329354407.62,589355
2015-11-06,BRX5_2015,47.51,17746034541.82,569095
2015-11-09,BRX5_2015,47.4,15203615714.62,492699
2015-11-10,BRX5_2015,47.42,16494821275.45,540211
2015-11-11,BRX5_2015,46.62,15454246309.41,505778
2015-11-12,BRX5_2015,45.29,16935976639.85,564262
2015-11-13,BRX5_2015,43.7,15774212956.58,531818
2015-11-16,BRZ5_2015,43.71,18162345547.52,613304
2015-11-17,BRZ5_2015,44.16,26964167454.89,930388
2015-11-18,BRZ5_2015,44.17,18510541120.25,645473
2015-11-19,BRZ5_2015,44.3,20084615738.0,703348
2015-11-20,BRZ5_2015,44.34,12468961211.03,435474
2015-11-23,BRZ5_2015,45.07,30729247853.48,1049068
2015-11-24,BRZ5_2015,45.7,24085916063.01,803166
2015-11-25,BRZ5_2015,45.52,19780930131.95,657862
2015-11-26,BRZ5_2015,45.65,15112245224.73,501965
2015-11-27,BRZ5_2015,45.12,14016961027.96,468785
2015-11-30,BRZ5_2015,45.39,14393498342.0,483219
2015-12-01,BRZ5_2015,44.36,19289009238.14,648759
2015-12-02,BRZ5_2015,43.85,20450224077.15,693263
2015-12-03,BRZ5_2015,43.15,22443044207.83,764122
2015-12-04,BRG6_2016,44.25,46184753.02,1508
2015-12-07,BRH6_2016,43.58,20632167.5,673
2015-12-08,BRH6_2016,42.43,58158327.75,1938
2015-12-09,BRG6_2016,42.27,18892605.01,656
2015-12-10,BRG6_2016,40.97,41799577.22,1479
2015-12-11,BRG6_2016,39.9,58733864.72,2073
2015-12-14,BRG6_2016,38.55,137254195.07,5053
2015-12-15,BRG6_2016,39.35,116587164.53,4243
2015-12-16,BRH6_2016,39.44,202251835.19,7213
2015-12-17,BRG6_2016,38.03,235755169.39,8749
2015-12-18,BRH6_2016,38.8,312057028.74,11394
2015-12-21,BRH6_2016,37.8,240970197.35,8853
2015-12-22,BRH6_2016,37.9,107505145.44,3996
2015-12-23,BRG6_2016,37.92,209113441.28,8000
2015-12-24,BRG6_2016,38.3,325381276.46,12208
2015-12-25,BRH6_2016,39.42,92663791.81,3330
2015-12-28,BRH6_2016,38.15,117261234.77,4204
2015-12-29,BRG6_2016,38.17,134461711.36,4948
2015-12-30,BRH6_2016,38.15,107823513.15,3809
2016-01-04,BRG6_2016,38.65,457766091.03,16396
2016-01-05,BRG6_2016,36.96,390198631.06,14181
2016-01-06,BRG6_2016,35.0,546947278.02,20522
2016-01-11,BRG6_2016,33.07,1072985105.53,42266
2016-01-12,BRG6_2016,31.4,4629276782.27,189472
2016-01-13,BRG6_2016,30.61,7303085757.58,305482
2016-01-14,BRG6_2016,30.75,8394657469.9,360588
2016-01-15,BRG6_2016,29.58,27669371441.42,1192532
2016-01-18,BRG6_2016,28.99,31330406435.33,1371554
2016-01-19,BRG6_2016,29.4,27005261558.38,1171685
2016-01-20,BRG6_2016,27.78,31470048181.01,1365101
2016-01-21,BRG6_2016,28.32,31254068146.05,1347504
2016-01-22,BRG6_2016,31.36,35332267889.86,1492438
2016-01-25,BRG6_2016,31.27,33973731172.74,1363817
2016-01-26,BRG6_2016,31.6,34401318395.74,1431831
2016-01-27,BRG6_2016,32.45,37097537662.53,1490911
2016-01-28,BRG6_2016,34.1,52038133680.35,2018952
2016-01-29,BRG6_2016,34.42,28609120875.99,1104454
2016-02-01,BRH6_2016,34.82,37146607832.65,1377092
2016-02-02,BRH6_2016,33.01,43378969789.68,1638871
2016-02-03,BRH6_2016,33.54,46384674954.19,1767906
2016-02-04,BRH6_2016,35.41,72242325170.97,2729939
2016-02-05,BRH6_2016,34.66,52841888441.42,1977264
2016-02-08,BRH6_2016,33.44,42431195395.55,1603847
2016-02-09,BRH6_2016,32.4,38003778299.02,1465572
2016-02-10,BRH6_2016,31.16,50034200281.19,2056430
2016-02-11,BRH6_2016,30.46,41698326773.55,1699945
2016-02-12,BRH6_2016,31.94,47475093428.87,1940201
2016-02-15,BRH6_2016,33.73,42510019905.11,1656072
2016-02-16,BRH6_2016,32.77,51793030790.6,1955205
2016-02-17,BRH6_2016,33.96,50598845569.03,2028609
2016-02-18,BRH6_2016,35.34,50762655461.26,1924822
2016-02-19,BRH6_2016,32.96,50130983839.8,1900025
2016-02-20,BRH6_2016,33.1,14675112934.73,576849
2016-02-22,BRH6_2016,34.71,21671061417.86,839972
2016-02-24,BRH6_2016,33.12,33137692123.8,1289620
2016-02-25,BRH6_2016,33.94,54062111072.89,2089386
2016-02-26,BRH6_2016,36.21,55444109167.66,2062516
2016-02-29,BRH6_2016,35.94,32629558740.86,1215593
2016-03-01,BRJ6_2016,36.31,43941635573.43,1622149
2016-03-02,BRJ6_2016,36.32,40152708075.87,1485251
2016-03-03,BRJ6_2016,36.75,39976828811.52,1477150
2016-03-04,BRJ6_2016,37.63,38815068885.84,1441098
2016-03-07,BRJ6_2016,39.81,46983981428.64,1682001
2016-03-09,BRJ6_2016,40.95,48994076454.01,1707066
2016-03-10,BRJ6_2016,40.17,43021701425.93,1488285
2016-03-11,BRJ6_2016,40.35,36821333590.38,1302549
2016-03-14,BRJ6_2016,39.27,35130609978.28,1252722
2016-03-15,BRJ6_2016,38.6,37844175478.68,1368826
2016-03-16,BRJ6_2016,40.07,38096213702.45,1369720
2016-03-17,BRJ6_2016,41.11,37968009083.62,1367469
2016-03-18,BRJ6_2016,41.66,39085753473.8,1377716
2016-03-21,BRJ6_2016,41.46,38152495577.85,1361882
2016-03-22,BRJ6_2016,41.69,30622812861.33,1096438
2016-03-23,BRJ6_2016,40.74,34022222916.1,1209190
2016-03-24,BRJ6_2016,39.94,32715314355.78,1177588
2016-03-25,BRJ6_2016,40.49,12385715218.11,448998
2016-03-28,BRJ6_2016,40.04,17313346030.66,626449
2016-03-29,BRJ6_2016,39.06,24365376433.13,892994
2016-03-30,BRJ6_2016,39.47,24740379462.97,921819
2016-03-31,BRK6_2016,40.56,28134630729.95,1042333
2016-04-01,BRK6_2016,38.8,40180091238.52,1494585
2016-04-04,BRK6_2016,38.12,31944818504.26,1211913
2016-04-05,BRK6_2016,37.79,32920633450.37,1262368
2016-04-06,BRK6_2016,39.73,42825218712.59,1624108
2016-04-07,BRK6_2016,38.99,44181614169.99,1635140
2016-04-08,BRK6_2016,41.65,49581115384.14,1824831
2016-04-11,BRK6_2016,42.7,53967291994.82,1925490
2016-04-12,BRK6_2016,44.67,51858048761.17,1814475
2016-04-13,BRK6_2016,44.4,55485369607.38,1899189
2016-04-14,BRK6_2016,44.3,53777614822.06,1845043
2016-04-15,BRK6_2016,42.78,41680889662.58,1450291
2016-04-18,BRK6_2016,43.16,71050032209.82,2557215
2016-04-19,BRK6_2016,44.19,51293521359.84,1793521
2016-04-20,BRK6_2016,44.79,51902428308.0,1816489
2016-04-21,BRK6_2016,45.18,68962457797.17,2295372
2016-04-22,BRK6_2016,45.58,49500793782.72,1654239
2016-04-25,BRK6_2016,44.77,36129866952.87,1209403
2016-04-26,BRK6_2016,45.67,35276630899.34,1190083
2016-04-27,BRK6_2016,46.0,38987695980.57,1281350
2016-04-28,BRK6_2016,47.61,37337043971.57,1228038
2016-04-29,BRK6_2016,47.57,22388778592.71,721214
2016-05-04,BRM6_2016,44.84,41151993897.48,1360692
2016-05-05,BRM6_2016,45.76,47135215476.74,1571387
2016-05-06,BRM6_2016,45.99,51321146771.84,1738395
2016-05-10,BRM6_2016,45.24,44120916057.34,1489368
2016-05-11,BRM6_2016,47.17,43335006450.9,1452219
2016-05-12,BRM6_2016,46.84,40717796693.79,1311242
2016-05-13,BRM6_2016,47.75,35957739016.15,1158724
2016-05-16,BRM6_2016,49.21,28014392017.11,886902
2016-05-17,BRM6_2016,49.42,32079174430.16,1011856
2016-05-18,BRM6_2016,49.72,48550057235.48,1509492
2016-05-19,BRM6_2016,47.81,49786394402.08,1538961
2016-05-20,BRM6_2016,48.82,42622242434.1,1312121
2016-05-23,BRM6_2016,48.02,30004911805.25,929336
2016-05-24,BRM6_2016,48.64,26954510372.46,837172
2016-05-25,BRM6_2016,49.18,34986788037.81,1081775
2016-05-26,BRM6_2016,49.89,32639543521.76,998719
2016-05-27,BRM6_2016,49.33,29876840236.08,917838
2016-05-30,BRM6_2016,49.61,13894067209.72,428550
2016-05-31,BRN6_2016,50.66,14213423810.68,427619
2016-06-01,BRN6_2016,49.72,36305108856.38,1098213
2016-06-02,BRN6_2016,49.9,48451219149.43,1452832
2016-06-03,BRN6_2016,49.65,36950394573.51,1120896
2016-06-06,BRN6_2016,50.56,28881811252.8,880251
2016-06-07,BRN6_2016,51.05,27318763656.63,828995
2016-06-08,BRN6_2016,52.26,38739001809.46,1166927
2016-06-09,BRN6_2016,51.95,37460711594.77,1121936
2016-06-10,BRN6_2016,50.91,25051416822.48,752904
2016-06-14,BRN6_2016,49.73,27838859768.72,843160
2016-06-15,BRN6_2016,49.39,31270694148.3,968404
2016-06-16,BRN6_2016,47.31,39983704735.29,1262427
2016-06-17,BRN6_2016,48.53,36696426661.05,1176390
2016-06-20,BRN6_2016,50.3,29343121187.99,920665
2016-06-21,BRN6_2016,49.95,29852789511.5,935015
2016-06-22,BRN6_2016,49.79,38633253084.18,1186655
2016-06-23,BRN6_2016,50.36,33505499709.33,1039558
2016-06-24,BRN6_2016,48.75,44680584165.2,1404465
2016-06-27,BRQ6_2016,47.88,2803269792.89,88028
2016-06-28,BRQ6_2016,48.53,5669997221.68,180772
2016-06-29,BRQ6_2016,50.54,7456520487.58,234993
2016-06-30,BRQ6_2016,50.04,21530980232.3,667245
2016-07-01,BRQ6_2016,49.8,37675258661.59,1181305
2016-07-04,BRQ6_2016,50.11,24292995028.45,757057
2016-07-05,BRQ6_2016,48.0,34022349354.22,1081030
2016-07-06,BRQ6_2016,47.89,53175676720.23,1727064
2016-07-07,BRQ6_2016,47.61,62207315043.4,1987136
2016-07-08,BRQ6_2016,46.67,66293032434.2,2222211
2016-07-11,BRQ6_2016,46.69,43925668831.42,1473580
2016-07-12,BRQ6_2016,48.06,49309383844.04,1636718
2016-07-13,BRQ6_2016,46.34,59014350626.29,1939071
2016-07-14,BRQ6_2016,47.19,48110823452.93,1638186
2016-07-15,BRQ6_2016,47.66,42261113229.61,1405674
2016-07-18,BRQ6_2016,46.94,33417149272.41,1125191
2016-07-19,BRQ6_2016,46.97,32750253094.45,1100832
2016-07-20,BRQ6_2016,47.01,37590071660.52,1268039
2016-07-21,BRQ6_2016,46.64,30167597049.29,999537
2016-07-22,BRQ6_2016,45.38,44166520254.39,1480388
2016-07-25,BRQ6_2016,44.81,44669848169.34,1508274
2016-07-26,BRU6_2016,45.13,3463902915.39,116482
2016-07-27,BRU6_2016,44.27,4586219692.34,154916
2016-07-28,BRU6_2016,43.38,7520349040.19,257651
2016-07-29,BRV6_2016,43.59,73273684.39,2557
2016-08-01,BRV6_2016,42.67,206166262.62,7120
2016-08-02,BRV6_2016,42.04,289163197.08,10151
2016-08-03,BRV6_2016,42.99,501040871.08,17735
2016-08-04,BRV6_2016,43.86,321908088.76,11223
2016-08-05,BRV6_2016,44.14,349191692.86,12025
2016-08-08,BRV6_2016,45.7,387107562.05,13238
2016-08-09,BRV6_2016,45.62,315839578.3,10691
2016-08-10,BRV6_2016,44.6,689765864.87,23580
2016-08-11,BRV6_2016,45.97,885466065.67,30586
2016-08-12,BRV6_2016,46.96,746818391.86,24763
2016-08-15,BRV6_2016,48.26,670367150.33,21996
2016-08-16,BRV6_2016,49.04,541137422.82,17415
2016-08-17,BRV6_2016,49.54,1051860298.97,33195
2016-08-18,BRV6_2016,51.0,845511793.0,26403
2016-08-19,BRV6_2016,50.78,893407697.66,27438
2016-08-22,BRV6_2016,49.75,1054698725.91,32515
2016-08-23,BRV6_2016,50.19,1688769022.23,52866
2016-08-24,BRV6_2016,49.12,2071229746.21,63982
2016-08-25,BRV6_2016,49.66,1852556743.82,57955
2016-08-26,BRV6_2016,50.02,2690819681.87,83646
2016-08-29,BRX6_2016,49.6,126247922.89,3894
2016-08-30,BRX6_2016,49.2,46224137.52,1426
2016-08-31,BRX6_2016,47.61,1161163689.56,36714
2016-09-01,BRX6_2016,46.11,709898741.07,22949
2016-09-02,BRX6_2016,47.19,1065167443.94,35047
2016-09-05,BRX6_2016,47.78,1924601123.99,61070
2016-09-06,BRX6_2016,47.23,685298463.04,22457
2016-09-07,BRX6_2016,48.22,293760446.01,9536
2016-09-08,BRX6_2016,50.04,577567518.24,18399
2016-09-09,BRX6_2016,49.14,1216061278.6,37740
2016-09-12,BRX6_2016,48.9,846579406.86,27044
2016-09-13,BRX6_2016,47.65,1397164119.62,44494
2016-09-14,BRX6_2016,46.65,890828325.16,28968
2016-09-15,BRX6_2016,47.04,1009643825.77,33432
2016-09-16,BRX6_2016,46.55,1182836757.29,39179
2016-09-19,BRX6_2016,47.13,537496454.67,17790
2016-09-20,BRX6_2016,46.5,829503861.11,27771
2016-09-21,BRX6_2016,47.29,1031001787.49,34149
2016-09-22,BRX6_2016,48.13,939736743.83,30911
2016-09-23,BRX6_2016,48.08,1212934308.55,39481
2016-09-26,BRX6_2016,47.91,4571071613.36,151782
2016-09-27,BRX6_2016,46.4,7449254344.72,247312
2016-09-28,BRX6_2016,46.8,10562530678.26,352633
2016-09-29,BRX6_2016,50.06,23052296681.65,748993
2016-09-30,BRX6_2016,50.0,31474728434.0,1006147
2016-10-03,BRX6_2016,50.5,51207835966.7,1631186
2016-10-04,BRX6_2016,51.11,65911207611.07,2074750
2016-10-05,BRX6_2016,51.75,67631813439.21,2102024
2016-10-06,BRX6_2016,52.39,62557807251.98,1931031
2016-10-07,BRZ6_2016,52.55,960395244.84,29187
2016-10-10,BRZ6_2016,53.71,1650519832.58,50024
2016-10-11,BRZ6_2016,52.91,1642652891.61,48974
2016-10-12,BRZ6_2016,52.51,1022526477.85,30600
2016-10-13,BRZ6_2016,52.67,1337896520.06,40430
2016-10-14,BRZ6_2016,52.35,1084141811.07,32582
2016-10-17,BRZ6_2016,52.13,1156495675.23,35037
2016-10-18,BRZ6_2016,52.18,1370957961.89,41504
2016-10-19,BRZ6_2016,53.64,1925972073.89,58099
2016-10-20,BRZ6_2016,52.25,1749720776.26,53001
2016-10-21,BRZ6_2016,52.56,2201195136.87,67203
2016-10-24,BRZ6_2016,52.19,2266461281.21,69384
2016-10-25,BRZ6_2016,51.84,4867188873.43,150004
2016-10-26,BRZ6_2016,51.26,6374675951.34,197744
2016-10-27,BRZ6_2016,51.69,6346197018.78,196913
2016-10-28,BRZ6_2016,51.09,8550763860.39,264279
2016-10-31,BRZ6_2016,49.21,36819657375.38,1159748
2016-11-01,BRZ6_2016,48.81,62779436036.11,2034198
2016-11-02,BRF7_2017,47.45,800775138.85,26051
2016-11-03,BRF7_2017,47.46,449617013.03,14756
2016-11-07,BRF7_2017,46.56,415358058.65,13830
2016-11-08,BRF7_2017,47.1,692949365.69,23007
2016-11-09,BRF7_2017,46.78,1080199449.12,35931
2016-11-10,BRF7_2017,47.08,978293911.55,31810
2016-11-11,BRF7_2017,45.9,722687476.8,23525
2016-11-14,BRF7_2017,45.12,1446297723.83,47853
2016-11-15,BRF7_2017,47.01,1027537080.01,34312
2016-11-16,BRF7_2017,48.35,1031918068.53,33390
2016-11-17,BRF7_2017,47.93,835415969.56,26965
2016-11-18,BRF7_2017,47.21,1801295759.02,58795
2016-11-21,BRF7_2017,49.6,1230562909.29,39607
2016-11-22,BRF7_2017,50.13,4398531613.01,137011
2016-11-23,BRF7_2017,50.32,2373477477.21,73419
2016-11-24,BRF7_2017,50.09,719445503.85,22337
2016-11-25,BRF7_2017,48.85,2339747322.88,73139
2016-11-28,BRF7_2017,49.26,13212070882.32,421449
2016-11-29,BRF7_2017,47.45,21837102294.57,693027
2016-11-30,BRF7_2017,50.85,83239937522.23,2582977
2016-12-01,BRF7_2017,53.65,109877160549.43,3292518
2016-12-02,BRF7_2017,54.29,96809407800.08,2820428
2016-12-05,BRF7_2017,54.93,71941910000.02,2064915
2016-12-06,BRF7_2017,53.78,77025722576.18,2218617
2016-12-07,BRF7_2017,53.16,65900186980.68,1926472
2016-12-08,BRF7_2017,53.86,86145961222.24,2548313
2016-12-09,BRG7_2017,55.03,643690176.02,18767
2016-12-12,BRG7_2017,56.9,2448096348.05,70010
2016-12-13,BRG7_2017,56.07,1237969679.24,36020
2016-12-14,BRG7_2017,56.1,1392748580.39,40739
2016-12-15,BRG7_2017,54.31,1449733007.32,42821
2016-12-16,BRG7_2017,55.5,1082846727.28,31984
2016-12-19,BRG7_2017,55.69,923326527.79,26788
2016-12-20,BRG7_2017,56.38,1012640517.58,29493
2016-12-21,BRG7_2017,55.72,1154346609.12,33703
2016-12-22,BRG7_2017,55.93,1642966268.24,48774
2016-12-23,BRG7_2017,55.59,2486150973.26,73122
2016-12-26,BRG7_2017,55.85,824886672.2,24240
2016-12-27,BRG7_2017,56.54,2173542120.84,63883
2016-12-28,BRG7_2017,57.1,6816225982.36,198121
2016-12-29,BRG7_2017,57.14,8176012300.45,235869
2016-12-30,BRG7_2017,56.62,21324069304.39,614558
2017-01-03,BRG7_2017,57.73,34219193594.26,980993
2017-01-04,BRG7_2017,55.59,61903821667.95,1827711
2017-01-05,BRG7_2017,57.06,27465469892.4,820767
2017-01-06,BRG7_2017,56.61,39635938968.71,1173139
2017-01-09,BRG7_2017,55.65,37568803595.22,1112175
2017-01-10,BRH7_2017,55.06,729961680.78,21833
2017-01-11,BRH7_2017,55.22,968115473.94,29258
2017-01-12,BRH7_2017,56.68,1272065720.66,38228
2017-01-13,BRH7_2017,56.14,676389654.02,20191
2017-01-16,BRH7_2017,55.8,504862615.21,15071
2017-01-17,BRH7_2017,56.24,978565413.01,29116
2017-01-18,BRH7_2017,54.92,1060749062.08,32182
2017-01-19,BRH7_2017,55.12,1055871218.37,32097
2017-01-20,BRH7_2017,56.21,1128043283.65,34154
2017-01-23,BRH7_2017,55.25,1517901637.73,45993
2017-01-24,BRH7_2017,55.98,1725129258.04,52065
2017-01-25,BRH7_2017,55.95,1755065928.81,53256
2017-01-26,BRH7_2017,56.62,5064756657.31,149742
2017-01-27,BRH7_2017,55.74,6591615257.57,196506
2017-01-30,BRH7_2017,55.21,13990376882.48,420622
2017-01-31,BRH7_2017,56.35,31906093048.7,958094
2017-02-01,BRH7_2017,56.11,46681813978.01,1387529
2017-02-02,BRH7_2017,56.57,75878600747.49,2245832
2017-02-03,BRH7_2017,57.16,49753898746.28,1486619
2017-02-06,BRH7_2017,56.07,35876951226.01,1072361
2017-02-07,BRH7_2017,55.06,45547526196.51,1384827
2017-02-08,BRH7_2017,55.11,54445064975.49,1673877
2017-02-09,BRJ7_2017,55.94,505004688.04,15339
2017-02-10,BRJ7_2017,57.05,542212152.93,16332
2017-02-13,BRJ7_2017,56.09,600360001.81,18230
2017-02-14,BRJ7_2017,56.51,408610352.89,12620
2017-02-15,BRJ7_2017,56.06,431314122.92,13366
2017-02-16,BRJ7_2017,55.74,689523674.7,21371
2017-02-17,BRJ7_2017,55.75,779498158.67,24014
2017-02-20,BRJ7_2017,56.43,898450516.24,27480
2017-02-21,BRJ7_2017,56.78,2036070474.09,62108
2017-02-22,BRJ7_2017,56.02,1813177193.82,55315
2017-02-24,BRJ7_2017,56.48,2127317340.58,64635
2017-02-27,BRJ7_2017,56.66,5561436120.5,168908
2017-02-28,BRJ7_2017,55.88,19000006214.18,580351
2017-03-01,BRJ7_2017,56.72,37903278376.45,1146923
2017-03-02,BRJ7_2017,55.42,50363135038.19,1533166
2017-03-03,BRJ7_2017,55.5,35154804941.25,1086475
2017-03-06,BRJ7_2017,56.07,40037240924.76,1237447
2017-03-07,BRJ7_2017,56.04,35786429446.82,1096439
2017-03-09,BRJ7_2017,52.16,93328040663.98,2958182
2017-03-10,BRJ7_2017,51.72,62944186076.52,2045250
2017-03-13,BRK7_2017,51.54,800708419.88,26307
2017-03-14,BRK7_2017,51.02,1167224936.09,38451
2017-03-15,BRK7_2017,51.77,766570374.29,25121
2017-03-16,BRK7_2017,51.98,742805789.94,24601
2017-03-17,BRK7_2017,51.85,485565448.66,16182
2017-03-20,BRK7_2017,51.65,663194425.22,22409
2017-03-21,BRK7_2017,51.32,618189136.79,20730
2017-03-22,BRK7_2017,50.78,1040284572.33,35373
2017-03-23,BRK7_2017,50.76,829932609.72,28389
2017-03-24,BRK7_2017,50.78,643688632.92,22173
2017-03-27,BRK7_2017,50.9,1986873625.2,68956
2017-03-28,BRK7_2017,51.78,4377740867.7,149756
2017-03-29,BRK7_2017,52.32,7069576242.83,240802
2017-03-30,BRK7_2017,53.19,10946817505.6,371638
2017-03-31,BRK7_2017,53.1,20744273547.36,693220
2017-04-03,BRK7_2017,53.18,28341447835.22,941048
2017-04-04,BRK7_2017,53.95,25503151234.94,850300
2017-04-05,BRK7_2017,54.37,36807265638.95,1200877
2017-04-06,BRK7_2017,54.7,30806036085.59,1002094
2017-04-07,BRM7_2017,55.45,793514746.92,25011
2017-04-10,BRM7_2017,56.13,459736908.82,14339
2017-04-11,BRM7_2017,56.01,333168480.75,10383
2017-04-12,BRM7_2017,56.45,725917967.01,22514
2017-04-13,BRM7_2017,56.15,461444489.45,14593
2017-04-14,BRJ8_2018,57.05,192794.96,6
2017-04-17,BRZ7_2017,56.7,126474.3,4
2017-04-18,BRJ8_2018,56.18,541361.05,17
2017-04-19,BRJ8_2018,56.5,63723.81,2
2017-04-20,BRJ8_2018,54.7,401614.93,13
2017-04-21,BRJ8_2018,52.9,4078924.89,137
2017-04-24,BRJ8_2018,53.6,1398690.62,47
2017-04-25,BRJ8_2018,53.3,1496537.09,50
2017-04-26,BRH8_2018,53.35,552503.91,18
2017-04-27,BRH8_2018,53.0,306698.91,10
2017-04-28,BRH8_2018,54.62,330694.15,11
2017-05-02,BRH8_2018,53.75,637684.47,21
2017-05-03,BRH8_2018,53.0,303585.1,10
2017-05-04,BRH8_2018,51.73,331115.47,11
2017-05-05,BRJ8_2018,51.5,475521.49,16
2017-05-10,BRG8_2018,51.7,0.0,0
2017-05-11,BRG8_2018,52.58,0.0,0
2017-05-12,BRJ8_2018,52.3,59634.23,2
2017-05-15,BRG8_2018,53.56,0.0,0
2017-05-16,BRG8_2018,53.0,0.0,0
2017-05-17,BRK8_2018,53.8,183441.83,6
2017-05-18,BRJ8_2018,53.38,122680.74,4
2017-05-19,BRG8_2018,54.5,61778.92,2
2017-05-22,BRG8_2018,55.37,0.0,0
2017-05-23,BRJ8_2018,56.0,126038.08,4
2017-05-24,BRG8_2018,55.44,0.0,0
2017-05-25,BRH8_2018,55.7,502384.33,16
2017-05-26,BRG8_2018,53.2,90605.41,3
2017-05-29,BRH8_2018,54.55,30735.98,1
2017-05-30,BRJ8_2018,54.09,306100.49,10
2017-05-31,BRJ8_2018,52.38,90147.65,3
2017-06-01,BRJ8_2018,53.0,1075458.75,36
2017-06-02,BRM8_2018,52.0,59493.32,2
2017-06-05,BRH8_2018,51.65,58531.02,2
2017-06-06,BRG8_2018,50.93,0.0,0
2017-06-07,BRJ8_2018,51.0,116232.08,4
2017-06-08,BRH8_2018,50.75,28876.85,1
2017-06-09,BRH8_2018,49.98,726295.43,26
2017-06-13,BRG8_2018,50.0,0.0,0
2017-06-14,BRH8_2018,50.0,28531.5,1
2017-06-15,BRJ8_2018,49.6,575172.18,20
2017-06-16,BRG8_2018,48.88,0.0,0
2017-06-19,BRG8_2018,48.88,0.0,0
2017-06-20,BRM8_2018,49.19,528844.48,18
2017-06-21,BRG8_2018,48.29,86560.99,3
2017-06-22,BRM8_2018,48.6,116209.2,4
2017-06-23,BRH8_2018,48.06,514794.42,18
2017-06-26,BRH8_2018,48.04,0.0,0
2017-06-27,BRJ8_2018,49.32,29075.67,1
2017-06-28,BRM8_2018,50.05,175281.74,6
2017-06-29,BRM8_2018,50.6,29959.15,1
2017-06-30,BRH8_2018,50.2,3438243.81,118
2017-07-03,BRH8_2018,50.8,301716.24,10
2017-07-04,BRN8_2018,52.0,30846.14,1
2017-07-05,BRN8_2018,51.5,185798.96,6
2017-07-06,BRH8_2018,50.89,90890.42,3
2017-07-07,BRH8_2018,48.97,29614.46,1
2017-07-10,BRH8_2018,48.97,0.0,0
2017-07-11,BRN8_2018,48.54,60854.58,2
2017-07-12,BRJ8_2018,50.0,360421.8,12
2017-07-13,BRH8_2018,50.4,0.0,0
2017-07-14,BRN8_2018,52.42,213709.3,7
2017-07-17,BRH8_2018,51.28,0.0,0
2017-07-18,BRH8_2018,51.28,0.0,0
2017-07-19,BRM8_2018,51.89,30589.26,1
2017-07-20,BRN8_2018,52.02,834598.84,28
2017-07-21,BRJ8_2018,51.39,0.0,0
2017-07-24,BRN8_2018,50.7,274545.49,9
2017-07-25,BRM8_2018,51.63,30969.58,1
2017-07-26,BRQ8_2018,53.29,622546.56,20
2017-07-27,BRQ8_2018,53.0,94474.77,3
2017-07-28,BRQ8_2018,53.52,31876.08,1
2017-07-31,BRQ8_2018,54.3,4067568.81,125
2017-08-01,BRQ8_2018,53.46,259995.65,8
2017-08-02,BRQ8_2018,53.97,448923.62,14
2017-08-03,BRM8_2018,54.08,32541.34,1
2017-08-04,BRN8_2018,53.1,253509.93,8
2017-08-07,BRN8_2018,53.9,260985.49,8
2017-08-08,BRQ8_2018,53.99,64568.26,2
2017-08-09,BRJ8_2018,53.36,0.0,0
2017-08-10,BRQ8_2018,53.58,1107934.86,34
2017-08-11,BRQ8_2018,53.19,255355.77,8
2017-08-14,BRQ8_2018,53.36,31809.6,1
2017-08-15,BRJ8_2018,51.55,0.0,0
2017-08-16,BRJ8_2018,52.2,0.0,0
2017-08-17,BRQ8_2018,52.36,276972.99,9
2017-08-18,BRJ8_2018,51.1,851296.43,28
2017-08-21,BRN8_2018,52.61,216854.16,7
2017-08-22,BRM8_2018,52.9,0.0,0
2017-08-23,BRM8_2018,51.93,0.0,0
2017-08-24,BRM8_2018,52.59,0.0,0
2017-08-25,BRQ8_2018,53.35,679404.8,22
2017-08-28,BRQ8_2018,51.86,184215.79,6
2017-08-29,BRU8_2018,51.05,631119.48,21
2017-08-30,BRU8_2018,52.0,121486.16,4
2017-08-31,BRU8_2018,51.8,507075.02,17
2017-09-01,BRQ8_2018,53.1,151729.3,5
2017-09-04,BRM8_2018,53.08,0.0,0
2017-09-05,BRN8_2018,53.47,122539.51,4
2017-09-06,BRQ8_2018,54.49,61827.4,2
2017-09-07,BRQ8_2018,54.2,123602.68,4
2017-09-08,BRU8_2018,54.2,341749.28,11
2017-09-11,BRQ8_2018,53.2,60791.69,2
2017-09-12,BRU8_2018,53.8,62281.93,2
2017-09-13,BRM8_2018,54.12,0.0,0
2017-09-14,BRU8_2018,54.45,125132.26,4
2017-09-15,BRU8_2018,54.45,94036.17,3
2017-09-18,BRK8_2018,55.63,32274.97,1
2017-09-19,BRU8_2018,55.18,413994.42,13
2017-09-20,BRQ8_2018,55.28,31943.27,1
2017-09-21,BRM8_2018,54.98,0.0,0
2017-09-22,BRU8_2018,55.55,31959.14,1
2017-09-25,BRQ8_2018,56.72,32644.57,1
2017-09-26,BRV8_2018,56.83,164194.55,5
2017-09-27,BRV8_2018,57.8,2077189.47,61
2017-09-28,BRU8_2018,57.47,300256.4,9
2017-09-29,BRU8_2018,56.48,162570.41,5
2017-10-02,BRM8_2018,55.3,709392.36,22
2017-10-03,BRU8_2018,55.69,96888.59,3
2017-10-04,BRM8_2018,54.92,0.0,0
2017-10-05,BRV8_2018,55.83,64239.28,2
2017-10-06,BRN8_2018,55.18,129770.39,4
2017-10-09,BRM8_2018,55.53,0.0,0
2017-10-10,BRV8_2018,56.23,32562.68,1
2017-10-11,BRU8_2018,55.8,258533.32,8
2017-10-12,BRV8_2018,55.39,129008.78,4
2017-10-13,BRQ8_2018,55.85,9170363.49,288
2017-10-16,BRQ8_2018,56.2,64382.05,2
2017-10-17,BRQ8_2018,56.62,8471434.79,257
2017-10-18,BRV8_2018,57.65,66266.94,2
2017-10-19,BRQ8_2018,57.56,32987.35,1
2017-10-20,BRN8_2018,56.95,0.0,0
2017-10-23,BRN8_2018,57.03,0.0,0
2017-10-24,BRN8_2018,56.52,0.0,0
2017-10-25,BRQ8_2018,56.92,32820.87,1
2017-10-26,BRN8_2018,57.77,0.0,0
2017-10-27,BRU8_2018,58.64,170460.47,5
2017-10-30,BRN8_2018,60.04,34765.5,1
2017-10-31,BRN8_2018,59.36,0.0,0
2017-11-01,BRV8_2018,59.98,104725.26,3
2017-11-02,BRX8_2018,60.05,524562.17,15
2017-11-03,BRX8_2018,59.8,1293682.75,37
2017-11-07,BRV8_2018,62.2,1218895.33,34
2017-11-08,BRX8_2018,62.4,1783650.73,48
2017-11-09,BRQ8_2018,62.87,666714.68,18
2017-11-10,BRQ8_2018,63.11,74474.98,2
2017-11-13,BRV8_2018,62.62,37200.04,1
2017-11-14,BRN8_2018,61.99,1505764.19,40
2017-11-15,BRV8_2018,61.0,183438.11,5
2017-11-16,BRQ8_2018,60.6,36228.86,1
2017-11-17,BRU8_2018,61.15,0.0,0
2017-11-20,BRU8_2018,61.0,0.0,0
2017-11-21,BRU8_2018,61.58,0.0,0
2017-11-22,BRU8_2018,61.91,36365.13,1
2017-11-23,BRX8_2018,63.19,36904.1,1
2017-11-24,BRV8_2018,62.86,258084.27,7
2017-11-27,BRX8_2018,62.3,515167.65,14
2017-11-28,BRX8_2018,62.34,36410.3,1
2017-11-29,BRZ8_2018,61.71,472090.49,13
2017-11-30,BRV8_2018,62.5,145131.87,4
2017-12-01,BRV8_2018,61.64,36078.39,1
2017-12-04,BRU8_2018,61.55,0.0,0
2017-12-05,BRZ8_2018,61.05,145267.64,4
2017-12-06,BRV8_2018,61.54,619854.7,17
2017-12-07,BRV8_2018,60.93,72135.0,2
2017-12-08,BRV8_2018,62.1,110383.11,3
2017-12-11,BRU8_2018,61.77,185615.88,5
2017-12-12,BRU8_2018,62.61,186048.07,5
2017-12-13,BRZ8_2018,61.2,145501.53,4
2017-12-14,BRU8_2018,61.2,0.0,0
2017-12-15,BRU8_2018,61.35,0.0,0
2017-12-18,BRU8_2018,61.53,0.0,0
2017-12-19,BRU8_2018,62.24,0.0,0
2017-12-20,BRX8_2018,62.7,108748.36,3
2017-12-21,BRX8_2018,62.4,257122.76,7
2017-12-22,BRU8_2018,62.86,0.0,0
2017-12-25,BRZ8_2018,62.45,72327.55,2
2017-12-26,BRV8_2018,62.96,108958.8,3
2017-12-27,BRV8_2018,64.6,678058.75,18
2017-12-28,BRF9,62.25,3581678.0,100
2017-12-29,BRF9,65.83,3828939.22,101
2018-01-03,BRF8_2018,66.6,0.0,0
2018-01-04,BRF9,65.6,150259.0,4
2018-01-05,BRU8_2018,65.5,0.0,0
2018-01-09,BRZ8_2018,66.0,646798.92,17
2018-01-10,BRZ8_2018,67.0,151604.35,4
2018-01-11,BRV8_2018,63.61,366969.02,10
2018-01-12,BRZ8_2018,67.52,38184.25,1
2018-01-15,BRV8_2018,68.45,77254.02,2
2018-01-16,BRZ8_2018,67.8,1453082.2,38
2018-01-17,BRX8_2018,68.0,501308.86,13
2018-01-18,BRF9,67.47,151272.7,4
2018-01-19,BRV8_2018,65.68,0.0,0
2018-01-22,BRX8_2018,66.21,449116.69,12
2018-01-23,BRZ8_2018,66.08,373804.95,10
2018-01-24,BRZ8_2018,66.81,112885.77,3
2018-01-25,BRX8_2018,67.18,1163784.98,31
2018-01-26,BRV8_2018,67.65,113886.94,3
2018-01-29,BRV8_2018,67.65,0.0,0
2018-01-30,BRX8_2018,65.91,222077.64,6
2018-01-31,BRV8_2018,66.17,0.0,0
2018-02-01,BRV8_2018,66.75,112726.97,3
2018-02-02,BRZ8_2018,65.04,1100047.5,30
2018-02-05,BRX8_2018,64.49,700608.27,19
2018-02-06,BRX8_2018,64.24,590245.17,16
2018-02-07,BRX8_2018,64.24,183300.5,5
2018-02-08,BRX8_2018,63.15,831889.31,23
2018-02-09,BRZ8_2018,60.65,862771.34,24
2018-02-12,BRG9,61.0,1730791.13,50
2018-02-13,BRZ8_2018,59.5,1282713.5,37
2018-02-14,BRX8_2018,59.9,1099757.01,32
2018-02-15,BRX8_2018,60.6,1136581.97,33
2018-02-16,BRX8_2018,61.71,173303.38,5
2018-02-19,BRZ8_2018,61.16,1104546.07,32
2018-02-20,BRX8_2018,62.65,813726.5,23
2018-02-21,BRX8_2018,61.56,662102.88,19
2018-02-22,BRX8_2018,62.8,459099.58,13
2018-02-26,BRX8_2018,64.3,215858.96,6
2018-02-27,BRH9,64.77,145205.25,4
2018-02-28,BRG9,63.67,143132.61,4
2018-03-01,BRX8_2018,61.26,743075.7,21
2018-03-02,BRZ8_2018,60.56,908547.2,26
2018-03-05,BRX8_2018,62.4,390563.68,11
2018-03-06,BRH9,62.4,458459.54,13
2018-03-07,BRF9,62.5,70912.76,2
2018-03-09,BRZ8_2018,62.0,70162.66,2
2018-03-12,BRH9,63.26,2167031.28,60
2018-03-13,BRZ8_2018,62.25,320283.97,9
2018-03-14,BRZ8_2018,61.9,212569.08,6
2018-03-15,BRH9,62.05,141530.81,4
2018-03-16,BRX8_2018,63.51,219457.78,6
2018-03-19,BRX8_2018,64.0,73989.69,2
2018-03-20,BRG9,63.71,585406.22,16
2018-03-21,BRG9,64.4,737883.6,20
2018-03-22,BRX8_2018,65.78,225932.52,6
2018-03-23,BRG9,65.3,185647.69,5
2018-03-26,BRZ8_2018,66.85,76670.64,2
2018-03-27,BRZ8_2018,66.5,38162.62,1
2018-03-28,BRZ8_2018,66.76,38485.4,1
2018-03-29,BRJ9,63.08,749866.06,20
2018-03-30,BRZ8_2018,65.5,0.0,0
2018-04-02,BRZ8_2018,66.7,38404.33,1
2018-04-03,BRG9,64.67,74011.95,2
2018-04-04,BRZ8_2018,64.5,111100.28,3
2018-04-05,BRH9,64.64,74025.36,2
2018-04-06,BRZ8_2018,65.0,0.0,0
2018-04-09,BRZ8_2018,65.5,390349.77,10
2018-04-10,BRZ8_2018,66.99,83972.94,2
2018-04-11,BRZ8_2018,67.7,260544.75,6
2018-04-12,BRZ8_2018,67.01,163257.94,4
2018-04-13,BRH9,66.72,1035796.25,25
2018-04-16,BRJ9,68.0,973418.26,23
2018-04-17,BRF9,67.01,41233.13,1
2018-04-18,BRZ8_2018,67.75,82767.06,2
2018-04-19,BRZ8_2018,70.15,213970.52,5
2018-04-20,BRZ8_2018,69.67,0.0,0
2018-04-23,BRF9,69.67,0.0,0
2018-04-24,BRF9,70.22,0.0,0
2018-04-25,BRH9,68.84,127955.84,3
2018-04-26,BRK9,73.0,458049.73,10
2018-04-27,BRK9,69.1,5223599.75,119
2018-04-28,BRK9,69.16,42985.57,1
2018-04-30,BRF9,70.01,0.0,0
2018-05-02,BRF9,69.01,44080.97,1
2018-05-03,BRH9,67.43,42853.38,1
2018-05-04,BRF9,69.5,0.0,0
2018-05-07,BRF9,70.99,44521.17,1
2018-05-08,BRK9,70.48,451252.54,10
2018-05-10,BRK9,72.08,9608401.86,220
2018-05-11,BRF9,73.41,0.0,0
2018-05-14,BRJ9,73.7,45528.18,1
2018-05-15,BRK9,74.1,138950.79,3
2018-05-16,BRH9,73.54,182157.87,4
2018-05-17,BRK9,74.41,689734.62,15
2018-05-18,BRK9,75.0,327027.27,7
2018-05-21,BRK9,75.0,138648.38,3
2018-05-22,BRJ9,76.38,466348.84,10
2018-05-23,BRK9,75.1,507456.93,11
2018-05-24,BRJ9,76.37,93981.19,2
2018-05-25,BRK9,74.35,693576.21,15
2018-05-28,BRH9,72.01,89841.45,2
2018-05-29,BRJ9,73.09,228604.29,5
2018-05-30,BRJ9,73.5,500960.26,11
2018-05-31,BRH9,73.99,184572.72,4
2018-06-01,BRK9,73.62,136916.09,3
2018-06-04,BRH9,72.93,316601.76,7
2018-06-05,BRH9,72.11,315827.18,7
2018-06-06,BRH9,72.5,44926.08,1
2018-06-07,BRH9,73.99,180031.4,4
2018-06-08,BRG9,74.99,46850.6,1
2018-06-09,BRK9,76.47,238053.83,5
2018-06-11,BRG9,73.54,0.0,0
2018-06-13,BRK9,72.31,225765.44,5
2018-06-14,BRG9,73.4,0.0,0
2018-06-15,BRJ9,71.3,181144.74,4
2018-06-18,BRM9,70.95,90178.53,2
2018-06-19,BRK9,70.94,566655588.27,12532
2018-06-20,BRJ9,72.0,45713.66,1
2018-06-21,BRJ9,71.15,272890.49,6
2018-06-22,BRJ9,72.34,227237.19,5
2018-06-25,BRK9,72.73,91815.99,2
2018-06-26,BRK0,68.24,193885380.0,4500
2018-06-27,BRH9,74.99,703455.42,15
2018-06-28,BRJ9,76.12,239743.75,5
2018-06-29,BRH9,75.92,0.0,0
2018-07-02,BRN9,75.84,376627.54,8
2018-07-03,BRN9,73.66,186362.76,4
2018-07-04,BRJ9,75.5,47779.8,1
2018-07-05,BRN9,74.3,46854.99,1
2018-07-06,BRK9,74.45,93751.9,2
2018-07-09,BRH9,75.69,0.0,0
2018-07-10,BRN9,74.06,91828.29,2
2018-07-11,BRH9,75.84,470664.16,10
2018-07-12,BRH9,73.01,965695.92,21
2018-07-13,BRN9,74.64,683975.39,15
2018-07-16,BRM9,72.01,183083.74,4
2018-07-17,BRH9,71.9,2099848.82,47
2018-07-18,BRK9,72.6,272616.4,6
2018-07-19,BRX0,72.0,91614.96,2
2018-07-20,BRJ9,72.0,411381.89,9
2018-07-23,BRK9,72.29,182115.76,4
2018-07-24,BRJ9,72.83,182816.18,4
2018-07-25,BRK9,73.4,0.0,0
2018-07-26,BRQ9,76.6,339975.95,7
2018-07-27,BRK9,74.2,0.0,0
2018-07-30,BRX0,73.16,45576.05,1
2018-07-31,BRJ9,74.23,46312.77,1
2018-08-01,BRQ9,73.63,324073.91,7
2018-08-02,BRQ9,74.05,789320.56,17
2018-08-03,BRQ9,73.3,324131.02,7
2018-08-06,BRQ9,74.0,141241.95,3
2018-08-07,BRK9,73.75,187152.42,4
2018-08-08,BRK9,72.41,93703.02,2
2018-08-09,BRJ9,72.05,481088.14,10
2018-08-10,BRQ9,72.09,48721.16,1
2018-08-13,BRK9,72.62,0.0,0
2018-08-14,BRJ9,72.41,96429.1,2
2018-08-15,BRK9,71.12,0.0,0
2018-08-16,BRQ9,70.6,332118.68,7
2018-08-17,BRK9,71.88,0.0,0
2018-08-20,BRK9,72.13,0.0,0
2018-08-21,BRK9,72.66,0.0,0
2018-08-22,BRK9,73.99,0.0,0
2018-08-23,BRN9,75.0,102169.2,2
2018-08-24,BRX0,77.0,51968.92,1
2018-08-27,BRK9,76.1,0.0,0
2018-08-28,BRQ9,75.8,566435.77,11
2018-08-29,BRQ9,75.37,154683.55,3
2018-08-30,BRX0,79.9,545061.27,10
2018-08-31,BRU9,77.0,104131.42,2
2018-09-03,BRX0,78.36,53345.29,1
2018-09-04,BRX0,79.0,378621.55,7
2018-09-05,BRX0,77.99,53361.69,1
2018-09-06,BRX0,77.0,317691.63,6
2018-09-07,BRQ9,76.27,105841.05,2
2018-09-10,BRX0,77.0,108387.04,2
2018-09-11,BRK9,77.0,53610.87,1
2018-09-12,BRX9,78.6,109099.43,2
2018-09-13,BRQ9,76.0,52082.95,1
2018-09-14,BRU9,77.06,313928.58,6
2018-09-17,BRX0,75.45,51308.26,1
2018-09-18,BRX0,77.01,259975.61,5
2018-09-19,BRX0,77.18,41442757.19,805
2018-09-20,BRX0,75.51,40140602.58,800
2018-09-21,BRX9,78.69,29864577.0,570
2018-09-24,BRX9,76.9,28805685.48,570
2018-09-25,BRX9,80.35,42307257.25,800
2018-09-26,BRK0,80.0,487322724.38,10013
2018-09-27,BRX0,77.44,236072805.26,5001
2018-09-28,BRK0,79.2,37658978.95,735
2018-10-01,BRV9,81.5,426034.4,8
2018-10-02,BRX0,80.37,1379812.23,26
2018-10-03,BRV9,81.6,53606.71,1
2018-10-04,BRM9,84.11,0.0,0
2018-10-05,BRX9,81.14,330610.57,6
2018-10-08,BRX9,80.8,53842.13,1
2018-10-09,BRU9,82.0,54524.83,1
2018-10-10,BRX9,82.9,52728217.41,955
2018-10-11,BRX9,79.5,51887552.27,972
2018-10-12,BRV9,77.31,51185.02,1
2018-10-15,BRV9,80.55,103725.94,2
2018-10-16,BRN9,79.25,0.0,0
2018-10-17,BRV9,77.92,50926.72,1
2018-10-18,BRN9,77.9,0.0,0
2018-10-19,BRU9,78.84,103443.12,2
2018-10-22,BRN9,78.23,0.0,0
2018-10-23,BRV9,76.08,100473.77,2
2018-10-24,BRV9,75.75,199193.59,4
2018-10-25,BRV9,76.08,49865.27,1
2018-10-26,BRN9,75.84,0.0,0
2018-10-29,BRV9,76.08,49903.92,1
2018-10-30,BRV9,74.5,97726.51,2
2018-10-31,BRN9,75.61,0.0,0
2018-11-01,BRK0,72.51,47611.3,1
2018-11-02,BRN9,72.96,141822.51,3
2018-11-06,BRQ9,72.49,47789.54,1
2018-11-07,BRX0,70.8,46832.78,1
2018-11-08,BRN9,71.41,0.0,0
2018-11-09,BRN9,70.56,332126.48,7
2018-11-12,BRN9,72.05,0.0,0
2018-11-13,BRX0,69.99,95014.78,2
2018-11-14,BRQ9,66.98,89848.45,2
2018-11-15,BRQ9,67.58,0.0,0
2018-11-16,BRQ9,68.31,44972.09,1
2018-11-19,BRQ9,66.71,0.0,0
2018-11-20,BRV9,65.68,43398.39,1
2018-11-21,BRV9,65.64,128700.82,3
2018-11-22,BRQ9,64.02,0.0,0
2018-11-23,BRU9,62.3,413859.62,10
2018-11-26,BRV9,61.0,81784.54,2
2018-11-27,BRV9,61.0,122726.22,3
2018-11-28,BRV9,62.95,42423.45,1
2018-11-29,BRQ9,60.8,354675.4,9
2018-11-30,BRZ9,59.5,2788081.03,70
2018-12-03,BRZ9,63.34,618961.47,15
2018-12-04,BRV9,64.99,86572.66,2
2018-12-05,BRQ9,63.64,0.0,0
2018-12-06,BRZ9,60.34,163110.16,4
2018-12-07,BRZ9,62.43,497536.72,12
2018-12-10,BRZ9,63.4,383352.28,9
2018-12-11,BRV9,61.1,120355.03,3
2018-12-12,BRQ9,61.46,40748.1,1
2018-12-13,BRQ9,61.35,40689.65,1
2018-12-14,BRZ9,61.05,164498.57,4
2018-12-17,BRZ9,62.59,166343.91,4
2018-12-18,BRZ9,59.99,281274.43,7
2018-12-19,BRZ9,57.52,158682.26,4
2018-12-20,BRZ9,55.01,586328.91,15
2018-12-21,BRZ9,57.0,117179.81,3
2018-12-24,BRV9,54.42,37159.23,1
2018-12-25,BRZ9,53.06,774381.15,22
2018-12-26,BRZ9,53.65,147293.68,4
2018-12-27,BRZ9,57.23,348048.58,9
2018-12-28,BRU9,54.56,0.0,0
2018-12-29,BRU9,55.08,0.0,0
2019-01-03,BRU9,58.53,199775.56,5
2019-01-04,BRU9,60.16,81368.16,2
2019-01-08,BRU9,59.87,0.0,0
2019-01-09,BRU9,61.98,502696.0,12
2019-01-10,BRZ9,63.05,257299.88,6
2019-01-11,BRF0,65.39,43871.65,1
2019-01-14,BRU9,61.67,0.0,0
2019-01-15,BRF0,61.61,207218.02,5
2019-01-16,BRF0,61.86,736864.28,18
2019-01-17,BRZ9,63.0,500559.83,12
2019-01-18,BRF0,62.72,41546.73,1
2019-01-21,BRZ9,63.94,84719.64,2
2019-01-22,BRV9,61.86,0.0,0
2019-01-23,BRV9,63.36,41958.07,1
2019-01-24,BRF0,61.5,81154.88,2
2019-01-25,BRV9,62.33,0.0,0
2019-01-28,BRF0,61.5,203935.44,5
2019-01-29,BRZ9,61.0,483112.37,12
2019-01-30,BRG0,61.8,40834.84,1
2019-01-31,BRV9,63.08,0.0,0
2019-02-01,BRZ9,62.16,40786.1,1
2019-02-04,BRV9,64.27,126617.73,3
2019-02-05,BRZ9,63.05,165196.12,4
2019-02-06,BRG0,61.56,40529.13,1
2019-02-07,BRF0,64.43,42440.94,1
2019-02-08,BRG0,62.9,41356.25,1
2019-02-11,BRV9,61.63,0.0,0
2019-02-12,BRZ9,63.0,289681.0,7
2019-02-13,BRV9,63.48,0.0,0
2019-02-14,BRV9,64.8,130302.25,3
2019-02-15,BRF0,66.15,131010.48,3
2019-02-18,BRF0,65.56,303568.9,7
2019-02-19,BRZ9,66.58,43989.87,1
2019-02-20,BRZ9,65.65,128333.71,3
2019-02-21,BRZ9,66.9,43785.51,1
2019-02-22,BRG0,68.62,44928.6,1
2019-02-25,BRZ9,65.32,0.0,0
2019-02-26,BRH0,63.25,86110.02,2
2019-02-27,BRZ9,65.98,0.0,0
2019-02-28,BRG0,67.95,401312.46,9
2019-03-01,BRZ9,65.32,85996.75,2
2019-03-04,BRZ9,65.34,85771.21,2
2019-03-05,BRG0,65.86,216795.65,5
2019-03-06,BRZ9,65.35,0.0,0
2019-03-07,BRZ9,65.95,0.0,0
2019-03-11,BRF0,64.55,394286.45,9
2019-03-12,BRZ9,65.84,173268.6,4
2019-03-13,BRH0,68.44,88860.91,2
2019-03-14,BRZ9,67.45,44225.35,1
2019-03-15,BRZ9,66.39,0.0,0
2019-03-18,BRZ9,67.46,43471.16,1
2019-03-19,BRF0,68.3,347018.74,8
2019-03-20,BRZ9,67.5,216580.61,5
2019-03-21,BRZ9,67.68,0.0,0
2019-03-22,BRZ9,66.2,0.0,0
2019-03-25,BRG0,65.01,84751.35,2
2019-03-26,BRZ9,67.05,0.0,0
2019-03-27,BRZ9,66.43,0.0,0
2019-03-28,BRZ9,65.5,42650.0,1
2019-03-29,BRJ0,65.9,520241.26,12
2019-04-01,BRZ9,67.57,44169.02,1
2019-04-02,BRZ9,67.75,704937.49,16
2019-04-03,BRH0,65.85,87173.4,2
2019-04-04,BRF0,66.68,130910.46,3
2019-04-05,BRJ0,68.03,1008162.12,23
2019-04-08,BRZ9,68.37,222227.61,5
2019-04-09,BRF0,68.81,133980.26,3
2019-04-10,BRF0,68.8,88520.45,2
2019-04-11,BRZ9,68.95,0.0,0
2019-04-12,BRH0,68.0,87445.96,2
2019-04-15,BRJ0,69.76,89394.96,2
2019-04-16,BRZ9,69.25,0.0,0
2019-04-17,BRJ0,69.92,44704.61,1
2019-04-18,BRJ0,69.68,44563.01,1
2019-04-19,BRZ9,69.65,0.0,0
2019-04-22,BRF0,71.0,90016.8,2
2019-04-23,BRF0,71.0,0.0,0
2019-04-24,BRF0,71.0,0.0,0
2019-04-25,BRJ0,70.95,91839.66,2
2019-04-26,BRF0,69.45,90314.7,2
2019-04-29,BRF0,69.15,44604.38,1
2019-04-30,BRF0,69.47,0.0,0
2019-05-02,BRH0,67.0,43890.83,1
2019-05-03,BRJ0,67.6,586549.8,13
2019-05-06,BRJ0,66.3,518218.63,12
2019-05-07,BRF0,67.29,0.0,0
2019-05-08,BRF0,67.0,43517.1,1
2019-05-10,BRF0,67.81,0.0,0
2019-05-13,BRG0,67.08,88636.84,2
2019-05-14,BRF0,67.25,43723.66,1
2019-05-15,BRF0,68.64,0.0,0
2019-05-16,BRF0,68.68,133900.71,3
2019-05-17,BRF0,69.6,0.0,0
2019-05-20,BRF0,69.17,0.0,0
2019-05-21,BRF0,69.18,89078.52,2
2019-05-22,BRF0,67.81,0.0,0
2019-05-23,BRG0,64.72,254712.25,6
2019-05-24,BRH0,63.81,82361.36,2
2019-05-27,BRG0,65.68,0.0,0
2019-05-28,BRG0,65.74,0.0,0
2019-05-29,BRM0,68.92,1343991.83,30
2019-05-30,BRM0,64.36,84247.43,2
2019-05-31,BRM0,63.74,740340.95,18
2019-06-03,BRH0,60.33,2232924.91,56
2019-06-04,BRG0,60.24,0.0,0
2019-06-05,BRG0,58.02,114624.16,3
2019-06-06,BRM0,60.22,39231.22,1
2019-06-07,BRG0,59.52,116757.13,3
2019-06-10,BRG0,60.95,0.0,0
2019-06-11,BRG0,60.37,0.0,0
2019-06-13,BRH0,60.0,77477.66,2
2019-06-14,BRG0,59.95,837225.69,22
2019-06-17,BRG0,60.5,2400537.39,62
2019-06-18,BRM0,62.13,39781.71,1
2019-06-19,BRM0,61.73,78587.1,2
2019-06-20,BRG0,61.97,2532061.71,66
2019-06-21,BRJ0,63.0,39868.98,1
2019-06-24,BRH0,63.23,39704.08,1
2019-06-25,BRH0,63.04,314910.96,8
2019-06-26,BRM0,64.18,80842.13,2
2019-06-27,BRN0,66.0,41647.91,1
2019-06-28,BRM0,64.34,122602.53,3
2019-07-01,BRN0,66.55,669293.84,16
2019-07-02,BRN0,63.59,81642.92,2
2019-07-03,BRN0,62.65,120404.82,3
2019-07-04,BRH0,62.3,0.0,0
2019-07-05,BRH0,62.34,0.0,0
2019-07-08,BRH0,63.06,0.0,0
2019-07-09,BRH0,63.01,0.0,0
2019-07-10,BRM0,63.27,520453.83,13
2019-07-11,BRM0,64.48,364511.79,9
2019-07-12,BRM0,64.25,40534.68,1
2019-07-15,BRJ0,64.67,81263.88,2
2019-07-16,BRH0,64.5,81085.94,2
2019-07-17,BRN0,63.59,39970.64,1
2019-07-18,BRN0,61.2,3981679.06,101
2019-07-19,BRN0,62.15,232521.22,6
2019-07-22,BRN0,62.5,196437.74,5
2019-07-23,BRJ0,61.61,0.0,0
2019-07-24,BRN0,62.47,237032.9,6
2019-07-25,BRN0,63.15,681167.19,17
2019-07-26,BRM0,63.05,118823.6,3
2019-07-29,BRJ0,61.9,0.0,0
2019-07-30,BRQ0,62.78,39921.17,1
2019-07-31,BRQ0,61.91,39284.5,1
2019-08-01,BRJ0,62.2,79479.04,2
2019-08-02,BRN0,61.13,945096.7,24
2019-08-05,BRJ0,59.12,0.0,0
2019-08-06,BRJ0,58.55,114245.21,3
2019-08-07,BRM0,56.9,189852.74,5
2019-08-08,BRM0,56.98,37121.62,1
2019-08-09,BRJ0,57.33,0.0,0
2019-08-12,BRM0,56.1,36793.63,1
2019-08-13,BRJ0,59.0,153668.1,4
2019-08-14,BRQ0,58.87,770887.62,19
2019-08-15,BRJ0,56.75,0.0,0
2019-08-16,BRN0,57.01,0.0,0
2019-08-19,BRQ0,59.5,79511.76,2
2019-08-20,BRN0,58.0,0.0,0
2019-08-21,BRQ0,58.01,76305.96,2
2019-08-22,BRN0,59.08,0.0,0
2019-08-23,BRN0,57.22,76673.45,2
2019-08-26,BRN0,57.38,0.0,0
2019-08-27,BRN0,56.92,0.0,0
2019-08-28,BRN0,58.36,0.0,0
2019-08-29,BRN0,58.44,0.0,0
2019-08-30,BRU0,58.51,227709.44,6
2019-09-02,BRM0,57.89,153080.8,4
2019-09-03,BRU0,56.32,881883.28,23
2019-09-04,BRN0,58.17,269511.11,7
2019-09-05,BRN0,58.7,233014.15,6
2019-09-06,BRM0,58.73,115792.02,3
2019-09-09,BRN0,59.15,308212.49,8
2019-09-10,BRQ0,59.94,78837.58,2
2019-09-11,BRU0,61.04,78169.25,2
2019-09-12,BRN0,57.75,150874.55,4
2019-09-13,BRM0,58.59,75295.43,2
2019-09-16,BRN0,63.5,352605.33,9
2019-09-17,BRN0,60.0,394771.37,10
2019-09-18,BRU0,59.19,75690.9,2
2019-09-19,BRM0,58.36,766912.11,20
2019-09-20,BRU0,61.59,39378.98,1
2019-09-23,BRM0,59.65,421599.76,11
2019-09-24,BRN0,60.1,0.0,0
2019-09-25,BRM0,58.85,75591.7,2
2019-09-26,BRN0,59.63,1066660.25,28
2019-09-27,BRV0,59.13,76115.8,2
2019-09-30,BRV0,56.79,75390.35,2
2019-10-01,BRN0,58.39,300683.56,8
2019-10-02,BRU0,57.3,411436.54,11
2019-10-03,BRM0,57.14,37258.42,1
2019-10-04,BRM0,57.0,73601.59,2
2019-10-07,BRU0,56.02,148666.98,4
2019-10-08,BRN0,56.5,36884.95,1
2019-10-09,BRV0,55.1,73055.47,2
2019-10-10,BRN0,57.0,36779.99,1
2019-10-11,BRM0,58.2,4250939.41,116
2019-10-14,BRM0,57.25,74601.42,2
2019-10-15,BRN0,57.59,0.0,0
2019-10-16,BRN0,57.57,0.0,0
2019-10-17,BRN0,57.17,0.0,0
2019-10-18,BRQ0,56.8,73722.28,2
2019-10-21,BRQ0,55.76,145724.96,4
2019-10-22,BRQ0,57.5,73206.73,2
2019-10-23,BRQ0,57.9,73960.71,2
2019-10-24,BRN0,59.0,112956.22,3
2019-10-25,BRN0,58.88,75416.23,2
2019-10-28,BRN0,59.54,0.0,0
2019-10-29,BRN0,59.27,0.0,0
2019-10-30,BRQ0,58.26,37304.23,1
2019-10-31,BRU0,57.04,74773.05,2
2019-11-01,BRQ0,57.29,72855.59,2
2019-11-05,BRQ0,59.7,37980.3,1
2019-11-06,BRQ0,59.75,228159.42,6
2019-11-07,BRN0,60.35,115343.34,3
2019-11-08,BRQ0,58.0,186057.44,5
2019-11-11,BRN0,60.0,76525.83,2
2019-11-12,BRN0,59.52,0.0,0
2019-11-13,BRQ0,58.59,37708.35,1
2019-11-14,BRQ0,59.61,0.0,0
2019-11-15,BRV0,60.0,38280.36,1
2019-11-18,BRV0,59.76,38133.45,1
2019-11-19,BRU0,58.5,37346.4,1
2019-11-20,BRQ0,57.5,36750.49,1
2019-11-21,BRU0,59.69,113320.43,3
2019-11-22,BRQ0,60.05,0.0,0
2019-11-25,BRQ0,59.63,0.0,0
2019-11-26,BRQ0,59.89,230242.35,6
2019-11-27,BRZ0,60.35,349669.4,9
2019-11-28,BRZ0,60.3,154074.92,4
2019-11-29,BRZ0,59.9,193598.42,5
2019-12-02,BRZ0,58.83,601897.88,16
2019-12-03,BRZ0,57.36,73667.66,2
2019-12-04,BRZ0,58.92,336512.7,9
2019-12-05,BRQ0,59.7,229409.39,6
2019-12-06,BRQ0,60.21,153224.34,4
2019-12-09,BRZ0,59.0,2044803.63,54
2019-12-10,BRZ0,59.41,378513.92,10
2019-12-11,BRZ0,59.32,379613.29,10
2019-12-12,BRZ0,59.34,260515.69,7
2019-12-13,BRZ0,59.5,3141973.25,83
2019-12-16,BRV0,61.3,0.0,0
2019-12-17,BRZ0,60.85,605285.13,16
2019-12-18,BRV0,61.32,191461.6,5
2019-12-19,BRZ0,61.45,76591.19,2
2019-12-20,BRV0,62.19,38731.99,1
2019-12-23,BRZ0,61.16,1142971.54,30
2019-12-24,BRU0,61.86,76702.3,2
2019-12-25,BRU0,62.68,77459.2,2
2019-12-26,BRV0,62.2,194373.03,5
2019-12-27,BRV0,62.45,0.0,0
2019-12-30,BRV0,62.5,116122.41,3
2020-01-03,BRV0,63.77,272656.85,7
2020-01-06,BRV0,65.27,1098310.1,27
2020-01-08,BRV0,64.2,1882019.14,47
2020-01-09,BRZ0,61.22,959304.31,25
2020-01-10,BRF1,60.99,335769.19,9
2020-01-13,BRZ0,60.6,148749.76,4
2020-01-14,BRF1,60.6,519859.3,14
2020-01-15,BRZ0,60.5,111799.35,3
2020-01-16,BRZ0,61.0,840599.44,23
2020-01-17,BRU0,61.49,227498.78,6
2020-01-20,BRU0,61.79,76266.46,2
2020-01-21,BRZ0,60.38,1007854.17,27
2020-01-22,BRZ0,59.72,260457.08,7
2020-01-23,BRG1,59.3,630530.97,17
2020-01-24,BRV0,58.5,217030.51,6
2020-01-27,BRV0,56.19,1144502.86,32
2020-01-28,BRV0,57.15,1609242.12,46
2020-01-29,BRG1,56.74,71977.2,2
2020-01-30,BRV0,56.44,358785.98,10
2020-01-31,BRV0,56.3,397091.86,11
2020-02-03,BRV0,56.0,1449897.32,41
2020-02-04,BRF1,55.04,385935.48,11
2020-02-05,BRV0,56.22,246383.12,7
2020-02-06,BRV0,56.6,499618.55,14
2020-02-07,BRF1,56.36,72107.52,2
2020-02-10,BRV0,55.64,143221.94,4
2020-02-11,BRZ0,56.92,212644.15,6
2020-02-12,BRV0,57.46,396761.69,11
2020-02-13,BRV0,56.99,363972.88,10
2020-02-14,BRF1,59.06,526285.68,14
2020-02-17,BRZ0,58.11,1165150.13,32
2020-02-18,BRZ0,57.2,184222.7,5
2020-02-19,BRZ0,58.19,889890.09,24
2020-02-20,BRZ0,58.6,969400.6,26
2020-02-21,BRF1,59.0,420744.96,11
2020-02-25,BRG1,58.11,382818.58,10
2020-02-26,BRZ0,56.55,3722996.27,101
2020-02-27,BRZ0,53.5,428676.57,12
2020-02-28,BRZ0,51.03,246417.3,7
2020-03-02,BRH1,55.52,1433252.25,40
2020-03-03,BRZ0,53.54,2450044.36,69
2020-03-04,BRH1,55.55,220797.45,6
2020-03-05,BRZ0,51.65,173993.93,5
2020-03-06,BRF1,51.19,699048.51,20
2020-03-10,BRZ0,39.12,3675426.89,119
2020-03-11,BRZ0,41.2,812460.55,28
2020-03-12,BRZ0,42.72,1727276.24,55
2020-03-13,BRZ0,42.75,403466.56,13
2020-03-16,BRZ0,39.57,482456.09,16
2020-03-17,BRZ0,39.11,984188.69,33
2020-03-18,BRZ0,35.4,3829668.71,126
2020-03-19,BRZ0,37.0,3735919.5,127
2020-03-20,BRZ0,36.75,512358.49,17
2020-03-23,BRZ0,38.0,962031.07,33
2020-03-24,BRZ0,38.98,699047.09,23
2020-03-25,BRZ0,38.0,1400154.94,47
2020-03-26,BRZ0,38.69,360350.61,12
2020-03-27,BRZ0,38.7,426027.11,14
2020-03-30,BRZ0,37.0,512322.75,17
2020-03-31,BRH1,40.51,127255.06,4
2020-04-01,BRZ0,37.98,599006.32,20
2020-04-02,BRZ0,39.99,4253261.72,139
2020-04-03,BRZ0,38.36,2251709.04,75
2020-04-06,BRZ0,38.45,976661.09,33
2020-04-07,BRZ0,39.4,1132868.3,38
2020-04-08,BRZ0,39.25,648577.21,22
2020-04-09,BRH1,40.57,1847806.18,60
2020-04-10,BRZ0,39.65,586891.66,20
2020-04-13,BRZ0,40.41,470014.47,16
2020-04-14,BRZ0,41.42,567734.55,19
2020-04-15,BRZ0,38.55,2350277.23,79
2020-04-16,BRZ0,38.88,290129.92,10
2020-04-17,BRZ0,39.0,202226.19,7
2020-04-20,BRJ1,40.28,1118013.1,37
2020-04-21,BRZ0,37.72,4636461.19,163
2020-04-22,BRF1,37.12,446060.09,16
2020-04-23,BRF1,37.5,275822.42,10
2020-04-24,BRF1,35.17,134697.39,5
2020-04-27,BRJ1,36.5,2690044.94,96
2020-04-28,BRF1,33.99,400900.9,16
2020-04-29,BRG1,36.9,388470.15,15
2020-04-30,BRG1,37.15,707918.15,26
2020-05-04,BRH1,35.84,618638.33,23
2020-05-05,BRF1,36.45,238702.81,9
2020-05-06,BRG1,35.65,194464.23,7
2020-05-07,BRH1,37.0,327984.81,12
2020-05-08,BRK1,38.4,592043.01,21
2020-05-12,BRF1,35.81,236904.65,9
2020-05-13,BRG1,36.5,1001587.64,38
2020-05-14,BRG1,34.9,545567.59,21
2020-05-15,BRG1,36.06,427661.97,16
2020-05-18,BRK1,40.0,2273064.11,81
2020-05-19,BRG1,38.3,1950288.14,70
2020-05-20,BRG1,38.83,1092826.86,39
2020-05-21,BRF1,38.69,725083.73,26
2020-05-22,BRF1,38.3,1467628.29,54
2020-05-25,BRH1,39.84,141006.85,5
2020-05-26,BRG1,39.31,678511.52,24
2020-05-27,BRF1,38.3,300236.48,11
2020-05-28,BRG1,38.84,299704.44,11
2020-05-29,BRG1,39.34,83035.47,3
2020-06-01,BRG1,40.25,194603.93,7
2020-06-02,BRG1,41.75,424416.57,15
2020-06-03,BRG1,41.55,85343.04,3
2020-06-04,BRJ1,43.0,174621.63,6
2020-06-05,BRG1,43.34,586485.93,20
2020-06-08,BRM1,45.0,342710.29,11
2020-06-09,BRM1,43.5,2576541.09,89
2020-06-10,BRM1,44.0,3960098.29,128
2020-06-11,BRG1,41.3,518852.28,18
2020-06-15,BRJ1,41.77,1087889.42,37
2020-06-16,BRH1,42.4,743610.53,25
2020-06-17,BRJ1,43.1,150228.15,5
2020-06-18,BRK1,43.0,90166.03,3
2020-06-19,BRH1,43.4,329271.09,11
2020-06-22,BRK1,43.95,60335.08,2
2020-06-23,BRJ1,44.1,574173.49,19
2020-06-25,BRH1,42.34,1179839.42,40
2020-06-26,BRN1,41.72,206189.1,7
2020-06-29,BRM1,44.0,927921.83,31
2020-06-30,BRN1,45.0,2547140.53,83
2020-07-02,BRN1,44.0,307265.52,10
2020-07-03,BRN1,44.5,253847.08,8
2020-07-06,BRH1,44.3,1999652.22,63
2020-07-07,BRH1,44.48,439495.73,14
2020-07-08,BRN1,45.0,128484.92,4
2020-07-09,BRJ1,44.31,3827933.95,118
2020-07-10,BRH1,44.34,1670398.37,54
2020-07-13,BRH1,44.47,157259.82,5
2020-07-14,BRH1,44.65,503221.99,16
2020-07-15,BRJ1,44.7,286212.88,9
2020-07-16,BRM1,46.2,198413.91,6
2020-07-17,BRH1,44.55,641022.6,20
2020-07-20,BRM1,45.93,131444.96,4
2020-07-21,BRJ1,46.01,259135.13,8
2020-07-22,BRK1,45.77,260686.08,8
2020-07-23,BRN1,46.97,1551375.08,46
2020-07-24,BRJ1,45.94,2624709.21,81
2020-07-27,BRN1,46.55,1606722.16,48
2020-07-28,BRM1,46.79,169048.73,5
2020-07-29,BRQ1,47.9,34709.35,1
2020-07-30,BRJ1,44.5,1564164.19,47
2020-07-31,BRK1,45.4,271528.54,8
2020-08-03,BRM1,46.7,204720.29,6
2020-08-04,BRQ1,47.11,139706.08,4
2020-08-05,BRJ1,47.85,309877.35,9
2020-08-06,BRK1,47.66,245511.27,7
2020-08-07,BRM1,47.15,139159.02,4
2020-08-10,BRJ1,47.12,0.0,0
2020-08-11,BRQ1,48.9,107093.79,3
2020-08-12,BRQ1,49.0,431222.75,12
2020-08-13,BRQ1,49.3,72082.72,2
2020-08-14,BRQ1,48.75,106605.72,3
2020-08-17,BRJ1,47.8,105018.22,3
2020-08-18,BRQ1,48.75,107114.26,3
2020-08-19,BRM1,48.0,35103.84,1
2020-08-20,BRN1,48.4,425481.54,12
2020-08-21,BRM1,47.0,389981.53,11
2020-08-24,BRM1,47.9,106802.61,3
2020-08-25,BRU1,48.79,148115.17,4
2020-08-26,BRU1,49.68,74237.82,2
2020-08-27,BRM1,47.55,251168.7,7
2020-08-28,BRM1,48.2,71424.46,2
2020-08-31,BRK1,47.95,393886.72,11
2020-09-01,BRU1,48.78,1026864.87,29
2020-09-02,BRU1,48.75,221154.29,6
2020-09-03,BRU1,47.5,608813.67,17
2020-09-04,BRM1,46.0,954665.29,27
2020-09-07,BRM1,45.8,1321592.75,38
2020-09-08,BRU1,45.0,940417.08,27
2020-09-09,BRM1,43.96,2137218.57,65
2020-09-10,BRU1,45.79,710175.77,21
2020-09-15,BRU1,45.1,542963.99,16
2020-09-16,BRM1,45.34,570172.09,17
2020-09-17,BRQ1,46.22,491008.55,14
2020-09-18,BRK1,45.98,208798.96,6
2020-09-21,BRM1,44.35,727149.55,21
2020-09-22,BRN1,44.91,240666.24,7
2020-09-23,BRK1,44.5,136041.93,4
2020-09-24,BRN1,45.34,70029.98,2
2020-09-25,BRM1,44.81,70556.71,2
2020-09-28,BRM1,45.09,1833784.02,53
2020-09-29,BRV1,45.0,179988.2,5
2020-09-30,BRM1,44.28,339063.44,10
2020-10-01,BRQ1,43.7,956991.94,28
2020-10-02,BRM1,42.45,533760.1,16
2020-10-05,BRM1,44.1,646020.12,19
2020-10-06,BRU1,45.84,641915.42,18
2020-10-07,BRN1,44.63,2801859.73,80
2020-10-08,BRM1,45.34,800380.49,23
2020-10-09,BRN1,45.84,35189.49,1
2020-10-12,BRN1,44.81,485192.09,14
2020-10-13,BRM1,44.6,206098.81,6
2020-10-14,BRM1,45.0,697427.31,20
2020-10-15,BRM1,44.31,173530.01,5
2020-10-16,BRM1,44.79,209384.16,6
2020-10-19,BRM1,44.79,104188.89,3
2020-10-20,BRV1,46.04,216480.02,6
2020-10-21,BRN1,44.35,102945.38,3
2020-10-22,BRV1,45.0,552578.86,16
2020-10-23,BRN1,44.82,136612.13,4
2020-10-26,BRV1,43.77,301166.97,9
2020-10-27,BRX1,45.88,35367.47,1
2020-10-28,BRQ1,42.52,645226.96,19
2020-10-29,BRN1,40.75,622148.78,19
2020-10-30,BRX1,42.2,332393.3,10
2020-11-02,BRQ1,41.8,419244.97,13
2020-11-03,BRX1,42.93,511269.57,15
2020-11-05,BRU1,44.0,469500.12,14
2020-11-06,BRU1,42.92,2415886.35,70
2020-11-09,BRN1,44.9,1758448.21,54
2020-11-10,BRN1,44.8,136225.6,4
2020-11-11,BRN1,46.2,1554746.19,44
2020-11-12,BRQ1,46.02,5293115.01,148
2020-11-13,BRV1,45.5,607635.68,17
2020-11-16,BRN1,45.77,1426000.7,41
2020-11-17,BRQ1,45.0,981377.18,29
2020-11-18,BRX1,46.24,139603.02,4
2020-11-19,BRV1,46.5,141958.72,4
2020-11-20,BRX1,45.83,34887.08,1
2020-11-23,BRX1,47.4,507304.49,14
2020-11-24,BRX1,47.44,250203.34,7
2020-11-25,BRQ1,47.98,2580380.66,71
2020-11-26,BRQ1,48.26,1495389.97,41
2020-11-27,BRV1,48.4,146722.22,4
2020-11-30,BRZ1,47.69,290535.01,8
2020-12-01,BRU1,47.7,874185.34,24
2020-12-02,BRZ1,47.88,143865.2,4
2020-12-03,BRQ1,48.16,251585.28,7
2020-12-04,BRZ1,48.69,1077406.05,30
2020-12-07,BRZ1,48.32,3500238.23,98
2020-12-08,BRZ1,48.77,356671.33,10
2020-12-09,BRU1,49.64,254513.7,7
2020-12-10,BRU1,50.0,581733.16,16
2020-12-11,BRU1,49.7,767785.9,21
2020-12-14,BRX1,49.41,184233.77,5
2020-12-15,BRZ1,50.19,294820.95,8
2020-12-16,BRV1,50.7,186597.8,5
2020-12-17,BRZ1,51.0,2654437.85,71
2020-12-18,BRZ1,51.69,797414.52,21
2020-12-21,BRZ1,50.8,2053758.37,54
2020-12-22,BRU1,51.0,500138.46,13
2020-12-23,BRZ1,50.9,152398.61,4
2020-12-24,BRZ1,50.8,226003.61,6
2020-12-25,BRZ1,51.13,75885.86,2
2020-12-28,BRX1,51.34,380661.31,10
2020-12-29,BRZ1,51.02,934996.21,25
2020-12-30,BRZ1,51.02,152568.12,4
2021-01-04,BRF2,50.5,1415716.81,37
2021-01-05,BRF2,50.9,492335.04,13
2021-01-06,BRZ1,52.59,952640.34,25
2021-01-08,BRZ1,53.68,1413839.52,36
2021-01-11,BRZ1,53.6,1000205.37,25
2021-01-12,BRZ1,54.12,1041528.74,26
2021-01-13,BRU1,54.8,322313.4,8
2021-01-14,BRZ1,54.49,643712.82,16
2021-01-15,BRF2,54.13,685440.79,17
2021-01-18,BRZ1,54.0,80157.28,2
2021-01-19,BRX1,54.2,80000.06,2
2021-01-20,BRZ1,54.8,321731.77,8
2021-01-21,BRF2,54.2,479742.41,12
2021-01-22,BRZ1,53.5,767522.32,19
2021-01-25,BRX1,54.68,82122.11,2
2021-01-26,BRZ1,54.0,365866.35,9
2021-01-27,BRG2,53.12,1250039.45,31
2021-01-28,BRG2,53.7,814640.55,20
2021-01-29,BRG2,53.47,1964005.36,49
2021-02-01,BRG2,53.89,327196.37,8
2021-02-02,BRG2,54.57,989446.83,24
2021-02-03,BRZ1,55.0,586584.84,14
2021-02-04,BRZ1,56.69,256324.55,6
2021-02-05,BRF2,56.18,627210.67,15
2021-02-08,BRZ1,57.7,1027680.62,24
2021-02-09,BRZ1,57.97,1103074.23,26
2021-02-10,BRZ1,57.96,1017959.83,24
2021-02-11,BRZ1,58.0,642121.09,15
2021-02-12,BRG2,57.9,712926.89,17
2021-02-15,BRZ1,58.89,555589.68,13
2021-02-16,BRF2,58.25,598216.02,14
2021-02-17,BRF2,59.5,3666625.06,83
2021-02-18,BRF2,59.9,1420280.38,32
2021-02-19,BRZ1,58.95,1426114.49,33
2021-02-20,BRZ1,58.3,129517.83,3
2021-02-22,BRZ1,59.5,265204.33,6
2021-02-24,BRZ1,62.0,672275.28,15
2021-02-25,BRF2,62.79,547387.37,12
2021-02-26,BRZ1,60.2,319179.41,7
2021-03-01,BRG2,60.19,2483476.67,55
2021-03-02,BRZ1,59.86,1464209.47,33
2021-03-03,BRZ1,60.01,1204982.6,27
2021-03-04,BRZ1,61.47,1609261.4,36
2021-03-05,BRH2,63.27,2509681.33,54
2021-03-09,BRZ1,63.52,520897.47,11
2021-03-10,BRZ1,64.3,613587.34,13
2021-03-11,BRH2,63.3,183304.05,4
2021-03-12,BRZ1,64.98,571319.68,12
2021-03-15,BRZ1,64.1,562640.6,12
2021-03-16,BRH2,62.46,318954.5,7
2021-03-17,BRF2,64.59,1240293.33,26
2021-03-18,BRZ1,62.5,1582603.97,34
2021-03-19,BRZ1,61.37,9927282.79,218
2021-03-22,BRZ1,62.4,512374.09,11
2021-03-23,BRZ1,60.17,2845562.32,62
2021-03-24,BRZ1,61.5,3949539.14,87
2021-03-25,BRH2,59.4,1321087.57,29
2021-03-26,BRZ1,61.01,1009724.24,22
2021-03-29,BRZ1,60.51,3300894.66,71
2021-03-30,BRZ1,61.99,423727.32,9
2021-03-31,BRJ2,60.3,272897.38,6
2021-04-01,BRZ1,61.1,1166558.54,25
2021-04-02,BRZ1,62.0,806107.49,17
2021-04-05,BRJ2,60.7,2682192.44,58
2021-04-06,BRZ1,61.44,2236261.8,48
2021-04-07,BRZ1,60.37,1732268.16,37
2021-04-08,BRZ1,60.7,326263.64,7
2021-04-09,BRJ2,60.3,1026177.7,22
2021-04-12,BRZ1,61.5,1900696.89,40
2021-04-13,BRZ1,61.6,611564.21,13
2021-04-14,BRZ1,64.0,3478067.06,74
2021-04-15,BRZ1,63.57,1601363.81,33
2021-04-16,BRZ1,63.3,920383.41,19
2021-04-19,BRZ1,63.52,145744.03,3
2021-04-20,BRF2,61.57,538137.94,11
2021-04-21,BRG2,61.98,285033.26,6
2021-04-22,BRG2,61.79,46796.04,1
2021-04-23,BRG2,61.42,228599.02,5
2021-04-26,BRH2,61.79,46242.46,1
2021-04-27,BRH2,61.51,183977.61,4
2021-04-28,BRF2,63.82,1338342.48,28
2021-04-29,BRK2,62.62,474096.4,10
2021-04-30,BRF2,64.08,2886763.36,60
2021-05-04,BRF2,64.68,195365.43,4
2021-05-05,BRF2,66.83,197401.68,4
2021-05-06,BRK2,65.0,193694.34,4
2021-05-07,BRF2,65.34,96109.07,2
2021-05-10,BRJ2,64.37,191137.05,4
2021-05-11,BRG2,65.47,96979.46,2
2021-05-12,BRH2,66.8,970404.99,20
2021-05-13,BRH2,64.64,289383.32,6
2021-05-14,BRH2,64.6,143278.15,3
2021-05-17,BRF2,66.32,49043.84,1
2021-05-18,BRF2,66.39,196160.9,4
2021-05-19,BRG2,63.7,470298.97,10
2021-05-20,BRH2,62.8,231522.78,5
2021-05-21,BRG2,64.05,278928.11,6
2021-05-24,BRK2,64.49,998250.9,21
2021-05-25,BRJ2,65.55,240790.7,5
2021-05-26,BRH2,65.13,95927.58,2
2021-05-27,BRG2,66.0,48486.04,1
2021-05-28,BRH2,65.93,96613.49,2
2021-05-31,BRM2,64.3,193422.52,4
2021-06-01,BRH2,67.35,247549.09,5
2021-06-02,BRH2,67.58,293927.41,6
2021-06-03,BRH2,68.0,1393780.01,28
2021-06-04,BRG2,68.3,99490.79,2
2021-06-07,BRM2,67.61,642946.81,13
2021-06-08,BRK2,68.3,247136.65,5
2021-06-09,BRH2,69.32,499816.83,10
2021-06-10,BRH2,68.48,345488.76,7
2021-06-11,BRH2,68.37,246710.38,5
2021-06-14,BRH2,68.84,295115.17,6
2021-06-15,BRG2,69.43,100158.95,2
2021-06-16,BRM2,69.6,2353085.42,47
2021-06-17,BRM2,68.51,4282953.33,86
2021-06-18,BRJ2,68.0,2741720.06,55
2021-06-21,BRJ2,69.0,2927913.17,58
2021-06-22,BRH2,70.16,2028752.27,40
2021-06-23,BRH2,70.12,101422.5,2
2021-06-24,BRH2,70.43,0.0,0
2021-06-25,BRM2,70.4,454721.47,9
2021-06-28,BRK2,70.0,101079.58,2
2021-06-29,BRN2,69.4,606268.48,12
2021-06-30,BRN2,69.69,5725743.68,113
2021-07-01,BRK2,70.15,257535.4,5
2021-07-02,BRN2,70.4,257364.51,5
2021-07-05,BRH2,71.15,782253.64,15
2021-07-06,BRN2,68.2,1069053.43,21
2021-07-07,BRM2,67.9,4040600.17,79
2021-07-08,BRM2,67.29,5459673.25,109
2021-07-09,BRM2,68.38,1426592.47,28
2021-07-12,BRH2,69.58,572086.23,11
2021-07-13,BRH2,69.72,518850.26,10
2021-07-14,BRM2,70.05,1463138.36,28
2021-07-15,BRN2,69.08,2300419.1,45
2021-07-16,BRJ2,69.3,1020424.5,20
2021-07-19,BRM2,65.73,4804147.48,96
2021-07-20,BRN2,64.92,8993834.97,182
2021-07-21,BRN2,66.2,7220135.92,151
2021-07-22,BRM2,67.3,249425.64,5
2021-07-23,BRK2,68.7,300279.02,6
2021-07-26,BRN2,68.0,149232.98,3
2021-07-27,BRN2,68.38,50467.72,1
2021-07-28,BRM2,68.09,151198.36,3
2021-07-29,BRQ2,69.0,8601700.1,164
2021-07-30,BRQ2,68.8,453600.34,9
2021-08-02,BRM2,69.07,2981135.21,60
2021-08-03,BRQ2,66.85,1587747.39,32
2021-08-04,BRQ2,65.35,4636338.11,97
2021-08-05,BRM2,67.0,3128857.32,65
2021-08-06,BRN2,68.58,1243118.98,25
2021-08-09,BRM2,64.91,4035094.23,84
2021-08-10,BRJ2,67.4,1553963.25,31
2021-08-11,BRK2,66.92,1731256.22,35
2021-08-12,BRK2,67.43,449759.24,9
2021-08-13,BRK2,67.9,444874.8,9
2021-08-16,BRQ2,65.83,632484.4,13
2021-08-17,BRQ2,67.0,492569.9,10
2021-08-18,BRN2,66.5,536077.21,11
2021-08-19,BRM2,63.3,5775192.68,121
2021-08-20,BRM2,63.0,1033517.98,22
2021-08-23,BRN2,64.9,2346624.99,50
2021-08-24,BRM2,66.02,2189165.98,45
2021-08-25,BRM2,67.65,1676616.2,34
2021-08-26,BRM2,66.0,1747196.46,35
2021-08-27,BRN2,67.16,639409.05,13
2021-08-30,BRK2,67.51,2227020.47,44
2021-08-31,BRK2,68.77,450698.87,9
2021-09-01,BRM2,67.3,1032646.49,21
2021-09-02,BRM2,69.0,4228386.09,85
2021-09-03,BRU2,67.38,2585353.02,52
2021-09-06,BRK2,68.5,1405490.89,28
2021-09-07,BRK2,68.45,754779.58,15
2021-09-08,BRN2,68.1,499285.76,10
2021-09-09,BRK2,69.1,501463.16,10
2021-09-10,BRK2,68.85,500653.65,10
2021-09-13,BRM2,69.35,2217137.82,44
2021-09-14,BRM2,69.4,505894.84,10
2021-09-15,BRM2,70.97,1422276.99,28
2021-09-16,BRN2,69.65,970637.97,19
2021-09-17,BRM2,70.31,256369.41,5
2021-09-20,BRN2,68.97,7541259.28,151
2021-09-21,BRN2,69.15,8592710.6,169
2021-09-22,BRM2,70.35,560563.93,11
2021-09-23,BRM2,71.34,776073.65,15
2021-09-24,BRN2,71.31,2021334.35,39
2021-09-27,BRM2,73.6,1217524.77,23
2021-09-28,BRN2,72.99,3304104.67,61
2021-09-29,BRU2,72.5,1158339.42,22
2021-09-30,BRM2,74.05,801521.35,15
2021-10-01,BRQ2,73.39,694024.22,13
2021-10-04,BRM2,76.4,1101807.54,20
2021-10-05,BRQ2,76.65,2355596.19,43
2021-10-06,BRM2,76.36,2180526.15,39
2021-10-07,BRM2,76.64,1679144.72,31
2021-10-08,BRM2,78.03,835127.52,15
2021-10-11,BRM2,78.99,1460192.96,26
2021-10-12,BRN2,77.13,613293.08,11
2021-10-13,BRN2,77.27,556101.42,10
2021-10-14,BRN2,77.97,1065379.82,19
2021-10-15,BRU2,78.0,608732.91,11
2021-10-18,BRN2,78.87,396465.22,7
2021-10-19,BRN2,78.75,1123583.63,20
2021-10-20,BRQ2,78.2,658057.53,12
2021-10-21,BRQ2,77.91,111920.76,2
2021-10-22,BRN2,79.99,334761.22,6
2021-10-25,BRQ2,79.5,55559.93,1
2021-10-26,BRN2,79.59,723912.92,13
2021-10-27,BRQ2,78.43,165372.89,3
2021-10-28,BRU2,76.3,944199.08,18
2021-10-29,BRU2,77.25,983852.17,18
2021-11-01,BRU2,76.92,19789651.94,361
2021-11-02,BRU2,76.55,1599971.48,29
2021-11-03,BRU2,75.45,1317173.03,24
2021-11-05,BRU2,75.28,2638573.7,50
2021-11-08,BRN2,78.05,1787998.59,32
2021-11-09,BRX2,77.5,599520.14,11
2021-11-10,BRX2,77.72,823430.27,15
2021-11-11,BRU2,75.0,1027910.89,19
2021-11-12,BRU2,75.37,762726.88,14
2021-11-15,BRQ2,75.46,1110403.74,20
2021-11-16,BRQ2,76.9,1671300.13,30
2021-11-17,BRX2,75.5,273680.55,5
2021-11-18,BRX2,73.82,1904376.78,35
2021-11-19,BRX2,74.25,1140922.01,21
2021-11-22,BRX2,73.66,4391488.88,80
2021-11-23,BRU2,75.54,561304.0,10
2021-11-24,BRU2,76.01,742752.19,13
2021-11-25,BRU2,76.46,284727.75,5
2021-11-26,BRX2,71.02,3740120.33,69
2021-11-29,BRX2,70.5,5295543.91,101
2021-11-30,BRU2,68.65,5152370.97,101
2021-12-01,BRX2,68.5,8160849.49,165
2021-12-02,BRX2,67.0,6326729.88,129
2021-12-03,BRZ2,68.51,7213337.74,142
2021-12-06,BRZ2,69.0,1614898.8,32
2021-12-07,BRZ2,71.0,1938536.23,37
2021-12-08,BRU2,71.57,1871561.69,35
2021-12-09,BRX2,71.45,8102425.48,153
2021-12-10,BRQ2,71.5,3311411.36,63
2021-12-13,BRQ2,73.23,3211332.99,59
2021-12-14,BRZ2,69.08,920131.54,18
2021-12-15,BRU2,70.44,1252625.47,24
2021-12-16,BRZ2,70.1,260576.27,5
2021-12-17,BRX2,70.9,264855.16,5
2021-12-20,BRU2,68.35,977617.56,19
2021-12-21,BRU2,71.48,667013.13,13
2021-12-22,BRZ2,70.36,1456073.34,28
2021-12-23,BRU2,72.22,689809.73,13
2021-12-24,BRU2,72.8,538710.73,10
2021-12-27,BRU2,74.39,4582235.31,85
2021-12-28,BRZ2,74.44,2004724.68,37
2021-12-29,BRZ2,73.97,1695832.34,31
2021-12-30,BRZ2,74.38,4621276.17,84
2022-01-03,BRU2,74.31,666721.2,12
2022-01-04,BRU2,75.54,568080.79,10
2022-01-05,BRU2,76.3,1621307.4,28
2022-01-06,BRZ2,76.5,1212534.16,21
2022-01-07,BRU2,77.84,290403.63,5
2022-01-10,BRU2,76.83,174046.58,3
2022-01-11,BRZ2,77.5,1442526.82,25
2022-01-12,BRZ2,77.99,991732.6,17
2022-01-13,BRU2,80.0,1770530.52,29
2022-01-14,BRU2,80.4,3357019.27,55
2022-01-17,BRV2,79.75,966833.12,16
2022-01-18,BRZ2,81.25,1990322.06,32
2022-01-19,BRV2,81.96,3330388.34,53
2022-01-20,BRV2,81.27,2051659.18,33
2022-01-21,BRZ2,80.07,2118537.76,34
2022-01-24,BRZ2,79.09,886504.89,14
2022-01-25,BRV2,80.07,1216370.13,19
2022-01-26,BRX2,81.39,512805.15,8
2022-01-27,BRZ2,80.3,1192725.2,19
2022-01-28,BRZ2,81.0,632310.89,10
2022-01-31,BRV2,82.28,764273.29,12
2022-02-01,BRX2,80.7,556495.25,9
2022-02-02,BRV2,82.83,1655643.11,26
2022-02-03,BRZ2,81.62,1183368.99,19
2022-02-04,BRZ2,83.0,3274395.5,52
2022-02-07,BRZ2,82.89,1194618.15,19
2022-02-08,BRZ2,82.0,1730200.48,28
2022-02-09,BRZ2,82.99,920354.45,15
2022-02-10,BRZ2,83.36,2379699.19,38
2022-02-11,BRF3,83.45,1367064.27,22
2022-02-14,BRZ2,84.9,3172200.64,48
2022-02-15,BRZ2,83.0,1466848.85,23
2022-02-16,BRX2,84.46,1201335.55,19
2022-02-17,BRZ2,83.91,2171779.62,34
2022-02-18,BRZ2,81.86,1135751.66,18
2022-02-21,BRG3,83.25,5268323.89,81
2022-02-22,BRZ2,85.0,6950089.58,103
2022-02-23,BRZ2,86.18,1038856.77,15
2022-02-24,BRZ2,89.75,15297599.71,196
2022-02-25,BRZ2,84.76,3245977.93,46
2022-02-28,BRZ2,84.98,250177.71,3
2022-03-01,BRH3,82.5,0.0,0
2022-03-02,BRZ2,90.0,2901509.77,30
2022-03-03,BRZ2,92.0,2535575.47,24
2022-03-04,BRZ2,98.9,2056739.22,20
2022-03-09,BRZ2,111.89,9345544.5,66
2022-03-10,BRZ2,100.0,4256404.48,35
2022-03-11,BRZ2,97.25,27162723.41,239
2022-03-14,BRZ2,97.9,3822566.78,34
2022-03-15,BRX2,92.2,3809759.83,37
2022-03-16,BRX2,92.46,8746077.27,89
2022-03-17,BRZ2,93.64,1064769.04,11
2022-03-18,BRX2,92.96,6990932.42,71
2022-03-21,BRZ2,99.0,2812657.54,28
2022-03-22,BRZ2,101.0,4011218.27,38
2022-03-23,BRZ2,103.52,4006274.27,39
2022-03-24,BRZ2,103.63,2111712.56,21
2022-03-25,BRG3,100.0,3007939.27,31
2022-03-28,BRZ2,97.31,2467480.18,28
2022-03-29,BRZ2,94.01,3869668.62,48
2022-03-30,BRZ2,97.99,733902.51,9
2022-03-31,BRZ2,93.0,3035903.22,39
2022-04-01,BRZ2,91.99,2490562.09,32
2022-04-04,BRZ2,95.39,3587893.74,45
2022-04-05,BRZ2,98.7,1635287.36,20
2022-04-06,BRZ2,96.8,1948859.62,25
2022-04-07,BRZ2,93.0,1716028.27,24
2022-04-08,BRZ2,93.07,2152481.48,30
2022-04-11,BRZ2,93.33,1187288.75,16
2022-04-12,BRZ2,97.0,1377442.75,18
2022-04-13,BRZ2,97.93,1632317.05,21
2022-04-14,BRZ2,96.67,1800436.9,23
2022-04-15,BRZ2,101.5,2245312.99,28
2022-04-18,BRZ2,99.0,1932812.74,26
2022-04-19,BRH3,101.0,0.0,0
2022-04-20,BRH3,97.75,74763.6,1
2022-04-21,BRH3,102.0,0.0,0
2022-04-22,BRF3,102.48,77651.97,1
2022-04-25,BRH3,97.75,71473.72,1
2022-04-26,BRG3,99.3,72346.31,1
2022-04-27,BRG3,97.99,142732.46,2
2022-04-28,BRK3,100.0,71812.0,1
2022-04-29,BRG3,101.78,290596.31,4
2022-05-04,BRF3,103.0,69240.82,1
2022-05-05,BRH3,105.0,143130.21,2
2022-05-06,BRH3,108.71,75232.65,1
2022-05-11,BRF3,101.7,136944.71,2
2022-05-12,BRF3,103.38,327257.65,5
2022-05-13,BRH3,105.62,0.0,0
2022-05-16,BRF3,105.0,809544.4,12
2022-05-17,BRF3,106.5,749414.17,11
2022-05-18,BRF3,102.26,592655.07,9
2022-05-19,BRH3,101.19,444428.3,7
2022-05-20,BRF3,103.99,1324385.71,21
2022-05-23,BRJ3,106.0,182093.75,3
2022-05-24,BRF3,107.49,304638.5,5
2022-05-25,BRH3,107.76,0.0,0
2022-05-26,BRH3,109.98,212239.38,3
2022-05-27,BRG3,106.86,143404.27,2
2022-05-30,BRK3,110.0,68393.49,1
2022-05-31,BRG3,118.0,511603.69,7
2022-06-01,BRG3,115.0,351820.91,5
2022-06-02,BRK3,109.0,403790.24,6
2022-06-03,BRK3,111.1,273061.73,4
2022-06-06,BRK3,116.5,143670.08,2
2022-06-07,BRM3,116.5,71264.22,1
2022-06-08,BRG3,118.51,281329.48,4
2022-06-09,BRG3,120.0,210687.16,3
2022-06-10,BRK3,120.0,483651.88,7
2022-06-14,BRM3,114.42,134555.08,2
2022-06-15,BRG3,116.24,269829.27,4
2022-06-16,BRK3,112.8,454389.48,7
2022-06-17,BRK3,114.4,387732.0,6
2022-06-20,BRH3,112.03,251751.63,4
2022-06-21,BRH3,114.22,0.0,0
2022-06-22,BRK3,111.7,414829.34,7
2022-06-23,BRG3,109.98,353147.39,6
2022-06-24,BRH3,109.0,115014.68,2
2022-06-27,BRK3,110.89,118239.12,2
2022-06-28,BRH3,111.71,174053.87,3
2022-06-29,BRJ3,111.98,119072.67,2
2022-06-30,BRK3,108.0,390980.0,7
2022-07-01,BRH3,104.53,915810.86,16
2022-07-04,BRN3,114.0,316954.2,5
2022-07-05,BRN3,112.01,1804671.75,26
2022-07-06,BRM3,98.49,1290554.62,20
2022-07-07,BRN3,101.21,3767014.55,59
2022-07-08,BRN3,103.89,1460717.15,23
2022-07-11,BRN3,102.99,545421.61,9
2022-07-12,BRN3,99.0,593189.67,10
2022-07-13,BRN3,97.78,406687.28,7
2022-07-14,BRK3,94.98,338485.66,6
2022-07-15,BRH3,99.57,455475.71,8
2022-07-18,BRN3,100.75,341579.53,6
2022-07-19,BRH3,100.91,450210.8,8
2022-07-20,BRK3,103.94,57144.13,1
2022-07-21,BRH3,101.35,518269.88,9
2022-07-22,BRN3,100.88,3635369.42,67
2022-07-25,BRN3,99.6,232077.37,4
2022-07-26,BRQ3,106.99,130537.42,2
2022-07-27,BRN3,104.0,3546614.95,60
2022-07-28,BRN3,105.0,126614.92,2
2022-07-29,BRQ3,105.5,585897.97,9
2022-08-01,BRQ3,98.99,962200.59,16
2022-08-02,BRN3,101.1,612470.3,10
2022-08-03,BRN3,100.5,856317.3,14
2022-08-04,BRN3,93.21,1748638.58,30
2022-08-05,BRM3,96.0,173989.74,3
2022-08-08,BRN3,93.54,1132240.24,20
2022-08-09,BRN3,94.5,290335.78,5
2022-08-10,BRK3,97.4,177625.26,3
2022-08-11,BRK3,99.22,60267.22,1
2022-08-12,BRQ3,94.07,838566.38,14
2022-08-15,BRJ3,93.65,346818.71,6
2022-08-16,BRK3,97.3,592884.66,10
2022-08-17,BRN3,94.19,345224.95,6
2022-08-18,BRN3,94.99,342518.02,6
2022-08-19,BRN3,99.08,58546.97,1
2022-08-22,BRK3,97.0,234812.67,4
2022-08-23,BRN3,98.89,59164.7,1
2022-08-24,BRN3,99.76,178228.11,3
2022-08-25,BRM3,100.99,487428.0,8
2022-08-26,BRN3,100.0,958564.38,16
2022-08-29,BRM3,101.0,240957.32,4
2022-08-30,BRK3,103.0,184308.07,3
2022-08-31,BRU3,111.25,462841.98,7
2022-09-01,BRK3,97.0,412057.95,7
2022-09-02,BRN3,99.54,411501.87,7
2022-09-05,BRM3,100.39,902883.36,15
2022-09-06,BRU3,99.5,1158664.39,19
2022-09-07,BRM3,95.29,232279.72,4
2022-09-08,BRM3,94.99,1101543.48,19
2022-09-09,BRM3,97.45,58977.52,1
2022-09-12,BRM3,97.68,58849.27,1
2022-09-13,BRM3,92.8,517049.57,9
2022-09-14,BRU3,100.66,297050.89,5
2022-09-15,BRM3,94.49,170952.17,3
2022-09-16,BRK3,95.9,57698.52,1
2022-09-19,BRJ3,93.78,112724.77,2
2022-09-20,BRM3,92.92,168913.85,3
2022-09-21,BRU3,97.1,297391.14,5
2022-09-22,BRQ3,97.93,115068.54,2
2022-09-23,BRN3,88.99,927951.08,18
2022-09-26,BRN3,88.39,1722270.64,34
2022-09-27,BRQ3,91.6,157154.8,3
2022-09-28,BRQ3,91.64,358804.11,7
2022-09-29,BRM3,91.6,103422.36,2
2022-09-30,BRN3,91.08,159592.11,3
2022-10-03,BRV3,94.09,706292.61,13
2022-10-04,BRM3,94.08,0.0,0
2022-10-05,BRM3,95.5,457425.94,8
2022-10-06,BRU3,99.2,120677.63,2
2022-10-07,BRM3,97.0,1054517.1,18
2022-10-10,BRQ3,96.19,120750.51,2
2022-10-11,BRM3,96.02,61133.82,1
2022-10-12,BRM3,97.0,62474.31,1
2022-10-13,BRM3,93.21,118572.24,2
2022-10-14,BRN3,93.37,292051.84,5
2022-10-17,BRU3,93.76,173529.78,3
2022-10-18,BRN3,92.64,113485.72,2
2022-10-19,BRN3,94.96,115973.95,2
2022-10-20,BRN3,94.69,0.0,0
2022-10-21,BRQ3,94.32,57802.88,1
2022-10-24,BRN3,90.35,961199.23,17
2022-10-25,BRN3,93.99,458216.38,8
2022-10-26,BRN3,95.0,290844.35,5
2022-10-27,BRN3,96.2,118666.16,2
2022-10-28,BRN3,95.95,58823.11,1
2022-10-31,BRU3,94.3,57926.23,1
2022-11-01,BRN3,93.77,517116.07,9
2022-11-02,BRN3,95.0,176061.6,3
2022-11-03,BRN3,96.72,120216.44,2
2022-11-07,BRV3,96.16,236860.37,4
2022-11-08,BRU3,97.28,240157.01,4
2022-11-09,BRN3,95.35,352108.36,6
2022-11-10,BRX3,97.1,1429680.48,24
2022-11-11,BRX3,96.0,289994.29,5
2022-11-14,BRN3,95.0,343257.98,6
2022-11-15,BRQ3,93.13,0.0,0
2022-11-16,BRX3,94.4,1475070.23,26
2022-11-17,BRQ3,93.18,0.0,0
2022-11-18,BRX3,94.16,564146.65,10
2022-11-21,BRV3,93.0,791661.15,14
2022-11-22,BRQ3,94.4,857341.2,15
2022-11-23,BRX3,96.79,114701.82,2
2022-11-24,BRQ3,92.5,394332.31,7
2022-11-25,BRX3,97.83,458809.16,8
2022-11-28,BRZ3,86.2,693532.99,13
2022-11-29,BRZ3,90.8,334207.23,6
2022-11-30,BRZ3,95.89,289277.47,5
2022-12-01,BRZ3,95.99,1111740.47,20
2022-12-02,BRZ3,95.42,2512160.07,43
2022-12-05,BRZ3,96.58,1184256.59,20
2022-12-06,BRQ3,91.6,233662.13,4
2022-12-07,BRZ3,92.38,519113.03,9
2022-12-08,BRQ3,90.8,225863.52,4
2022-12-09,BRZ3,90.03,169508.31,3
2022-12-12,BRQ3,87.51,1007325.75,18
2022-12-13,BRV3,90.5,738925.17,13
2022-12-14,BRU3,88.99,171139.26,3
2022-12-15,BRZ3,90.5,460293.24,8
2022-12-16,BRZ3,88.07,231771.69,4
2022-12-19,BRX3,87.36,537291.84,9
2022-12-20,BRZ3,90.39,369531.77,6
2022-12-21,BRU3,91.0,898164.25,14
2022-12-22,BRU3,91.0,189023.79,3
2022-12-23,BRZ3,90.58,504863.87,8
2022-12-26,BRZ3,92.9,64024.64,1
2022-12-27,BRU3,90.65,321523.15,5
2022-12-28,BRU3,91.59,198263.04,3
2022-12-29,BRV3,89.39,129076.12,2
2022-12-30,BRV3,91.82,126368.69,2
2023-01-03,BRX3,106.97,761460.43,11
2023-01-04,BRX3,88.0,1784433.2,29
2023-01-05,BRX3,87.64,190178.95,3
2023-01-06,BRU3,90.94,65552.01,1
2023-01-09,BRU3,91.65,125867.31,2
2023-01-10,BRZ3,90.51,189528.65,3
2023-01-11,BRX3,92.2,1003019.14,16
2023-01-12,BRU3,91.47,185185.37,3
2023-01-13,BRZ3,92.2,191671.45,3
2023-01-16,BRF4,92.0,128580.35,2
2023-01-17,BRF4,95.5,395402.62,6
2023-01-18,BRV3,95.89,197107.13,3
2023-01-19,BRX3,95.97,655134.07,10
2023-01-20,BRF4,95.2,262057.88,4
2023-01-23,BRF4,97.16,802894.73,12
2023-01-24,BRF4,96.0,132134.33,2
2023-01-25,BRX3,94.56,0.0,0
2023-01-26,BRV3,94.29,130829.68,2
2023-01-27,BRZ3,95.96,933015.64,14
2023-01-30,BRF4,93.8,461757.69,7
2023-01-31,BRF4,97.06,200497.27,3
2023-02-01,BRF4,95.93,133083.48,2
2023-02-02,BRG4,95.0,1139080.16,17
2023-02-03,BRV3,93.5,721344.44,11
2023-02-06,BRX3,92.0,261656.94,4
2023-02-07,BRF4,95.48,608262.1,9
2023-02-08,BRZ3,94.8,137009.17,2
2023-02-09,BRZ3,95.63,138049.75,2
2023-02-10,BRZ3,95.88,70280.52,1
2023-02-13,BRZ3,95.86,141593.56,2
2023-02-14,BRF4,97.84,720195.75,10
2023-02-15,BRX3,93.99,141637.05,2
2023-02-16,BRF4,94.94,214505.82,3
2023-02-17,BRF4,95.16,141303.08,2
2023-02-20,BRG4,95.92,142531.02,2
2023-02-21,BRZ3,95.9,359533.56,5
2023-02-22,BRF4,96.0,144001.54,2
2023-02-24,BRZ3,92.75,210776.85,3
2023-02-27,BRZ3,94.7,211903.24,3
2023-02-28,BRZ3,95.0,71265.49,1
2023-03-01,BRZ3,93.49,916300.56,13
2023-03-02,BRF4,97.25,1246534.17,17
2023-03-03,BRZ3,94.88,286244.83,4
2023-03-06,BRF4,96.21,1381224.04,19
2023-03-07,BRZ3,94.62,216346.22,3
2023-03-09,BRF4,95.18,292030.17,4
2023-03-10,BRX3,93.18,486926.96,7
2023-03-13,BRZ3,93.94,842407.66,12
2023-03-14,BRG4,93.0,1658751.76,24
2023-03-15,BRX3,87.99,1414411.08,21
2023-03-16,BRH4,91.5,2333700.13,33
2023-03-17,BRZ3,89.1,831130.14,12
2023-03-20,BRZ3,89.9,3535735.99,52
2023-03-21,BRF4,90.09,625976.59,9
2023-03-22,BRZ3,89.0,1304640.98,19
2023-03-23,BRZ3,89.75,408486.92,6
2023-03-24,BRZ3,87.4,202623.84,3
2023-03-27,BRZ3,89.7,743113.2,11
2023-03-28,BRZ3,90.49,278460.15,4
2023-03-29,BRF4,92.55,714057.5,10
2023-03-30,BRF4,92.0,1691289.84,24
2023-03-31,BRZ3,91.0,632108.26,9
2023-04-03,BRZ3,94.0,1034524.52,14
2023-04-04,BRG4,98.0,1557383.14,20
2023-04-05,BRH4,99.6,1032624.37,13
2023-04-06,BRF4,95.09,464773.96,6
2023-04-07,BRH4,99.53,242201.28,3
2023-04-10,BRH4,99.69,162596.98,2
2023-04-11,BRG4,97.43,79907.6,1
2023-04-12,BRZ3,93.48,461319.87,6
2023-04-13,BRF4,94.8,387130.94,5
2023-04-14,BRZ3,93.3,832042.33,11
2023-04-17,BRZ3,92.7,225525.47,3
2023-04-18,BRH4,97.39,79407.23,1
2023-04-19,BRJ4,95.6,3633187.02,46
2023-04-20,BRJ4,94.0,688330.97,9
2023-04-21,BRH4,97.3,1655568.62,21
2023-04-24,BRJ4,95.0,77266.73,1
2023-04-25,BRF4,92.6,227927.77,3
2023-04-26,BRF4,92.32,454761.58,6
2023-04-27,BRF4,92.3,525358.3,7
2023-04-28,BRH4,91.8,8175963.87,111
2023-05-02,BRK4,92.92,3556407.58,50
2023-05-03,BRG4,83.54,5846374.24,87
2023-05-04,BRG4,82.15,1620362.02,25
2023-05-05,BRF4,84.16,715191.73,11
2023-05-08,BRJ4,85.59,1271281.89,19
2023-05-10,BRJ4,85.0,324109.71,5
2023-05-11,BRH4,84.7,260048.56,4
2023-05-12,BRH4,82.71,524101.26,8
2023-05-15,BRF4,83.5,529800.01,8
2023-05-16,BRJ4,84.0,135229.58,2
2023-05-17,BRF4,83.0,529921.14,8
2023-05-18,BRJ4,84.0,608044.32,9
2023-05-19,BRF4,83.0,332541.27,5
2023-05-22,BRK4,86.0,68900.79,1
2023-05-23,BRK4,84.92,68072.38,1
2023-05-24,BRH4,84.2,202164.39,3
2023-05-25,BRH4,84.0,1649331.85,24
2023-05-26,BRK4,85.6,68504.65,1
2023-05-29,BRG4,84.0,3006665.94,44
2023-05-30,BRH4,84.76,136786.94,2
2023-05-31,BRH4,81.0,2637189.49,40
2023-06-01,BRJ4,82.3,329946.06,5
2023-06-02,BRH4,83.0,3850329.93,57
2023-06-05,BRH4,83.59,884121.01,13
2023-06-06,BRG4,82.99,1502193.47,22
2023-06-07,BRG4,84.09,137984.16,2
2023-06-08,BRG4,83.89,138819.34,2
2023-06-09,BRM4,84.0,2299409.62,33
2023-06-13,BRM4,83.37,1097090.1,16
2023-06-14,BRH4,82.0,345309.45,5
2023-06-15,BRG4,82.7,480927.08,7
2023-06-16,BRH4,83.98,421637.77,6
2023-06-19,BRH4,83.0,1126967.88,16
2023-06-20,BRG4,81.19,768099.55,11
2023-06-21,BRH4,83.0,207815.14,3
2023-06-22,BRH4,82.0,207470.62,3
2023-06-23,BRM4,82.3,485356.97,7
2023-06-26,BRH4,80.12,1850112.82,27
2023-06-27,BRK4,81.7,1195581.95,17
2023-06-28,BRM4,81.95,1627421.03,24
2023-06-29,BRH4,81.3,283679.82,4
2023-06-30,BRH4,81.15,1198969.5,17
2023-07-03,BRH4,81.4,360077.36,5
2023-07-04,BRH4,81.2,290601.55,4
2023-07-05,BRM4,81.02,147711.46,2
2023-07-06,BRH4,81.04,444853.0,6
2023-07-07,BRM4,81.2,296857.64,4
2023-07-10,BRM4,81.89,672541.83,9
2023-07-11,BRN4,82.44,150076.99,2
2023-07-12,BRH4,82.19,735489.39,10
2023-07-13,BRN4,84.42,451344.98,6
2023-07-14,BRH4,83.14,224496.1,3
2023-07-17,BRN4,83.96,449772.62,6
2023-07-18,BRH4,82.0,372060.38,5
2023-07-19,BRM4,83.54,459669.07,6
2023-07-20,BRN4,84.95,383259.78,5
2023-07-21,BRM4,84.08,927529.95,12
2023-07-24,BRM4,85.8,617451.62,8
2023-07-25,BRM4,87.0,390933.22,5
2023-07-26,BRN4,86.0,77440.59,1
2023-07-27,BRN4,86.44,316538.19,4
2023-07-28,BRM4,87.0,873481.44,11
2023-07-31,BRN4,86.06,716635.74,9
2023-08-01,BRJ4,87.52,1127219.98,14
2023-08-02,BRN4,85.37,654673.21,8
2023-08-03,BRM4,88.44,1572781.04,19
2023-08-04,BRM4,87.84,168100.53,2
2023-08-07,BRM4,86.81,1729965.08,21
2023-08-08,BRJ4,85.5,985509.99,12
2023-08-09,BRM4,88.2,342775.77,4
2023-08-10,BRN4,89.01,964952.23,11
2023-08-11,BRK4,88.89,266771.55,3
2023-08-14,BRN4,89.11,797016.43,9
2023-08-15,BRN4,87.64,345056.68,4
2023-08-16,BRK4,87.53,414211.2,5
2023-08-17,BRN4,88.86,733790.47,9
2023-08-18,BRK4,87.52,81920.91,1
2023-08-21,BRM4,88.33,165293.52,2
2023-08-22,BRK4,88.0,82955.49,1
2023-08-23,BRN4,86.41,246882.38,3
2023-08-24,BRN4,87.83,166196.05,2
2023-08-25,BRK4,88.16,413273.97,5
2023-08-28,BRN4,86.15,82047.02,1
2023-08-29,BRM4,87.0,332172.4,4
2023-08-30,BRN4,88.29,84933.57,1
2023-08-31,BRK4,89.91,86331.4,1
2023-09-01,BRM4,91.44,261109.51,3
2023-09-04,BRM4,91.94,265730.57,3
2023-09-05,BRK4,93.5,725508.32,8
2023-09-06,BRM4,93.6,917840.6,10
2023-09-07,BRM4,93.0,276028.03,3
2023-09-08,BRN4,91.0,267217.52,3
2023-09-11,BRK4,94.89,448624.05,5
2023-09-12,BRK4,94.26,536788.95,6
2023-09-13,BRK4,94.59,0.0,0
2023-09-14,BRK4,95.08,92349.11,1
2023-09-15,BRQ4,96.01,185418.16,2
2023-09-18,BRM4,95.05,920388.85,10
2023-09-19,BRN4,96.92,661611.61,7
2023-09-20,BRM4,94.68,91281.37,1
2023-09-21,BRU4,95.03,276728.41,3
2023-09-22,BRU4,96.45,4064950.14,44
2023-09-25,BRM4,94.5,0.0,0
2023-09-26,BRU4,96.86,1381109.75,15
2023-09-27,BRU4,98.52,189143.81,2
2023-09-28,BRU4,96.39,658316.45,7
2023-09-29,BRM4,94.5,462819.4,5
2023-10-02,BRU4,95.0,855001.39,9
2023-10-03,BRU4,94.58,2430698.64,26
2023-10-04,BRU4,89.0,1932814.73,21
2023-10-05,BRV4,87.51,2398877.85,27
2023-10-06,BRU4,87.38,963215.72,11
2023-10-09,BRU4,91.82,1830764.43,20
2023-10-10,BRV4,90.0,2918555.3,32
2023-10-11,BRV4,88.37,5347990.44,59
2023-10-12,BRV4,88.35,865144.85,10
2023-10-13,BRV4,92.83,180559.22,2
2023-10-16,BRV4,93.0,1002392.08,11
2023-10-17,BRU4,94.0,642472.79,7
2023-10-18,BRV4,98.53,1899404.94,20
2023-10-19,BRQ4,96.02,1028155.56,11
2023-10-20,BRV4,98.05,1221052.84,13
2023-10-23,BRV4,99.23,921625.84,10
2023-10-24,BRV4,96.5,1358031.72,15
2023-10-25,BRU4,96.5,448055.95,5
2023-10-26,BRV4,96.8,1348634.25,15
2023-10-27,BRV4,94.94,2251352.34,25
2023-10-30,BRV4,94.2,1888402.88,21
2023-10-31,BRV4,94.0,878354.79,10
2023-11-01,BRU4,91.5,3859915.46,46
2023-11-02,BRU4,91.5,1194009.93,14
2023-11-03,BRU4,91.57,1193215.92,14
2023-11-06,BRQ4,89.52,912141.66,11
2023-11-07,BRV4,88.92,575008.95,7
2023-11-08,BRQ4,89.35,1538656.74,19
2023-11-09,BRN4,89.12,1810092.88,22
2023-11-10,BRN4,87.79,1056745.27,13
2023-11-13,BRV4,87.05,559773.52,7
2023-11-14,BRX4,90.4,1443979.89,18
2023-11-15,BRX4,86.67,466395.11,6
2023-11-16,BRV4,87.01,464535.84,6
2023-11-17,BRV4,84.37,842455.01,11
2023-11-20,BRV4,87.0,688874.83,9
2023-11-21,BRV4,87.94,306525.64,4
2023-11-22,BRX4,90.86,4341598.69,57
2023-11-23,BRX4,89.49,1033503.44,13
2023-11-24,BRX4,88.24,237005.75,3
2023-11-27,BRQ4,87.52,156058.05,2
2023-11-28,BRV4,87.66,155482.96,2
2023-11-29,BRV4,88.97,470930.05,6
2023-11-30,BRV4,87.14,632852.85,8
2023-12-01,BRX4,90.78,82053.14,1
2023-12-04,BRU4,89.67,81648.66,1
2023-12-05,BRU4,88.0,729391.41,9
2023-12-06,BRQ4,84.5,1352514.65,17
2023-12-07,BRZ4,85.0,1801997.48,23
2023-12-08,BRZ4,88.32,471334.93,6
2023-12-11,BRQ4,84.57,226585.06,3
2023-12-12,BRQ4,83.6,376494.5,5
2023-12-13,BRU4,84.0,1058000.83,14
2023-12-14,BRZ4,84.3,226843.4,3
2023-12-15,BRV4,82.88,826307.81,11
2023-12-18,BRZ4,86.51,1615925.97,21
2023-12-19,BRU4,84.84,308441.69,4
2023-12-20,BRV4,85.38,386164.62,5
2023-12-21,BRV4,83.89,1715142.27,22
2023-12-22,BRU4,85.0,5244922.46,67
2023-12-25,BRV4,86.04,1849091.57,24
2023-12-26,BRU4,85.98,10197036.27,130
2023-12-27,BRV4,84.0,2010795.62,26
2023-12-28,BRV4,83.96,450702.56,6
2023-12-29,BRV4,84.76,529655.67,7
2024-01-03,BRU4,83.2,1892609.21,25
2024-01-04,BRV4,83.51,687611.45,9
2024-01-05,BRV4,84.49,455657.81,6
2024-01-08,BRV4,82.6,754282.01,10
2024-01-09,BRU4,81.22,1318634.07,18
2024-01-10,BRF5,84.31,450492.58,6
2024-01-11,BRU4,82.43,364937.73,5
2024-01-12,BRU4,83.47,1847317.46,25
2024-01-15,BRF5,82.35,1382872.21,19
2024-01-16,BRV4,84.28,366000.39,5
2024-01-17,BRF5,83.5,517984.99,7
2024-01-18,BRV4,82.63,147431.31,2
2024-01-19,BRV4,84.49,74550.09,1
2024-01-22,BRV4,84.15,510012.4,7
2024-01-23,BRZ4,84.7,149949.66,2
2024-01-24,BRF5,84.5,74865.99,1
2024-01-25,BRX4,85.38,300671.19,4
2024-01-26,BRF5,85.52,1404103.05,18
2024-01-29,BRZ4,87.0,858943.6,11
2024-01-30,BRX4,86.25,77344.69,1
2024-01-31,BRG5,87.07,1867481.74,25
2024-02-01,BRF5,87.52,1728809.35,22
2024-02-02,BRG5,84.0,912825.94,12
2024-02-05,BRV4,83.0,1201860.6,16
2024-02-06,BRV4,82.6,227513.35,3
2024-02-07,BRV4,82.5,378202.27,5
2024-02-08,BRX4,85.5,231002.27,3
2024-02-09,BRV4,85.2,468217.87,6
2024-02-12,BRZ4,85.44,312425.65,4
2024-02-13,BRX4,87.0,317732.72,4
2024-02-14,BRV4,86.9,159014.54,2
2024-02-15,BRX4,86.08,159084.1,2
2024-02-16,BRX4,87.32,0.0,0
2024-02-19,BRX4,87.23,0.0,0
2024-02-20,BRX4,87.13,0.0,0
2024-02-21,BRX4,86.61,240083.02,3
2024-02-22,BRX4,87.2,162288.41,2
2024-02-26,BRX4,86.0,397426.81,5
2024-02-27,BRX4,86.75,399961.32,5
2024-02-28,BRX4,86.24,78648.9,1
2024-02-29,BRX4,86.7,1508262.27,19
2024-03-01,BRX4,86.75,715268.84,9
2024-03-04,BRX4,86.3,556268.96,7
2024-03-05,BRX4,87.47,469981.42,6
2024-03-06,BRX4,86.39,233697.57,3
2024-03-07,BRX4,86.95,393545.91,5
2024-03-11,BRX4,84.66,1235306.24,16
2024-03-12,BRG5,86.5,473016.36,6
2024-03-13,BRX4,86.55,314982.74,4
2024-03-14,BRX4,86.33,1747272.19,22
2024-03-15,BRX4,86.78,1765644.2,22
2024-03-18,BRG5,87.64,161054.8,2
2024-03-19,BRX4,86.95,322994.48,4
2024-03-20,BRG5,88.76,82010.69,1
2024-03-21,BRG5,85.67,319075.18,4
2024-03-22,BRZ4,87.54,161664.04,2
2024-03-25,BRG5,87.46,243162.24,3
2024-03-26,BRZ4,86.63,0.0,0
2024-03-27,BRF5,86.55,79724.58,1
2024-03-28,BRJ5,89.76,577931.52,7
2024-03-29,BRF5,87.58,403981.04,5
2024-04-01,BRG5,89.48,82622.7,1
2024-04-02,BRF5,89.42,1984397.09,24
2024-04-03,BRG5,90.0,250511.67,3
2024-04-04,BRZ4,89.6,910962.32,11
2024-04-05,BRF5,91.25,591859.59,7
2024-04-08,BRJ5,92.09,1663298.92,20
2024-04-09,BRJ5,92.83,1374668.25,16
2024-04-10,BRZ4,89.0,756145.07,9
2024-04-11,BRJ5,91.2,1892192.39,22
2024-04-12,BRZ4,90.33,2772822.1,33
2024-04-15,BRZ4,89.24,3043796.69,36
2024-04-16,BRZ4,89.42,423187.11,5
2024-04-17,BRF5,92.28,259009.19,3
2024-04-18,BRZ4,87.61,825747.95,10
2024-04-19,BRF5,87.92,246210.24,3
2024-04-22,BRF5,87.42,327903.42,4
2024-04-23,BRJ5,87.87,738337.41,9
2024-04-24,BRF5,87.28,323987.43,4
2024-04-25,BRJ5,87.75,406613.37,5
2024-04-26,BRJ5,90.21,651999.29,8
2024-04-27,BRJ5,90.21,249927.09,3
2024-04-29,BRF5,87.31,0.0,0
2024-04-30,BRH5,86.77,1065002.3,13
2024-05-02,BRG5,85.42,719359.18,9
2024-05-03,BRK5,85.0,940362.68,12
2024-05-06,BRG5,86.24,390741.63,5
2024-05-07,BRG5,85.6,1086834.59,14
2024-05-08,BRG5,84.28,466351.03,6
2024-05-10,BRK5,87.57,80785.51,1
2024-05-13,BRK5,87.0,1848276.2,24
2024-05-14,BRH5,84.3,154367.29,2
2024-05-15,BRG5,84.31,460944.75,6
2024-05-16,BRG5,84.4,766519.23,10
2024-05-17,BRG5,85.16,695024.73,9
2024-05-20,BRG5,85.19,1000227.21,13
2024-05-21,BRG5,84.14,152641.7,2
2024-05-22,BRG5,84.15,303298.24,4
2024-05-23,BRG5,83.2,74886.91,1
2024-05-24,BRK5,84.01,751902.1,10
2024-05-27,BRH5,83.54,73961.22,1
2024-05-28,BRG5,85.36,377307.09,5
2024-05-29,BRG5,85.34,458556.91,6
2024-05-30,BRG5,84.99,534475.51,7
2024-05-31,BRG5,84.6,152699.16,2
2024-06-03,BRG5,81.04,1018763.28,14
2024-06-04,BRJ5,82.19,578466.73,8
2024-06-05,BRG5,80.53,0.0,0
2024-06-06,BRG5,81.0,215887.29,3
2024-06-07,BRG5,82.71,73698.08,1
2024-06-10,BRG5,82.87,0.0,0
2024-06-11,BRM5,83.08,728468.6,10
2024-06-13,BRM5,84.8,521935.54,7
2024-06-14,BRG5,84.1,149879.93,2
2024-06-17,BRJ5,83.0,518697.87,7
2024-06-18,BRK5,84.7,811169.89,11
2024-06-19,BRM5,85.6,1002825.39,14
2024-06-20,BRM5,84.88,811279.26,11
2024-06-21,BRH5,85.8,75469.25,1
2024-06-24,BRJ5,84.85,0.0,0
2024-06-25,BRJ5,85.01,0.0,0
2024-06-26,BRM5,85.12,227462.49,3
2024-06-27,BRJ5,85.51,218586.89,3
2024-06-28,BRK5,86.5,2598730.29,35
2024-07-01,BRM5,87.52,76402.51,1
2024-07-02,BRM5,87.81,1009691.74,13
2024-07-03,BRK5,87.0,153640.9,2
2024-07-04,BRM5,86.32,1920286.72,25
2024-07-05,BRN5,86.8,76501.01,1
2024-07-08,BRH5,86.12,75930.97,1
2024-07-09,BRH5,85.59,373775.56,5
2024-07-10,BRK5,84.97,300499.59,4
2024-07-11,BRH5,85.56,747255.68,10
2024-07-12,BRH5,86.35,75765.82,1
2024-07-15,BRJ5,86.13,226886.31,3
2024-07-16,BRH5,84.0,370786.1,5
2024-07-17,BRH5,85.08,224410.95,3
2024-07-18,BRJ5,86.35,75880.41,1
2024-07-19,BRM5,84.0,446704.53,6
2024-07-22,BRM5,84.18,222023.21,3
2024-07-23,BRJ5,82.43,289998.55,4
2024-07-24,BRN5,83.87,288792.05,4
2024-07-25,BRJ5,82.73,0.0,0
2024-07-26,BRN5,83.0,143056.12,2
2024-07-29,BRM5,83.88,72602.67,1
2024-07-30,BRK5,81.34,843314.61,12
2024-07-31,BRK5,81.47,1050703.25,15
2024-08-01,BRN5,83.6,1565691.05,22
2024-08-02,BRM5,81.45,2096263.51,30
2024-08-05,BRK5,81.4,479866.16,7
2024-08-06,BRN5,82.27,1045846.86,15
2024-08-07,BRQ5,83.15,775694.57,11
2024-08-08,BRM5,83.16,71985.04,1
2024-08-09,BRM5,82.01,1122528.67,16
2024-08-12,BRQ5,83.0,1787391.78,24
2024-08-13,BRM5,82.54,1802138.03,24
2024-08-14,BRM5,82.41,1264379.27,17
2024-08-15,BRM5,82.36,290504.99,4
2024-08-16,BRN5,82.0,145219.38,2
2024-08-19,BRQ5,80.3,510922.28,7
2024-08-20,BRN5,81.78,659067.12,9
2024-08-21,BRN5,81.51,74733.42,1
2024-08-22,BRQ5,79.63,582217.22,8
2024-08-23,BRN5,81.7,149667.2,2
2024-08-26,BRQ5,82.3,224819.99,3
2024-08-27,BRN5,81.87,150375.98,2
2024-08-28,BRK5,80.18,0.0,0
2024-08-29,BRQ5,81.0,74078.39,1
2024-08-30,BRM5,80.42,147822.92,2
2024-09-02,BRU5,78.69,70822.02,1
2024-09-03,BRK5,78.2,692944.3,10
2024-09-04,BRN5,79.0,488681.53,7
2024-09-05,BRU5,79.05,3479167.23,48
2024-09-06,BRN5,76.3,837738.53,12
2024-09-09,BRQ5,75.9,1029850.09,15
2024-09-10,BRN5,77.0,423136.5,6
2024-09-11,BRN5,75.0,882444.18,13
2024-09-12,BRU5,76.27,4240532.23,61
2024-09-13,BRQ5,77.11,141657.76,2
2024-09-16,BRU5,75.99,626165.83,9
2024-09-17,BRU5,76.33,422247.47,6
2024-09-18,BRM5,75.99,140981.13,2
2024-09-19,BRM5,77.99,868860.02,12
2024-09-20,BRU5,77.2,359932.67,5
2024-09-23,BRU5,77.0,938306.15,13
2024-09-24,BRU5,78.0,1814880.3,25
2024-09-25,BRM5,77.53,429770.52,6
2024-09-26,BRQ5,75.23,561670.64,8
2024-09-27,BRQ5,75.75,2554324.86,36
2024-09-30,BRU5,75.0,279573.09,4
2024-10-01,BRM5,77.5,1411854.54,20
2024-10-02,BRN5,78.69,1993544.18,27
2024-10-03,BRQ5,79.5,443211.71,6
2024-10-04,BRQ5,79.5,1523318.09,20
2024-10-07,BRV5,80.58,3861040.39,51
2024-10-08,BRM5,78.0,1536371.27,20
2024-10-09,BRU5,78.8,912031.44,12
2024-10-10,BRM5,79.28,536401.71,7
2024-10-11,BRU5,81.0,1638959.21,21
2024-10-14,BRM5,78.5,379228.5,5
2024-10-15,BRU5,77.79,2403843.41,32
2024-10-16,BRU5,77.85,151428.84,2
2024-10-17,BRN5,78.11,151367.85,2
2024-10-18,BRV5,76.34,446739.46,6
2024-10-21,BRQ5,77.2,446541.37,6
2024-10-22,BRN5,79.13,228661.76,3
2024-10-23,BRV5,79.7,305172.83,4
2024-10-24,BRQ5,78.0,2777120.89,36
2024-10-25,BRU5,77.96,299943.99,4
2024-10-28,BRU5,76.3,2609653.24,35
2024-10-29,BRN5,75.0,658012.05,9
2024-10-30,BRU5,76.6,588645.84,8
2024-10-31,BRQ5,77.1,447371.2,6
2024-11-01,BRN5,76.79,1794809.54,24
2024-11-02,BRV5,77.14,75249.99,1
2024-11-05,BRQ5,78.17,542613.59,7
2024-11-06,BRU5,77.06,378219.8,5
2024-11-07,BRV5,79.5,77967.72,1
2024-11-08,BRV5,76.88,378146.03,5
2024-11-11,BRQ5,75.89,1277725.04,17
2024-11-12,BRU5,75.26,2902433.29,40
2024-11-13,BRU5,74.44,442006.28,6
2024-11-14,BRU5,75.4,519280.09,7
2024-11-15,BRU5,76.47,598752.64,8
2024-11-18,BRQ5,74.18,370718.58,5
2024-11-19,BRU5,75.09,455118.32,6
2024-11-20,BRU5,74.73,150489.15,2
2024-11-21,BRX5,77.98,233667.75,3
2024-11-22,BRQ5,76.4,868204.12,11
2024-11-25,BRU5,76.19,399729.52,5
2024-11-26,BRU5,75.75,238024.84,3
2024-11-27,BRU5,74.91,569506.44,7
2024-11-28,BRU5,75.57,574496.59,7
2024-11-29,BRU5,74.97,161104.97,2
2024-12-02,BRQ5,75.23,2264935.5,28
2024-12-03,BRZ5,78.36,323373.71,4
2024-12-04,BRU5,76.22,158782.86,2
2024-12-05,BRZ5,76.95,5581220.7,72
2024-12-06,BRQ5,74.29,664433.89,9
2024-12-09,BRZ5,75.0,225563.43,3
2024-12-10,BRZ5,75.22,300937.47,4
2024-12-11,BRZ5,76.8,235322.95,3
2024-12-12,BRZ5,76.9,789365.14,10
2024-12-13,BRZ5,76.83,392891.1,5
2024-12-16,BRZ5,75.75,77956.22,1
2024-12-17,BRV5,75.95,2581488.03,33
2024-12-18,BRU5,75.37,1626702.22,21
2024-12-19,BRU5,74.76,467544.31,6
2024-12-20,BRU5,74.33,76072.15,1
2024-12-23,BRV5,75.32,837444.08,11
2024-12-24,BRU5,74.82,223535.52,3
2024-12-25,BRU5,75.27,0.0,0
2024-12-26,BRV5,75.45,525330.91,7
2024-12-27,BRX5,75.61,303866.3,4
2024-12-28,BRU5,75.0,4575586.8,60
2024-12-30,BRU5,75.95,385772.77,5
2025-01-03,BRZ5,77.48,2454263.23,31
2025-01-06,BRU5,77.25,1099045.73,14
2025-01-08,BRZ5,78.01,877292.46,11
2025-01-09,BRZ5,78.3,319731.29,4
2025-01-10,BRZ5,79.5,3520364.77,44
2025-01-13,BRZ5,79.13,1793601.82,22
2025-01-14,BRZ5,78.27,244641.22,3
2025-01-15,BRZ5,79.77,1386620.2,17
2025-01-16,BRZ5,79.01,980978.98,12
2025-01-17,BRV5,78.58,401246.64,5
2025-01-20,BRF6,77.6,8695214.48,107
2025-01-21,BRZ5,78.04,2321292.12,30
2025-01-22,BRV5,77.0,759884.41,10
2025-01-23,BRV5,77.57,76870.16,1
2025-01-24,BRX5,76.6,903189.89,12
2025-01-27,BRX5,77.18,149622.14,2
2025-01-28,BRZ5,76.68,671369.43,9
2025-01-29,BRZ5,75.7,148410.68,2
2025-01-30,BRF6,75.34,222601.48,3
2025-01-31,BRZ5,76.22,297100.0,4
2025-02-03,BRZ5,75.14,756900.61,10
2025-02-04,BRZ5,75.8,1924696.24,26
2025-02-05,BRZ5,75.0,442407.26,6
2025-02-06,BRG6,74.7,1594418.38,22
2025-02-07,BRX5,75.23,292733.28,4
2025-02-10,BRV5,76.22,878375.0,12
2025-02-11,BRV5,76.82,4418952.77,59
2025-02-12,BRV5,75.71,2795958.45,40
2025-02-13,BRV5,75.21,688287.66,10
2025-02-14,BRZ5,76.01,341208.85,5
2025-02-17,BRX5,75.0,137152.06,2
2025-02-18,BRF6,76.92,979135.26,14
2025-02-19,BRG6,77.24,1174924.45,17
2025-02-20,BRX5,75.73,134057.7,2
2025-02-21,BRX5,75.61,947775.27,14
2025-02-24,BRZ5,76.2,1067766.08,16
2025-02-25,BRH6,77.0,1670434.45,25
2025-02-26,BRH6,76.49,2168579.68,34
2025-02-27,BRZ5,76.11,132430.79,2
2025-02-28,BRZ5,75.12,199478.02,3
2025-03-03,BRZ5,75.68,336997.93,5
2025-03-04,BRZ5,72.87,3157409.6,48
2025-03-05,BRF6,72.33,521954.43,8
2025-03-06,BRZ5,72.41,5191482.0,81
2025-03-07,BRF6,72.89,518487.45,8
2025-03-10,BRZ5,72.2,318291.14,5
2025-03-11,BRZ5,72.24,435639.27,7
2025-03-12,BRF6,72.47,62773.8,1
2025-03-13,BRX5,71.77,312937.14,5
2025-03-14,BRZ5,72.72,62226.07,1
2025-03-17,BRZ5,72.65,367784.49,6
2025-03-18,BRX5,72.5,1010092.57,17
2025-03-19,BRX5,71.9,59568.22,1
2025-03-20,BRZ5,73.46,0.0,0
2025-03-21,BRH6,75.0,126748.4,2
2025-03-24,BRZ5,72.91,489344.33,8
2025-03-25,BRZ5,74.38,995178.08,16
2025-03-26,BRF6,74.45,564798.25,9
2025-03-27,BRH6,75.5,2336372.56,37
2025-03-28,BRH6,74.71,313127.05,5
2025-03-31,BRH6,75.24,831118.11,13
2025-04-01,BRH6,75.75,963774.7,15
2025-04-02,BRF6,74.02,187841.17,3
2025-04-03,BRZ5,70.79,3382678.22,56
2025-04-04,BRZ5,65.52,14702537.94,265
2025-04-07,BRZ5,63.9,7104705.3,128
2025-04-08,BRZ5,65.0,2337673.98,42
2025-04-09,BRZ5,62.48,5344067.56,97
2025-04-10,BRF6,64.07,2584551.31,47
2025-04-11,BRZ5,65.09,768653.4,14
2025-04-14,BRF6,65.78,1350717.69,25
2025-04-15,BRH6,65.1,2079835.61,39
2025-04-16,BRJ6,65.32,1564289.01,29
2025-04-17,BRF6,66.48,1687988.11,31
2025-04-18,BRF6,67.75,2831595.51,52
2025-04-21,BRF6,66.44,2547928.12,47
2025-04-22,BRF6,67.99,222000.24,4
2025-04-23,BRH6,67.6,1753737.28,31
2025-04-24,BRF6,68.19,167402.06,3
2025-04-25,BRG6,67.93,56147.47,1
2025-04-28,BRF6,68.0,564701.98,10
2025-04-29,BRF6,66.32,1744765.8,32
2025-04-30,BRH6,66.2,1680750.32,31
2025-05-02,BRF6,64.5,1218667.15,23
2025-05-05,BRF6,63.52,2407075.01,46
2025-05-06,BRH6,64.65,209373.92,4
2025-05-07,BRF6,65.0,158649.67,3
2025-05-08,BRH6,66.64,1514028.92,28
2025-05-12,BRF6,68.28,986343.82,18
2025-05-13,BRF6,68.0,218290.5,4
2025-05-14,BRH6,68.86,2324658.08,42
2025-05-15,BRH6,68.89,1938861.95,35
2025-05-16,BRG6,64.34,647063.89,12
2025-05-19,BRG6,66.98,215806.25,4
2025-05-20,BRG6,67.57,215770.19,4
2025-05-21,BRG6,68.08,432644.07,8
2025-05-22,BRH6,66.71,106877.74,2
2025-05-23,BRH6,66.01,52617.1,1
2025-05-26,BRG6,66.53,0.0,0
2025-05-27,BRH6,66.91,213184.1,4
2025-05-28,BRH6,67.18,373413.01,7
2025-05-29,BRH6,66.56,581874.72,11
2025-05-30,BRH6,66.0,104254.14,2
2025-06-02,BRG6,67.5,262231.87,5
2025-06-03,BRH6,67.9,480872.95,9
2025-06-04,BRJ6,67.89,106590.7,2
2025-06-05,BRG6,67.36,105872.19,2
2025-06-06,BRJ6,68.87,323917.37,6
2025-06-09,BRG6,68.01,161126.49,3
2025-06-10,BRH6,68.33,6116981.92,115
2025-06-11,BRH6,67.07,858318.03,16
2025-06-13,BRH6,73.21,7374856.06,128
2025-06-16,BRG6,72.59,13014769.14,225
2025-06-17,BRJ6,76.05,3388474.6,57
2025-06-18,BRH6,76.6,7542528.06,125
2025-06-19,BRG6,77.5,2180886.99,36
2025-06-20,BRJ6,77.03,4165577.38,68
2025-06-23,BRH6,76.41,9061206.28,147
2025-06-24,BRH6,68.29,12247191.73,218
2025-06-25,BRJ6,68.34,5063184.52,94
2025-06-26,BRJ6,68.3,1917899.45,36
2025-06-27,BRH6,68.1,374153.51,7
2025-06-30,BRH6,68.06,958109.32,18
2025-07-01,BRJ6,68.17,636315.84,12
2025-07-02,BRH6,68.08,691628.19,13
2025-07-03,BRH6,68.03,861438.05,16
2025-07-04,BRJ6,67.93,215196.99,4
2025-07-07,BRJ6,68.27,536592.52,10
2025-07-08,BRJ6,68.16,267366.53,5
2025-07-09,BRH6,67.53,583012.01,11
2025-07-10,BRH6,67.45,686036.32,13
2025-07-11,BRH6,68.5,2162522.1,41
2025-07-14,BRJ6,67.63,1762802.4,33
2025-07-15,BRH6,67.01,1102339.52,21
2025-07-16,BRJ6,66.71,521706.08,10
2025-07-17,BRJ6,67.5,474328.58,9
2025-07-18,BRJ6,68.6,1066684.36,20
2025-07-21,BRJ6,67.5,318134.57,6
2025-07-22,BRJ6,67.17,1627076.97,31
2025-07-23,BRJ6,67.47,743001.71,14
2025-07-24,BRJ6,67.75,53429.21,1
2025-07-25,BRJ6,67.93,486560.22,9
2025-07-28,BRJ6,68.62,597528.86,11
2025-07-29,BRJ6,69.12,679907.58,12
2025-07-30,BRJ6,70.83,1781156.83,31
2025-07-31,BRJ6,70.7,2382197.52,42
2025-08-01,BRJ6,68.63,1287013.55,23
2025-08-04,BRJ6,68.09,3348490.18,61
2025-08-05,BRJ6,67.89,379432.27,7
2025-08-06,BRJ6,68.1,599158.05,11
2025-08-07,BRJ6,67.25,4737956.82,89
2025-08-08,BRJ6,67.02,1860659.74,35
2025-08-11,BRJ6,66.6,2089898.9,39
2025-08-12,BRJ6,66.6,212937.14,4
2025-08-13,BRJ6,65.88,1629764.1,31
2025-08-14,BRJ6,66.4,369241.55,7
2025-08-15,BRJ6,66.62,1006057.55,19
2025-09-23,BRK6,66.91,0.0,0
2025-09-24,BRK6,66.86,0.0,0
2025-09-25,BRK6,67.83,622762.72,11
2025-09-26,BRK6,68.85,283569.41,5
2025-09-29,BRK6,66.73,896619.15,16
2025-09-30,BRK6,65.84,818302.28,15
2025-10-01,BRK6,65.1,585048.49,11
2025-10-02,BRK6,64.51,839077.9,16
2025-10-03,BRK6,64.43,1107581.86,21
2025-10-06,BRK6,64.84,806295.2,15
2025-10-07,BRK6,64.52,371697.67,7
2025-10-08,BRK6,65.4,4700480.47,89
2025-10-09,BRK6,64.82,211829.6,4
2025-10-10,BRK6,63.15,1332129.75,26
2025-10-13,BRK6,62.07,11022708.5,217
2025-10-14,BRK6,61.12,1275456.4,26
2025-10-15,BRK6,61.42,918151.11,19
2025-10-16,BRK6,60.83,677432.68,14
2025-10-17,BRK6,60.98,3664717.44,74
2025-10-20,BRK6,61.05,4024936.73,81
2025-10-21,BRK6,61.42,1598706.11,32
2025-10-22,BRK6,62.35,3501411.08,69
2025-10-23,BRK6,64.1,3661867.39,71
2025-10-24,BRK6,64.22,4043828.16,78
2025-10-27,BRK6,64.04,2935304.25,58
2025-10-28,BRK6,63.04,910357.36,18
2025-10-29,BRK6,63.53,250311.37,5
2025-10-30,BRK6,63.2,254182.39,5
2025-10-31,BRK6,63.86,929713.25,18
2025-11-01,BRK6,63.82,413942.72,8
2025-11-03,BRK6,63.7,1085580.43,21
2025-11-05,BRK6,63.61,3468681.17,67
2025-11-06,BRK6,62.45,3190243.64,62
2025-11-07,BRK6,62.83,1175246.52,23
2025-11-10,BRK6,62.82,2299567.79,45
2025-11-11,BRK6,63.75,926622.71,18
2025-11-12,BRK6,62.55,2267320.61,44
2025-11-13,BRK6,62.42,3408825.76,68
2025-11-14,BRK6,62.87,1685782.86,33
2025-11-17,BRK6,63.4,1178764.97,23
2025-11-18,BRM6,62.8,1019416.87,20
2025-11-19,BRK6,62.48,2747064.16,54
2025-11-20,BRK6,62.8,1260591.36,25
2025-11-21,BRK6,61.13,15701295.19,321
2025-11-24,BRK6,61.33,3826161.75,79
2025-11-25,BRM6,60.89,2798379.89,58
2025-11-26,BRK6,61.2,1639425.75,34
2025-11-27,BRK6,61.77,1400030.9,29
2025-11-28,BRK6,62.15,1991280.45,41
2025-12-01,BRK6,62.3,2516588.37,52
2025-12-02,BRK6,62.22,1059338.89,22
2025-12-03,BRK6,62.2,1941460.83,40
2025-12-04,BRM6,62.18,669014.8,14
2025-12-05,BRK6,63.14,1809546.19,38
2025-12-08,BRK6,62.05,5862926.28,121
2025-12-09,BRK6,61.46,4878992.47,103
2025-12-10,BRK6,61.05,9639921.59,202
2025-12-11,BRK6,60.57,5900326.42,122
2025-12-12,BRK6,60.52,5523379.68,114
2025-12-15,BRK6,60.2,11219969.84,233
2025-12-16,BRK6,59.0,23001222.8,485
2025-12-17,BRM6,60.03,8504141.48,177
2025-12-18,BRK6,60.25,8073740.59,168
2025-12-19,BRM6,60.07,6538885.6,135
2025-12-22,BRK6,60.96,9371321.42,195
2025-12-23,BRK6,60.84,2492504.02,52
2025-12-24,BRK6,61.21,5249822.09,109
2025-12-25,BRM6,61.5,3300437.25,69
2025-12-26,BRK6,61.0,8194090.19,172
2025-12-29,BRK6,61.23,10058113.79,214
2025-12-30,BRK6,61.29,2539512.46,53
2026-01-05,BRK6,60.81,11291539.01,239
2026-01-06,BRK6,61.23,6661480.65,139
2026-01-08,BRM6,60.7,13478577.8,284
2026-01-09,BRK6,62.43,15017038.72,311
2026-01-12,BRK6,62.36,23909534.86,485
2026-01-13,BRK6,64.45,26149392.6,524
2026-01-14,BRK6,65.26,41317249.2,815
2026-01-15,BRK6,62.87,44466472.41,884
2026-01-16,BRN6,63.63,8682737.28,176
2026-01-19,BRK6,63.19,13731989.88,281
2026-01-20,BRK6,63.66,14529832.55,295
2026-01-21,BRK6,63.87,10749316.06,218
2026-01-22,BRK6,63.13,11598007.93,240
2026-01-23,BRK6,64.57,15879296.05,329
2026-01-26,BRK6,64.3,57192043.96,1162
2026-01-27,BRK6,64.92,26976698.48,548
2026-01-28,BRK6,66.22,36054655.58,718
2026-01-29,BRK6,68.9,43022231.34,833
2026-01-30,BRK6,68.59,32167547.57,624
2026-02-02,BRK6,65.1,69746928.35,1369
2026-02-03,BRK6,65.72,35802772.67,716
2026-02-04,BRK6,66.59,46703673.0,917
2026-02-05,BRK6,66.34,49026182.52,952
2026-02-06,BRK6,67.26,49783718.84,969
2026-02-09,BRK6,67.65,80992658.96,1557
2026-02-10,BRK6,68.2,43886417.53,835
2026-02-11,BRK6,68.52,88654900.11,1668
2026-02-12,BRK6,67.3,56638741.12,1082
2026-02-13,BRK6,66.72,58929086.66,1145
2026-02-16,BRM6,66.89,10048227.99,197
2026-02-17,BRM6,65.83,54338508.3,1066
2026-02-18,BRM6,67.97,25183887.91,495
2026-02-19,BRM6,69.8,45128739.31,852
2026-02-20,BRM6,69.8,47776546.03,890
2026-02-24,BRM6,70.09,55692616.71,1035
2026-02-25,BRM6,69.95,14921345.43,278
2026-02-26,BRM6,70.84,68696891.75,1278
2026-02-27,BRM6,72.16,89002966.99,1622
2026-03-02,BRM6,77.33,708146429.43,12017
2026-03-03,BRM6,79.75,580642294.98,9533
2026-03-04,BRM6,78.05,606575037.37,9963
2026-03-05,BRM6,79.8,318257798.69,5141
2026-03-06,BRM6,84.26,779862418.71,11972
2026-03-09,BRM6,89.73,2478968665.36,32988
2026-03-10,BRM6,86.02,1882264934.18,27371
2026-03-11,BRM6,89.42,1041041594.95,15082
2026-03-12,BRM6,94.94,1186904613.13,16142
2026-03-13,BRM6,95.28,1421595397.8,18626
2026-03-16,BRM6,95.39,1657470516.63,21122
2026-03-17,BRM6,96.92,616709911.85,7824
2026-03-18,BRM6,100.87,1489592904.65,18173
2026-03-19,BRM6,102.57,1630490541.69,18596
2026-03-20,BRM6,102.19,784967437.73,9171
2026-03-23,BRN6,95.97,397365851.09,5020
2026-03-24,BRN6,93.9,162218661.49,2088
2026-03-25,BRN6,95.5,118232624.69,1548
2026-03-26,BRN6,96.38,137068674.44,1722
2026-03-27,BRN6,98.77,168724876.93,2128
2026-03-30,BRN6,99.84,223466363.03,2767
2026-03-31,BRN6,91.0,1378042693.18,17993
2026-04-01,BRN6,88.68,371337295.82,5170
2026-04-02,BRN6,92.81,356823672.8,4815
2026-04-03,BRN6,95.58,129005013.64,1721
2026-04-06,BRN6,93.47,575140213.27,7816
2026-04-07,BRN6,92.63,407564304.23,5501
2026-04-08,BRN6,88.68,543111738.77,8009
2026-04-09,BRN6,87.48,204259398.21,2964
2026-04-10,BRN6,86.9,180506952.18,2677
2026-04-13,BRN6,90.07,573120509.38,8276
2026-04-14,BRN6,88.65,166383501.18,2444
2026-04-15,BRN6,88.92,157401211.96,2339
2026-04-16,BRN6,90.16,139742851.24,2040
2026-04-17,BRQ6,84.56,116685455.48,1816
2026-04-20,BRQ6,85.58,99284363.52,1536
2026-04-21,BRQ6,88.25,81681062.08,1258
2026-04-22,BRQ6,89.36,33839204.37,509
2026-04-23,BRQ6,92.23,73707654.62,1084
2026-04-24,BRQ6,92.26,42452596.08,613
2026-04-27,BRQ6,94.39,59216939.87,845
2026-04-28,BRQ6,95.05,68003743.38,959
2026-04-29,BRQ6,99.5,118279590.63,1612
2026-04-30,BRQ6,100.8,172306648.02,2313
2026-05-04,BRQ6,103.05,252271723.38,3331
2026-05-05,BRQ6,101.15,107174422.03,1398
2026-05-06,BRQ6,94.87,327417973.77,4522
2026-05-07,BRQ6,96.1,180106057.57,2600
2026-05-08,BRQ6,94.25,65377126.09,933
2026-05-11,BRQ6,97.98,171820112.74,2380
2026-05-12,BRQ6,100.4,74489595.82,1009
2026-05-13,BRQ6,98.25,86682704.27,1185
2026-05-14,BRQ6,99.21,62171140.76,862
2026-05-15,BRQ6,101.14,77303673.13,1051
2026-05-18,BRQ6,101.18,270250271.72,3674
2026-05-19,BRQ6,102.68,51034101.96,699
2026-05-20,BRU6,96.14,57826331.64,842
2026-05-21,BRU6,95.98,57934997.25,849
2026-05-22,BRU6,95.56,32082175.29,471
2026-05-25,BRU6,91.33,204110872.1,3092
2026-05-26,BRU6,93.48,158694187.37,2380
2026-05-27,BRU6,91.11,69738080.06,1077
2026-05-28,BRU6,91.29,125037673.32,1916
2026-05-29,BRU6,89.4,64522110.61,1013
2026-06-01,BRU6,92.39,286523175.91,4354
2026-06-02,BRU6,92.86,105846419.03,1589
2026-06-03,BRU6,94.22,146801044.04,2130
2026-06-04,BRU6,91.81,182212321.83,2658
2026-06-05,BRU6,90.41,95665059.45,1434
2026-06-08,BRU6,91.29,214641738.11,3184
2026-06-09,BRU6,90.04,213024005.4,3310
2026-06-10,BRU6,92.0,246980548.03,3815
2026-06-11,BRU6,87.56,564380814.74,8805
2026-06-15,BRU6,82.17,661261626.84,10866
2026-06-16,BRU6,78.97,267142645.01,4644
2026-06-17,BRV6,78.45,46135139.39,799
2026-06-18,BRV6,78.74,30874307.35,543
2026-06-19,BRV6,79.7,40059278.63,689
2026-06-22,BRV6,77.72,48465965.82,840
2026-06-23,BRX6,77.0,53543648.09,929
2026-06-24,BRZ6,74.1,61765768.74,1093
2026-06-25,BRV6,75.15,58157064.15,1036
2026-06-26,BRV6,74.21,49621969.8,875
2026-06-29,BRV6,74.49,112804355.63,1940
2026-06-30,BRV6,74.25,51346477.59,876
2026-07-01,BRV6,73.12,101029807.63,1760
2026-07-02,BRV6,73.11,101457994.51,1795
2026-07-03,BRV6,73.13,103574441.51,1839
2026-07-06,BRV6,73.11,101560543.97,1785
2026-07-07,BRV6,76.0,166018952.07,2932
2026-07-08,BRV6,78.9,470968036.13,7945
2026-07-09,BRV6,76.15,335179100.86,5721
2026-07-10,BRV6,76.16,146539766.48,2506
2026-07-13,BRV6,82.0,473102508.49,7820
2026-07-14,BRX6,82.54,106646489.11,1670
2026-07-15,BRX6,82.91,29511193.68,461
2026-07-16,BRX6,82.13,33307231.32,518
2026-07-17,BRX6,84.43,37968293.66,581
2026-07-20,BRX6,85.12,80661970.32,1209
2026-07-21,BRX6,85.45,43310433.48,646
2026-07-22,BRX6,86.26,43738328.75,648
2026-07-23,BRX6,87.33,49891194.1,729
2026-07-24,BRX6,87.11,36711010.31,543
2026-07-27,BRX6,82.9,90979219.99,1392
2026-07-28,BRX6,80.27,69771490.87,1088
2026-07-29,BRX6,84.99,72444553.32,1099
2026-07-30,BRX6,83.8,42535815.13,635
2026-07-31,BRX6,84.36,36770023.32,555
2026-08-03,BRX6,80.93,141542268.9,2172
2026-08-04,BRX6,78.32,253158926.81,3881
2026-08-05,BRX6,77.81,85142268.7,1342
2026-08-06,BRX6,80.34,131981566.0,2045
2026-08-07,BRX6,79.7,165035006.74,2516
2026-08-10,BRX6,84.37,199249084.42,2912
2026-08-11,BRX6,85.09,292359876.27,4197
