date,cnyrub,cnyrub_numtrades,cnyrub_wap
2014-01-06,0.0,0.0,5.394
2014-01-08,0.0,0.0,5.394
2014-01-09,5.482,13.0,5.4768
2014-01-10,5.483,6.0,5.4995
2014-01-13,5.496,3.0,5.4911
2014-01-14,5.51,2.0,5.51
2014-01-15,5.544,60.0,5.5359
2014-01-16,5.5494,19.0,5.5364
2014-01-17,5.54,15.0,5.5436
2014-01-20,5.592,10.0,5.5833
2014-01-21,5.64,28.0,5.6121
2014-01-22,5.6225,23.0,5.6119
2014-01-23,5.6464,23.0,5.6358
2014-01-24,5.75,19.0,5.6797
2014-01-27,5.7532,21.0,5.747
2014-01-28,5.8499,46.0,5.7343
2014-01-29,5.746,32.0,5.7286
2014-01-30,5.805,7.0,5.8404
2014-01-31,5.82,2.0,5.82
2014-02-03,5.82,3.0,5.8337
2014-02-04,5.85,5.0,5.8496
2014-02-05,5.77,11.0,5.8059
2014-02-06,5.772,4.0,5.7683
2014-02-07,5.756,24.0,5.7308
2014-02-10,5.769,24.0,5.7476
2014-02-11,5.753,43.0,5.7557
2014-02-12,5.773,24.0,5.7482
2014-02-13,5.8097,40.0,5.7645
2014-02-14,5.8122,68.0,5.8339
2014-02-17,5.8121,29.0,5.8061
2014-02-18,5.8425,49.0,5.8249
2014-02-19,5.9202,59.0,5.8753
2014-02-20,5.9,33.0,5.8934
2014-02-21,6.0392,20.0,5.8652
2014-02-24,5.8338,9.0,5.8261
2014-02-25,5.8133,14.0,5.8195
2014-02-26,5.89,17.0,5.8627
2014-02-27,5.93,47.0,5.8972
2014-02-28,5.8901,42.0,5.9009
2014-03-03,5.9518,23.0,5.944
2014-03-04,5.901,40.0,5.9232
2014-03-05,5.89,20.0,5.8945
2014-03-06,5.9245,17.0,5.9143
2014-03-07,5.9446,24.0,5.9378
2014-03-11,5.9346,17.0,5.9398
2014-03-12,5.936,9.0,5.9367
2014-03-13,5.9395,5.0,5.9386
2014-03-14,5.967,9.0,5.964
2014-03-17,5.9146,5.0,5.9376
2014-03-18,5.88,14.0,5.8943
2014-03-19,5.823,19.0,5.837
2014-03-20,5.8313,51.0,5.8101
2014-03-21,5.8475,35.0,5.8575
2014-03-24,5.8317,30.0,5.8277
2014-03-25,5.767,24.0,5.8001
2014-03-26,5.72,23.0,5.7078
2014-03-27,5.7359,16.0,5.7303
2014-03-28,5.75,14.0,5.749
2014-03-31,5.6944,89.0,5.697
2014-04-01,5.665,342.0,5.6586
2014-04-02,5.72,339.0,5.6945
2014-04-03,5.72,347.0,5.722
2014-04-04,5.6872,356.0,5.6939
2014-04-07,5.73,403.0,5.7265
2014-04-08,5.74,345.0,5.7286
2014-04-09,5.781,725.0,5.7645
2014-04-10,5.7313,1092.0,5.7263
2014-04-11,5.7613,1060.0,5.7385
2014-04-14,5.7642,1055.0,5.7762
2014-04-15,5.7965,1079.0,5.7816
2014-04-16,5.7742,1077.0,5.7906
2014-04-17,5.7551,1065.0,5.7733
2014-04-18,5.71,1081.0,5.715
2014-04-21,5.6707,1097.0,5.7244
2014-04-22,5.7136,1063.0,5.7238
2014-04-23,5.72,1067.0,5.7182
2014-04-24,5.723,1043.0,5.7129
2014-04-25,5.852,1067.0,5.7481
2014-04-28,5.76,918.0,5.7627
2014-04-29,5.8341,586.0,5.6999
2014-04-30,5.7088,912.0,5.7042
2014-05-02,0.0,0.0,5.7042
2014-05-05,5.7302,970.0,5.7357
2014-05-06,5.8,1073.0,5.7147
2014-05-07,5.6608,1062.0,5.6903
2014-05-08,5.625,1072.0,5.6198
2014-05-12,5.623,1070.0,5.6371
2014-05-13,5.5807,1090.0,5.5898
2014-05-14,5.57,1073.0,5.576
2014-05-15,5.579,1093.0,5.5706
2014-05-16,5.5752,1052.0,5.5811
2014-05-19,5.5425,1077.0,5.5481
2014-05-20,5.5393,990.0,5.544
2014-05-21,5.5215,986.0,5.5323
2014-05-22,5.5046,1088.0,5.5043
2014-05-23,5.4824,1074.0,5.4942
2014-05-26,5.4742,1060.0,5.4727
2014-05-27,5.4952,1097.0,5.4952
2014-05-28,5.5132,1089.0,5.5104
2014-05-29,5.5518,1081.0,5.5439
2014-05-30,5.5716,1054.0,5.5657
2014-06-02,5.585,1090.0,5.5832
2014-06-03,5.6054,1047.0,5.6004
2014-06-04,5.5966,1092.0,5.6237
2014-06-05,5.5557,1078.0,5.5698
2014-06-06,5.517,1073.0,5.5459
2014-06-09,5.505,22.0,5.5045
2014-06-10,5.5245,1046.0,5.5226
2014-06-11,5.5256,1080.0,5.5203
2014-06-13,5.5583,60.0,5.5511
2014-06-16,5.5014,1079.0,5.5653
2014-06-17,5.598,1079.0,5.5853
2014-06-18,5.5418,1078.0,5.5746
2014-06-19,5.506,1075.0,5.4992
2014-06-20,5.52,1076.0,5.5212
2014-06-23,5.4908,1062.0,5.5071
2014-06-24,5.427,1081.0,5.4509
2014-06-25,5.42,1086.0,5.4311
2014-06-26,5.4212,1086.0,5.4205
2014-06-27,5.4002,1141.0,5.413
2014-06-30,5.48,1067.0,5.4647
2014-07-01,5.5235,1059.0,5.52
2014-07-02,5.5205,1059.0,5.5128
2014-07-03,5.5099,1080.0,5.5055
2014-07-04,5.5435,1082.0,5.5356
2014-07-07,5.57,1055.0,5.5721
2014-07-08,5.5212,1083.0,5.5327
2014-07-09,5.4975,1063.0,5.4983
2014-07-10,5.4854,1060.0,5.4779
2014-07-11,5.5059,1108.0,5.4916
2014-07-14,5.5303,1050.0,5.5267
2014-07-15,5.5285,1094.0,5.5317
2014-07-16,5.5439,1090.0,5.5376
2014-07-17,5.6285,1075.0,5.6233
2014-07-18,5.654,1074.0,5.6553
2014-07-21,5.664,1075.0,5.6572
2014-07-22,5.6233,1084.0,5.6393
2014-07-23,5.6275,1078.0,5.6204
2014-07-24,5.647,1092.0,5.657
2014-07-25,5.6717,1069.0,5.6649
2014-07-28,5.7352,1069.0,5.7207
2014-07-29,5.7693,1079.0,5.7697
2014-07-30,5.7577,1079.0,5.7738
2014-07-31,5.763,1070.0,5.7458
2014-08-01,5.796,1078.0,5.784
2014-08-04,5.7947,1082.0,5.7828
2014-08-05,5.8109,1071.0,5.8029
2014-08-06,5.865,1053.0,5.8676
2014-08-07,5.899,1063.0,5.8823
2014-08-08,5.9,1083.0,5.9177
2014-08-11,5.8536,1070.0,5.8646
2014-08-12,5.8605,1073.0,5.8611
2014-08-13,5.85,1071.0,5.8827
2014-08-14,5.831,1063.0,5.8523
2014-08-15,5.8495,1146.0,5.8557
2014-08-18,5.8787,536.0,5.8711
2014-08-19,5.8867,1098.0,5.8878
2014-08-20,5.91,1099.0,5.9025
2014-08-21,5.897,1113.0,5.9036
2014-08-22,5.88,1111.0,5.8648
2014-08-25,5.8738,1094.0,5.8723
2014-08-26,5.8768,1092.0,5.874
2014-08-27,5.8636,1085.0,5.8738
2014-08-28,5.9783,1146.0,5.9215
2014-08-29,6.0131,1112.0,6.0052
2014-09-01,6.0661,1115.0,6.0822
2014-09-02,6.0874,1109.0,6.0794
2014-09-03,5.9731,1201.0,6.0443
2014-09-04,5.9992,1128.0,6.0029
2014-09-05,6.0704,1064.0,6.0087
2014-09-08,6.0597,1100.0,6.0477
2014-09-09,6.041,1101.0,6.0411
2014-09-10,6.0904,1108.0,6.0677
2014-09-11,6.115,1156.0,6.0965
2014-09-12,6.1753,1116.0,6.1382
2014-09-15,6.3128,1170.0,6.1819
2014-09-16,6.2728,1256.0,6.2796
2014-09-17,6.2341,1193.0,6.2389
2014-09-18,6.3863,1192.0,6.2508
2014-09-19,6.271,1106.0,6.2594
2014-09-22,6.2809,1116.0,6.2804
2014-09-23,6.28,1105.0,6.2843
2014-09-24,6.2395,1125.0,6.244
2014-09-25,6.2678,1141.0,6.2458
2014-09-26,6.345,1069.0,6.3147
2014-09-29,6.405,67.0,6.4035
2014-09-30,6.3866,1012.0,6.3829
2014-10-01,6.4135,1109.0,6.4237
2014-10-02,6.43,1102.0,6.4284
2014-10-03,6.4867,1057.0,6.459
2014-10-06,6.505,1128.0,6.4896
2014-10-07,6.4832,1080.0,6.4813
2014-10-08,6.513,1094.0,6.5104
2014-10-09,6.529,1133.0,6.5107
2014-10-10,6.571,1155.0,6.5651
2014-10-13,6.647,1081.0,6.5812
2014-10-14,6.645,1121.0,6.6174
2014-10-15,6.62,1069.0,6.6804
2014-10-16,6.7954,1128.0,6.6499
2014-10-17,6.6435,113.0,6.6926
2014-10-20,6.6963,1164.0,6.6711
2014-10-21,6.69,1106.0,6.6945
2014-10-22,6.73,1100.0,6.6999
2014-10-23,6.83,1130.0,6.7822
2014-10-24,6.8546,1122.0,6.8331
2014-10-27,6.9079,1149.0,6.8583
2014-10-28,6.9394,1121.0,6.9443
2014-10-29,7.0133,1097.0,7.0021
2014-10-30,6.8378,1063.0,7.0228
2014-10-31,7.0231,1055.0,6.911
2014-11-03,7.08,871.0,7.089
2014-11-05,7.307,849.0,7.2572
2014-11-06,7.539,92.0,7.4011
2014-11-07,7.575,74.0,7.766
2014-11-10,7.5199,94.0,7.4702
2014-11-11,7.4999,114.0,7.5583
2014-11-12,7.6,115.0,7.5555
2014-11-13,7.5862,83.0,7.531
2014-11-14,7.83,90.0,7.7195
2014-11-17,7.7219,92.0,7.7312
2014-11-18,7.74,103.0,7.6718
2014-11-19,7.652,119.0,7.6648
2014-11-20,7.639,111.0,7.624
2014-11-21,7.44,135.0,7.466
2014-11-24,7.35,99.0,7.2935
2014-11-25,7.509,127.0,7.2995
2014-11-26,7.62,95.0,7.5413
2014-11-27,7.8688,108.0,7.7583
2014-11-28,8.0,41.0,8.0183
2014-12-01,8.4,58.0,8.3986
2014-12-02,8.84,719.0,8.5569
2014-12-03,8.707,667.0,8.8043
2014-12-04,8.7978,834.0,8.6481
2014-12-05,8.68,818.0,8.6982
2014-12-08,8.6746,911.0,8.6722
2014-12-09,8.91,845.0,8.7563
2014-12-10,8.7803,853.0,8.7821
2014-12-11,8.9132,848.0,8.882
2014-12-12,9.23,798.0,9.2613
2014-12-15,9.77,886.0,9.5102
2014-12-16,10.75,26.0,10.0037
2014-12-17,10.9,59.0,10.8873
2014-12-18,9.6,72.0,9.8181
2014-12-19,9.44,832.0,9.6717
2014-12-22,8.8,842.0,9.0934
2014-12-23,8.82,1177.0,8.8323
2014-12-24,8.73,695.0,8.751
2014-12-25,8.84,881.0,8.4928
2014-12-26,8.719,1242.0,8.4551
2014-12-29,9.2501,1228.0,9.0399
2014-12-30,10.9167,1183.0,9.195
2015-01-05,10.916,6.0,10.4309
2015-01-06,10.3434,12.0,10.7766
2015-01-08,10.39,2.0,10.3907
2015-01-09,10.7899,1.0,10.7899
2015-01-12,10.2499,1218.0,10.1244
2015-01-13,10.502,1214.0,10.4782
2015-01-14,10.4263,1188.0,10.6667
2015-01-15,10.4,1238.0,10.5266
2015-01-16,10.49,1207.0,10.4838
2015-01-19,10.5715,1199.0,10.4165
2015-01-20,10.52,1185.0,10.4685
2015-01-21,10.3897,1248.0,10.5762
2015-01-22,10.3747,1188.0,10.5311
2015-01-23,10.278,1234.0,10.204
2015-01-26,10.5367,1235.0,10.4974
2015-01-27,10.5401,1217.0,10.8481
2015-01-28,10.8669,1269.0,10.7691
2015-01-29,11.2,1209.0,11.0253
2015-01-30,11.22,1244.0,11.0748
2015-02-02,10.95,1271.0,11.158
2015-02-03,10.6,1265.0,10.725
2015-02-04,11.0418,1218.0,10.5236
2015-02-05,11.028,1243.0,10.9176
2015-02-06,10.9802,1210.0,10.571
2015-02-09,10.5049,1243.0,10.4983
2015-02-10,10.75,1244.0,10.514
2015-02-11,10.5,1231.0,10.5932
2015-02-12,10.71,1213.0,10.5502
2015-02-13,10.2118,1241.0,10.4111
2015-02-16,9.92,1224.0,9.9978
2015-02-17,10.0823,1191.0,9.9928
2015-02-18,10.0,1232.0,9.9692
2015-02-19,9.9999,1206.0,9.906
2015-02-20,9.82,1191.0,9.8527
2015-02-24,10.0,1208.0,10.0743
2015-02-25,9.92,1245.0,9.961
2015-02-26,9.71,1225.0,9.659
2015-02-27,9.83,1244.0,9.745
2015-03-02,9.88,433.0,9.911
2015-03-03,9.9262,277.0,9.9241
2015-03-04,9.86,229.0,9.8447
2015-03-05,9.68,256.0,9.8396
2015-03-06,9.5,237.0,9.5345
2015-03-10,9.83,289.0,9.658
2015-03-11,9.8912,282.0,10.0068
2015-03-12,9.765,272.0,9.7136
2015-03-13,9.81,277.0,9.7699
2015-03-16,9.9785,344.0,9.9036
2015-03-17,9.809,261.0,9.8632
2015-03-18,9.52,288.0,9.817
2015-03-19,9.6875,264.0,9.6635
2015-03-20,9.5563,298.0,9.6703
2015-03-23,9.5327,244.0,9.5917
2015-03-24,9.3219,251.0,9.4416
2015-03-25,9.215,310.0,9.1725
2015-03-26,9.248,288.0,9.0916
2015-03-27,9.29,263.0,9.2727
2015-03-30,9.2968,271.0,9.367
2015-03-31,9.3731,256.0,9.3021
2015-04-01,9.27,279.0,9.4124
2015-04-02,9.1,245.0,9.1795
2015-04-03,9.1519,254.0,9.1936
2015-04-06,8.9879,241.0,9.1092
2015-04-07,8.8887,272.0,8.9462
2015-04-08,8.6459,291.0,8.6907
2015-04-09,8.45,338.0,8.4412
2015-04-10,8.7,308.0,8.1908
2015-04-13,8.5,325.0,8.4435
2015-04-14,8.3428,252.0,8.361
2015-04-15,8.1999,246.0,8.144
2015-04-16,8.0521,254.0,8.036
2015-04-17,8.41,282.0,8.1892
2015-04-20,8.58,264.0,8.3338
2015-04-21,8.59,272.0,8.6814
2015-04-22,8.4205,296.0,8.6445
2015-04-23,8.1808,263.0,8.321
2015-04-24,8.29,270.0,8.1475
2015-04-27,8.3309,285.0,8.2861
2015-04-28,8.25,288.0,8.4035
2015-04-29,8.2,277.0,8.3333
2015-04-30,8.32,279.0,8.2584
2015-05-05,8.134,269.0,8.3075
2015-05-06,8.118,310.0,8.0614
2015-05-07,8.0913,300.0,8.1312
2015-05-08,8.2132,279.0,8.1886
2015-05-12,8.06,251.0,8.1747
2015-05-13,7.9335,290.0,7.9825
2015-05-14,8.0798,285.0,8.0546
2015-05-15,7.978,288.0,8.0716
2015-05-18,7.9021,293.0,7.9316
2015-05-19,7.9862,275.0,7.944
2015-05-20,8.0205,282.0,8.0503
2015-05-21,8.0461,289.0,8.0424
2015-05-22,8.0555,246.0,8.0498
2015-05-25,8.06,243.0,8.0373
2015-05-26,8.1993,271.0,8.1151
2015-05-27,8.346,303.0,8.2491
2015-05-28,8.517,287.0,8.4328
2015-05-29,8.4509,275.0,8.5154
2015-06-01,8.63,283.0,8.5875
2015-06-02,8.585,312.0,8.5977
2015-06-03,8.7508,333.0,8.5762
2015-06-04,9.09,265.0,8.87
2015-06-05,9.1168,264.0,9.0373
2015-06-08,9.0361,278.0,9.043
2015-06-09,8.9564,255.0,9.0066
2015-06-10,8.6773,268.0,8.7977
2015-06-11,8.8279,276.0,8.7961
2015-06-15,8.7981,263.0,8.8745
2015-06-16,8.67,272.0,8.7103
2015-06-17,8.685,257.0,8.7026
2015-06-18,8.605,273.0,8.6042
2015-06-19,8.7476,251.0,8.6989
2015-06-22,8.6835,265.0,8.641
2015-06-23,8.6999,290.0,8.7626
2015-06-24,8.8095,267.0,8.7351
2015-06-25,8.8091,276.0,8.7988
2015-06-26,8.8732,283.0,8.852
2015-06-29,8.962,260.0,8.9345
2015-06-30,8.9135,256.0,8.9846
2015-07-01,8.996,259.0,8.9344
2015-07-02,8.95,273.0,8.9751
2015-07-03,8.9891,253.0,8.9726
2015-07-06,9.15,261.0,9.0903
2015-07-07,9.09,262.0,9.2013
2015-07-08,9.264,367.0,9.1902
2015-07-09,9.2228,267.0,9.184
2015-07-10,9.0898,247.0,9.1268
2015-07-13,9.0801,267.0,9.1205
2015-07-14,9.09,297.0,9.17
2015-07-15,9.1512,228.0,9.1227
2015-07-16,9.1155,270.0,9.1634
2015-07-17,9.1796,249.0,9.1459
2015-07-20,9.1668,292.0,9.1566
2015-07-21,9.1716,249.0,9.1779
2015-07-22,9.215,243.0,9.1884
2015-07-23,9.3233,246.0,9.2355
2015-07-24,9.3897,330.0,9.3434
2015-07-27,9.555,313.0,9.4612
2015-07-28,9.6469,341.0,9.6956
2015-07-29,9.4656,336.0,9.6176
2015-07-30,9.5191,387.0,9.4922
2015-07-31,9.907,349.0,9.7091
2015-08-03,10.2061,277.0,10.0591
2015-08-04,10.1428,299.0,10.1168
2015-08-05,10.2115,334.0,10.0938
2015-08-06,10.3075,306.0,10.3015
2015-08-07,10.2964,288.0,10.2913
2015-08-10,10.11,273.0,10.3781
2015-08-11,10.0565,523.0,9.9605
2015-08-12,9.9644,650.0,9.9679
2015-08-13,10.0116,500.0,9.9551
2015-08-14,10.0384,354.0,10.1035
2015-08-17,10.1916,300.0,10.2001
2015-08-18,10.2269,491.0,10.2413
2015-08-19,10.3327,407.0,10.2425
2015-08-20,10.5445,498.0,10.4159
2015-08-21,10.7379,450.0,10.5754
2015-08-24,10.9472,646.0,10.9647
2015-08-25,10.6309,454.0,10.7965
2015-08-26,10.65,574.0,10.7299
2015-08-27,10.248,614.0,10.4213
2015-08-28,10.1432,605.0,10.3436
2015-08-31,10.0259,693.0,10.3817
2015-09-01,10.422,681.0,10.2119
2015-09-02,10.4,309.0,10.4554
2015-09-03,10.44,279.0,10.4163
2015-09-04,10.5645,78.0,10.497
2015-09-07,10.6589,590.0,10.6145
2015-09-08,10.52,579.0,10.6594
2015-09-09,10.597,460.0,10.4918
2015-09-10,10.61,358.0,10.6597
2015-09-11,10.5699,523.0,10.6182
2015-09-14,10.5301,382.0,10.6193
2015-09-15,10.475,526.0,10.5015
2015-09-16,10.21,450.0,10.3114
2015-09-17,10.169,357.0,10.2293
2015-09-18,10.4221,325.0,10.2774
2015-09-21,10.336,420.0,10.3385
2015-09-22,10.3001,357.0,10.3427
2015-09-23,10.333,380.0,10.2866
2015-09-24,10.31,443.0,10.3607
2015-09-25,10.26,345.0,10.2683
2015-09-28,10.4089,311.0,10.2691
2015-09-29,10.384,297.0,10.4165
2015-09-30,10.3369,260.0,10.3611
2015-10-01,10.3471,285.0,10.2578
2015-10-02,10.42,274.0,10.3696
2015-10-05,10.205,300.0,10.2967
2015-10-06,10.006,343.0,10.235
2015-10-07,9.8969,346.0,9.8545
2015-10-08,9.6891,323.0,9.8067
2015-10-09,9.75,331.0,9.6887
2015-10-12,9.845,296.0,9.6642
2015-10-13,9.9181,325.0,9.8429
2015-10-14,9.8881,286.0,9.941
2015-10-15,9.685,295.0,9.7921
2015-10-16,9.622,324.0,9.6519
2015-10-19,9.7681,336.0,9.6684
2015-10-20,9.74,476.0,9.7674
2015-10-21,9.8401,473.0,9.8535
2015-10-22,9.8001,342.0,9.848
2015-10-23,9.7501,390.0,9.6975
2015-10-26,9.85,365.0,9.7805
2015-10-27,10.17,414.0,9.9534
2015-10-28,9.9911,450.0,10.2052
2015-10-29,10.1299,348.0,10.1065
2015-10-30,10.0515,310.0,10.1804
2015-11-02,10.04,290.0,10.0725
2015-11-03,9.84,305.0,10.054
2015-11-05,9.951,367.0,9.9612
2015-11-06,10.127,305.0,10.0119
2015-11-09,10.131,388.0,10.1242
2015-11-10,10.099,265.0,10.0934
2015-11-11,10.248,403.0,10.1118
2015-11-12,10.429,439.0,10.2515
2015-11-13,10.4488,405.0,10.4123
2015-11-16,10.25,406.0,10.3851
2015-11-17,10.125,448.0,10.2496
2015-11-18,10.1,414.0,10.1002
2015-11-19,10.1,324.0,10.1341
2015-11-20,10.065,337.0,10.1306
2015-11-23,10.22,371.0,10.1993
2015-11-24,10.187,364.0,10.2188
2015-11-25,10.216,267.0,10.2066
2015-11-26,10.251,443.0,10.2237
2015-11-27,10.2161,365.0,10.2784
2015-11-30,10.35,450.0,10.3815
2015-12-01,10.32,344.0,10.2954
2015-12-02,10.4641,425.0,10.3854
2015-12-03,10.534,306.0,10.5305
2015-12-04,10.562,334.0,10.5114
2015-12-07,10.747,423.0,10.613
2015-12-08,10.69,432.0,10.6884
2015-12-09,10.6701,418.0,10.6644
2015-12-10,10.6188,451.0,10.6244
2015-12-11,10.7511,400.0,10.6151
2015-12-14,10.78,740.0,10.7563
2015-12-15,10.72,436.0,10.8315
2015-12-16,10.81,420.0,10.7843
2015-12-17,10.83,419.0,10.7793
2015-12-18,10.835,496.0,10.869
2015-12-21,10.8787,362.0,10.8785
2015-12-22,10.9114,372.0,10.8858
2015-12-23,10.7,293.0,10.8486
2015-12-24,10.765,282.0,10.7622
2015-12-25,10.9,88.0,10.8796
2015-12-28,11.015,449.0,10.868
2015-12-29,11.0099,361.0,11.0481
2015-12-30,11.1921,290.0,11.1226
2016-01-04,11.0461,214.0,11.0961
2016-01-05,11.0602,207.0,11.0557
2016-01-06,11.13,224.0,11.0383
2016-01-11,11.608,344.0,11.4369
2016-01-12,11.7409,156.0,11.6482
2016-01-13,11.6561,285.0,11.6172
2016-01-14,11.5361,281.0,11.5642
2016-01-15,11.7481,299.0,11.6722
2016-01-18,12.047,347.0,11.9529
2016-01-19,11.96,374.0,11.8897
2016-01-20,12.3661,405.0,12.1055
2016-01-21,12.593,351.0,12.7752
2016-01-22,11.846,406.0,12.1483
2016-01-25,12.11,360.0,11.9764
2016-01-26,11.8819,368.0,12.3071
2016-01-27,11.7859,338.0,11.9322
2016-01-28,11.5629,409.0,11.649
2016-01-29,11.435,494.0,11.3939
2016-02-01,11.665,391.0,11.5465
2016-02-02,12.01,402.0,11.7906
2016-02-03,11.59,441.0,11.8986
2016-02-04,11.615,315.0,11.5641
2016-02-05,11.83,252.0,11.6824
2016-02-08,11.99,250.0,11.7378
2016-02-09,12.171,270.0,11.97
2016-02-10,11.992,259.0,12.0796
2016-02-11,12.207,257.0,12.1743
2016-02-12,12.0281,260.0,12.1256
2016-02-15,11.9,321.0,11.9852
2016-02-16,11.942,294.0,11.8314
2016-02-17,11.53,290.0,11.805
2016-02-18,11.7259,320.0,11.5718
2016-02-19,11.788,264.0,11.6882
2016-02-20,11.7,44.0,11.5898
2016-02-22,11.49,213.0,11.6726
2016-02-24,11.6,282.0,11.7199
2016-02-25,11.555,310.0,11.6657
2016-02-26,11.547,291.0,11.463
2016-02-29,11.498,289.0,11.5973
2016-03-01,11.2309,286.0,11.297
2016-03-02,11.2009,279.0,11.2321
2016-03-03,11.1841,305.0,11.2942
2016-03-04,11.0771,283.0,11.2325
2016-03-07,10.9961,231.0,11.065
2016-03-09,10.9141,321.0,11.1234
2016-03-10,10.996,345.0,10.8712
2016-03-11,10.82,317.0,10.8282
2016-03-14,10.772,425.0,10.8184
2016-03-15,10.94,398.0,10.8841
2016-03-16,10.6749,311.0,10.9076
2016-03-17,10.557,369.0,10.5238
2016-03-18,10.5829,354.0,10.5718
2016-03-21,10.4555,324.0,10.5613
2016-03-22,10.3659,330.0,10.4633
2016-03-23,10.5501,379.0,10.414
2016-03-24,10.5,646.0,10.5754
2016-03-25,10.4731,278.0,10.4282
2016-03-28,10.51,274.0,10.3999
2016-03-29,10.5089,377.0,10.552
2016-03-30,10.5201,369.0,10.4084
2016-03-31,10.3929,280.0,10.4773
2016-04-01,10.4033,341.0,10.3942
2016-04-04,10.52,373.0,10.5946
2016-04-05,10.565,302.0,10.6249
2016-04-06,10.42,345.0,10.5709
2016-04-07,10.5009,332.0,10.4589
2016-04-08,10.3649,373.0,10.3809
2016-04-11,10.2901,430.0,10.3595
2016-04-12,10.0999,399.0,10.2373
2016-04-13,10.2261,432.0,10.1304
2016-04-14,10.2039,436.0,10.2256
2016-04-15,10.2445,336.0,10.2182
2016-04-18,10.19,409.0,10.451
2016-04-19,10.1861,313.0,10.1334
2016-04-20,10.09,307.0,10.1642
2016-04-21,10.3,292.0,10.071
2016-04-22,10.218,285.0,10.1968
2016-04-25,10.2199,328.0,10.2052
2016-04-26,10.03,359.0,10.2171
2016-04-27,10.027,367.0,10.0264
2016-04-28,9.999,290.0,10.0133
2016-04-29,9.979,284.0,9.9143
2016-05-04,10.2368,316.0,10.1877
2016-05-05,10.102,282.0,10.1051
2016-05-06,10.127,404.0,10.1571
2016-05-10,10.104,398.0,10.1307
2016-05-11,9.9731,446.0,10.1327
2016-05-12,9.897,295.0,9.9177
2016-05-13,9.992,257.0,9.9528
2016-05-16,9.9325,361.0,9.9251
2016-05-17,9.915,398.0,9.8751
2016-05-18,9.98,368.0,9.9465
2016-05-19,10.161,409.0,10.1165
2016-05-20,10.18,337.0,10.1425
2016-05-23,10.181,271.0,10.2135
2016-05-24,10.099,299.0,10.1914
2016-05-25,9.97,317.0,10.036
2016-05-26,10.005,294.0,9.9412
2016-05-27,10.0356,286.0,10.0505
2016-05-30,9.9699,267.0,10.0257
2016-05-31,10.146,43.0,10.0152
2016-06-01,10.163,94.0,10.1413
2016-06-02,10.188,109.0,10.1419
2016-06-03,10.041,101.0,10.1496
2016-06-06,9.966,114.0,10.0094
2016-06-07,9.827,163.0,9.9014
2016-06-08,9.6961,173.0,9.8208
2016-06-09,9.775,114.0,9.7276
2016-06-10,9.89,79.0,9.8156
2016-06-14,9.988,117.0,10.0115
2016-06-15,9.901,111.0,9.973
2016-06-16,9.97,122.0,9.9815
2016-06-17,9.84,100.0,9.9144
2016-06-20,9.756,149.0,9.7361
2016-06-21,9.669,112.0,9.7288
2016-06-22,9.857,91.0,9.7192
2016-06-23,9.698,104.0,9.737
2016-06-24,9.839,97.0,9.877
2016-06-27,9.795,79.0,9.7559
2016-06-28,9.584,146.0,9.6767
2016-06-29,9.588,139.0,9.6292
2016-06-30,9.625,157.0,9.6273
2016-07-01,9.5736,75.0,9.5972
2016-07-04,9.563,81.0,9.5563
2016-07-05,9.635,84.0,9.6181
2016-07-06,9.584,71.0,9.649
2016-07-07,9.635,71.0,9.5702
2016-07-08,9.549,62.0,9.5834
2016-07-11,9.569,42.0,9.5821
2016-07-12,9.528,62.0,9.5403
2016-07-13,9.565,84.0,9.5459
2016-07-14,9.403,83.0,9.4736
2016-07-15,9.454,90.0,9.4535
2016-07-18,9.355,66.0,9.4076
2016-07-19,9.485,72.0,9.4064
2016-07-20,9.538,57.0,9.4822
2016-07-21,9.63,62.0,9.5702
2016-07-22,9.7,74.0,9.6715
2016-07-25,9.786,61.0,9.7028
2016-07-26,9.874,79.0,9.8636
2016-07-27,9.875,71.0,9.8811
2016-07-28,9.994,73.0,9.9599
2016-07-29,9.954,46.0,10.0473
2016-08-01,10.068,73.0,9.9531
2016-08-02,10.049,110.0,10.0359
2016-08-03,9.977,97.0,10.0548
2016-08-04,9.965,63.0,9.9992
2016-08-05,9.832,88.0,9.8222
2016-08-08,9.683,87.0,9.7432
2016-08-09,9.723,68.0,9.6961
2016-08-10,9.765,94.0,9.7466
2016-08-11,9.66,72.0,9.766
2016-08-12,9.7359,59.0,9.7175
2016-08-15,9.626,111.0,9.6589
2016-08-16,9.603,75.0,9.6321
2016-08-17,9.665,74.0,9.6439
2016-08-18,9.616,69.0,9.5918
2016-08-19,9.61,69.0,9.6107
2016-08-22,9.722,60.0,9.6502
2016-08-23,9.683,90.0,9.7252
2016-08-24,9.749,98.0,9.724
2016-08-25,9.71,73.0,9.7404
2016-08-26,9.685,58.0,9.6908
2016-08-29,9.683,98.0,9.7268
2016-08-30,9.75,63.0,9.7045
2016-08-31,9.776,77.0,9.747
2016-09-01,9.8679,147.0,9.7848
2016-09-02,9.71,78.0,9.8241
2016-09-05,9.714,101.0,9.6749
2016-09-06,9.669,95.0,9.6883
2016-09-07,9.6115,86.0,9.6558
2016-09-08,9.5466,94.0,9.5788
2016-09-09,9.6598,34.0,9.6114
2016-09-12,9.6485,120.0,9.7325
2016-09-13,9.797,112.0,9.6985
2016-09-14,9.77,73.0,9.7545
2016-09-15,9.7502,104.0,9.7797
2016-09-16,9.7881,66.0,9.7889
2016-09-19,9.7136,95.0,9.7309
2016-09-20,9.6871,57.0,9.7094
2016-09-21,9.5776,83.0,9.6412
2016-09-22,9.55,350.0,9.5573
2016-09-23,9.5984,141.0,9.5432
2016-09-26,9.563,168.0,9.5779
2016-09-27,9.5833,75.0,9.5483
2016-09-28,9.4278,117.0,9.5617
2016-09-29,9.467,214.0,9.4613
2016-09-30,9.4195,152.0,9.4925
2016-10-03,9.361,125.0,9.3589
2016-10-04,9.3825,89.0,9.3578
2016-10-05,9.3323,97.0,9.3319
2016-10-06,9.2764,97.0,9.3121
2016-10-07,9.267,136.0,9.2834
2016-10-10,9.2288,140.0,9.2911
2016-10-11,9.3239,203.0,9.2744
2016-10-12,9.3694,305.0,9.3169
2016-10-13,9.3631,261.0,9.4024
2016-10-14,9.3452,156.0,9.3504
2016-10-17,9.3463,183.0,9.3398
2016-10-18,9.3221,197.0,9.3243
2016-10-19,9.2462,306.0,9.2687
2016-10-20,9.2575,321.0,9.2539
2016-10-21,9.1943,256.0,9.2198
2016-10-24,9.1625,543.0,9.1784
2016-10-25,9.18,188.0,9.1492
2016-10-26,9.275,429.0,9.1897
2016-10-27,9.2478,554.0,9.2707
2016-10-28,9.2913,252.0,9.2605
2016-10-31,9.3452,300.0,9.3169
2016-11-01,9.347,262.0,9.3159
2016-11-02,9.3872,193.0,9.3667
2016-11-03,9.3955,185.0,9.3896
2016-11-07,9.3634,145.0,9.4163
2016-11-08,9.3833,114.0,9.3856
2016-11-09,9.3456,189.0,9.3978
2016-11-10,9.5982,241.0,9.3167
2016-11-11,9.653,203.0,9.5606
2016-11-14,9.6357,150.0,9.6381
2016-11-15,9.3841,130.0,9.5366
2016-11-16,9.3738,139.0,9.4194
2016-11-17,9.409,224.0,9.4125
2016-11-18,9.3623,159.0,9.4261
2016-11-21,9.2531,185.0,9.3096
2016-11-22,9.241,155.0,9.2116
2016-11-23,9.2899,162.0,9.2628
2016-11-24,9.2804,114.0,9.2933
2016-11-25,9.3569,151.0,9.2932
2016-11-28,9.37,132.0,9.3761
2016-11-29,9.414,176.0,9.3963
2016-11-30,9.279,286.0,9.4137
2016-12-01,9.27,213.0,9.2628
2016-12-02,9.3002,176.0,9.3382
2016-12-05,9.3,186.0,9.2967
2016-12-06,9.2875,247.0,9.2829
2016-12-07,9.166,146.0,9.2401
2016-12-08,9.1551,198.0,9.1958
2016-12-09,9.027,201.0,9.1339
2016-12-12,8.811,323.0,8.8517
2016-12-13,8.7536,275.0,8.8163
2016-12-14,8.9609,207.0,8.83
2016-12-15,8.914,448.0,8.8964
2016-12-16,8.913,300.0,8.8977
2016-12-19,8.9399,202.0,8.9014
2016-12-20,8.861,249.0,8.8783
2016-12-21,8.8299,234.0,8.8049
2016-12-22,8.788,240.0,8.7686
2016-12-23,8.795,276.0,8.7635
2016-12-26,8.778,161.0,8.7674
2016-12-27,8.722,266.0,8.749
2016-12-28,8.657,183.0,8.7015
2016-12-29,8.698,254.0,8.6377
2016-12-30,8.6501,127.0,8.8716
2017-01-03,8.7734,62.0,8.6851
2017-01-04,8.777,40.0,8.7699
2017-01-05,8.62,12.0,8.7013
2017-01-06,8.62,3.0,8.6728
2017-01-09,8.719,95.0,8.7064
2017-01-10,8.7077,170.0,8.7047
2017-01-11,8.697,186.0,8.7087
2017-01-12,8.6409,159.0,8.6424
2017-01-13,8.7071,156.0,8.6731
2017-01-16,8.72,123.0,8.6858
2017-01-17,8.7235,61.0,8.6966
2017-01-18,8.684,91.0,8.687
2017-01-19,8.743,88.0,8.708
2017-01-20,8.751,114.0,8.7189
2017-01-23,8.734,73.0,8.7112
2017-01-24,8.7074,91.0,8.6887
2017-01-25,8.705,53.0,8.6668
2017-01-26,8.8048,50.0,8.7482
2017-01-27,8.714,42.0,8.7661
2017-01-30,8.742,45.0,8.7545
2017-01-31,8.814,44.0,8.774
2017-02-01,8.8,113.0,8.8237
2017-02-02,8.658,101.0,8.7716
2017-02-03,8.679,147.0,8.7039
2017-02-06,8.65,125.0,8.6205
2017-02-07,8.679,122.0,8.6682
2017-02-08,8.6491,98.0,8.6835
2017-02-09,8.5939,110.0,8.611
2017-02-10,8.4968,101.0,8.5653
2017-02-13,8.45,78.0,8.4388
2017-02-14,8.3345,181.0,8.3951
2017-02-15,8.3815,95.0,8.3018
2017-02-16,8.41,97.0,8.3491
2017-02-17,8.535,155.0,8.4252
2017-02-20,8.46,110.0,8.4775
2017-02-21,8.378,83.0,8.4193
2017-02-22,8.4492,159.0,8.3925
2017-02-24,8.5263,14.0,8.4863
2017-02-27,8.4603,137.0,8.4359
2017-02-28,8.528,122.0,8.4629
2017-03-01,8.4773,197.0,8.4761
2017-03-02,8.545,172.0,8.506
2017-03-03,8.4513,142.0,8.5173
2017-03-06,8.435,107.0,8.4492
2017-03-07,8.4294,69.0,8.4268
2017-03-09,8.5924,229.0,8.537
2017-03-10,8.5726,289.0,8.5602
2017-03-13,8.5344,94.0,8.5701
2017-03-14,8.5984,138.0,8.5523
2017-03-15,8.53,118.0,8.5673
2017-03-16,8.4137,156.0,8.4602
2017-03-17,8.3237,86.0,8.3869
2017-03-20,8.3227,138.0,8.3315
2017-03-21,8.3816,123.0,8.3132
2017-03-22,8.4475,134.0,8.4006
2017-03-23,8.35,88.0,8.3767
2017-03-24,8.278,97.0,8.3455
2017-03-27,8.3193,146.0,8.3147
2017-03-28,8.3028,131.0,8.2908
2017-03-29,8.2511,138.0,8.2903
2017-03-30,8.1672,84.0,8.1999
2017-03-31,8.1823,114.0,8.145
2017-04-03,8.2086,136.0,8.1813
2017-04-04,8.16,93.0,8.2033
2017-04-05,8.1582,97.0,8.1276
2017-04-06,8.1567,101.0,8.1848
2017-04-07,8.29,111.0,8.2597
2017-04-10,8.2994,112.0,8.3022
2017-04-11,8.25,99.0,8.245
2017-04-12,8.225,173.0,8.2318
2017-04-13,8.1833,133.0,8.2309
2017-04-14,8.185,56.0,8.1745
2017-04-17,8.1433,146.0,8.1666
2017-04-18,8.1788,56.0,8.1473
2017-04-19,8.2264,79.0,8.1614
2017-04-20,8.1721,89.0,8.1999
2017-04-21,8.2154,76.0,8.1771
2017-04-24,8.12,51.0,8.1221
2017-04-25,8.1648,49.0,8.1225
2017-04-26,8.2807,62.0,8.2035
2017-04-27,8.27,88.0,8.2448
2017-04-28,8.243,51.0,8.2622
2017-05-02,8.292,55.0,8.2718
2017-05-03,8.31,74.0,8.2941
2017-05-04,8.4735,57.0,8.3795
2017-05-05,8.4264,69.0,8.4666
2017-05-10,8.3177,50.0,8.3838
2017-05-11,8.26,72.0,8.2752
2017-05-12,8.28,56.0,8.2878
2017-05-15,8.1764,73.0,8.1883
2017-05-16,8.22,71.0,8.1782
2017-05-17,8.2682,78.0,8.2507
2017-05-18,8.37,82.0,8.365
2017-05-19,8.251,39.0,8.2921
2017-05-22,8.2325,86.0,8.2189
2017-05-23,8.1812,78.0,8.2165
2017-05-24,8.2135,89.0,8.1817
2017-05-25,8.307,71.0,8.1827
2017-05-26,8.3,149.0,8.3243
2017-05-29,8.2701,54.0,8.3152
2017-05-30,8.297,71.0,8.2906
2017-05-31,8.4,144.0,8.3753
2017-06-01,8.3536,128.0,8.3761
2017-06-02,8.358,131.0,8.3486
2017-06-05,8.3573,83.0,8.3483
2017-06-06,8.35,96.0,8.3709
2017-06-07,8.4064,120.0,8.3541
2017-06-08,8.3902,104.0,8.4073
2017-06-09,8.3926,107.0,8.3935
2017-06-13,8.38,48.0,8.3809
2017-06-14,8.4628,54.0,8.3949
2017-06-15,8.5,62.0,8.4605
2017-06-16,8.4743,69.0,8.466
2017-06-19,8.5562,62.0,8.5185
2017-06-20,8.7219,69.0,8.6076
2017-06-21,8.8405,76.0,8.7598
2017-06-22,8.7769,70.0,8.7683
2017-06-23,8.6917,97.0,8.7153
2017-06-26,8.5825,128.0,8.616
2017-06-27,8.6655,77.0,8.6385
2017-06-28,8.7056,84.0,8.7512
2017-06-29,8.7377,79.0,8.7002
2017-06-30,8.6912,108.0,8.7507
2017-07-03,8.7347,89.0,8.7016
2017-07-04,8.7175,103.0,8.7086
2017-07-05,8.8433,223.0,8.7626
2017-07-06,8.847,144.0,8.8386
2017-07-07,8.8675,140.0,8.8911
2017-07-10,8.8518,157.0,8.8756
2017-07-11,8.9408,128.0,8.9218
2017-07-12,8.8394,75.0,8.9111
2017-07-13,8.8283,151.0,8.8596
2017-07-14,8.7396,81.0,8.8132
2017-07-17,8.7787,83.0,8.7394
2017-07-18,8.7716,64.0,8.7722
2017-07-19,8.7317,187.0,8.7579
2017-07-20,8.7152,92.0,8.7328
2017-07-21,8.7764,184.0,8.7146
2017-07-24,8.9039,176.0,8.8685
2017-07-25,8.8697,82.0,8.8704
2017-07-26,8.82,116.0,8.8723
2017-07-27,8.8303,140.0,8.825
2017-07-28,8.8362,177.0,8.8261
2017-07-31,8.8901,138.0,8.9205
2017-08-01,8.9568,110.0,8.9108
2017-08-02,8.996,134.0,9.0075
2017-08-03,8.96,82.0,8.9925
2017-08-04,8.9106,119.0,8.9665
2017-08-07,8.9206,152.0,8.9476
2017-08-08,8.9202,66.0,8.9395
2017-08-09,8.9578,218.0,8.9557
2017-08-10,9.014,1616.0,8.97
2017-08-11,8.965,596.0,9.0072
2017-08-14,8.941,507.0,8.952
2017-08-15,8.9212,177.0,8.958
2017-08-16,8.8755,368.0,8.8964
2017-08-17,8.8651,192.0,8.8702
2017-08-18,8.8392,550.0,8.8856
2017-08-21,8.8726,524.0,8.8537
2017-08-22,8.8534,166.0,8.8606
2017-08-23,8.8637,145.0,8.8736
2017-08-24,8.8781,168.0,8.8829
2017-08-25,8.8203,164.0,8.8791
2017-08-28,8.8377,102.0,8.8221
2017-08-29,8.899,94.0,8.8856
2017-08-30,8.8791,130.0,8.8918
2017-08-31,8.7973,88.0,8.8419
2017-09-01,8.7719,95.0,8.808
2017-09-04,8.8594,59.0,8.8531
2017-09-05,8.7925,92.0,8.8199
2017-09-06,8.7765,144.0,8.7808
2017-09-07,8.785,54.0,8.7737
2017-09-08,8.825,199.0,8.8168
2017-09-11,8.7516,188.0,8.7529
2017-09-12,8.8228,125.0,8.7727
2017-09-13,8.847,87.0,8.8389
2017-09-14,8.784,122.0,8.8011
2017-09-15,8.7888,83.0,8.7976
2017-09-18,8.838,114.0,8.7867
2017-09-19,8.8332,90.0,8.8248
2017-09-20,8.8279,111.0,8.8242
2017-09-21,8.8132,75.0,8.8239
2017-09-22,8.7499,130.0,8.7552
2017-09-25,8.7101,118.0,8.6983
2017-09-26,8.7239,125.0,8.6945
2017-09-27,8.7646,113.0,8.7533
2017-09-28,8.7138,256.0,8.7551
2017-09-29,8.6651,208.0,8.7059
2017-10-02,8.6851,76.0,8.6747
2017-10-03,8.6909,169.0,8.6972
2017-10-04,8.6733,105.0,8.6853
2017-10-05,8.6811,165.0,8.6656
2017-10-06,8.746,99.0,8.6927
2017-10-09,8.8227,160.0,8.8002
2017-10-10,8.823,133.0,8.822
2017-10-11,8.7973,109.0,8.7981
2017-10-12,8.777,75.0,8.7708
2017-10-13,8.7059,72.0,8.7561
2017-10-16,8.7165,108.0,8.6949
2017-10-17,8.668,111.0,8.676
2017-10-18,8.6734,116.0,8.6565
2017-10-19,8.6671,166.0,8.6901
2017-10-20,8.69,50.0,8.6892
2017-10-23,8.6668,78.0,8.6572
2017-10-24,8.6782,74.0,8.6735
2017-10-25,8.6967,99.0,8.6732
2017-10-26,8.695,99.0,8.6972
2017-10-27,8.7341,125.0,8.7394
2017-10-30,8.7385,102.0,8.6978
2017-10-31,8.8204,111.0,8.7815
2017-11-01,8.8232,161.0,8.7975
2017-11-02,8.8068,159.0,8.8055
2017-11-03,8.9036,146.0,8.8294
2017-11-07,8.9332,129.0,8.837
2017-11-08,8.9299,114.0,8.9352
2017-11-09,8.9252,107.0,8.9243
2017-11-10,8.8828,70.0,8.9138
2017-11-13,8.9334,84.0,8.927
2017-11-14,9.07,146.0,8.9623
2017-11-15,9.0736,96.0,9.0862
2017-11-16,8.9899,107.0,9.0332
2017-11-17,8.9272,78.0,8.9741
2017-11-20,8.9268,82.0,8.9259
2017-11-21,8.9346,112.0,8.9458
2017-11-22,8.8917,93.0,8.909
2017-11-23,8.8866,70.0,8.8671
2017-11-24,8.8444,93.0,8.8609
2017-11-27,8.8649,100.0,8.8256
2017-11-28,8.842,106.0,8.848
2017-11-29,8.8693,78.0,8.839
2017-11-30,8.8373,87.0,8.8431
2017-12-01,8.9383,88.0,8.8755
2017-12-04,8.8848,66.0,8.9027
2017-12-05,8.8782,92.0,8.8705
2017-12-06,8.9472,85.0,8.9252
2017-12-07,8.9372,109.0,8.957
2017-12-08,8.9518,148.0,8.9497
2017-12-11,8.905,98.0,8.9462
2017-12-12,8.9341,115.0,8.887
2017-12-13,8.86,90.0,8.9168
2017-12-14,8.8916,310.0,8.8769
2017-12-15,8.9035,213.0,8.9119
2017-12-18,8.8741,218.0,8.8689
2017-12-19,8.8999,260.0,8.8762
2017-12-20,8.9412,104.0,8.9192
2017-12-21,8.906,233.0,8.9098
2017-12-22,8.9019,108.0,8.8831
2017-12-25,8.925,165.0,8.8846
2017-12-26,8.819,107.0,8.8212
2017-12-27,8.807,212.0,8.7876
2017-12-28,8.816,201.0,8.8163
2017-12-29,8.886,74.0,8.8481
2018-01-03,9.0995,15.0,9.1263
2018-01-04,9.0599,3.0,9.09
2018-01-05,9.0199,2.0,9.07
2018-01-09,8.73,195.0,8.7431
2018-01-10,8.758,99.0,8.7244
2018-01-11,8.706,88.0,8.7502
2018-01-12,8.74,128.0,8.7419
2018-01-15,8.774,178.0,8.7561
2018-01-16,8.787,175.0,8.7645
2018-01-17,8.845,124.0,8.8032
2018-01-18,8.781,93.0,8.8249
2018-01-19,8.845,88.0,8.8431
2018-01-22,8.8317,95.0,8.8378
2018-01-23,8.8221,135.0,8.8144
2018-01-24,8.8527,95.0,8.8244
2018-01-25,8.84,141.0,8.8283
2018-01-26,8.88,143.0,8.8337
2018-01-29,8.896,219.0,8.8917
2018-01-30,8.8947,144.0,8.8661
2018-01-31,8.9397,188.0,8.9282
2018-02-01,8.885,228.0,8.9211
2018-02-02,8.9691,555.0,8.9227
2018-02-05,9.0575,167.0,8.9907
2018-02-06,9.064,198.0,9.0911
2018-02-07,9.105,162.0,9.09
2018-02-08,9.1806,111.0,9.0895
2018-02-09,9.2555,134.0,9.2024
2018-02-12,9.142,142.0,9.1691
2018-02-13,9.1,84.0,9.1195
2018-02-14,8.995,189.0,9.0923
2018-02-15,8.9885,244.0,9.0073
2018-02-16,8.946,112.0,8.9702
2018-02-19,8.9489,69.0,8.9508
2018-02-20,8.908,91.0,8.9404
2018-02-21,8.952,154.0,8.9363
2018-02-22,9.0,112.0,8.9393
2018-02-26,8.8575,105.0,8.8728
2018-02-27,8.894,129.0,8.8386
2018-02-28,8.8854,114.0,8.8977
2018-03-01,8.945,140.0,8.9124
2018-03-02,8.982,305.0,8.9309
2018-03-05,8.917,136.0,9.0073
2018-03-06,8.985,351.0,8.9146
2018-03-07,8.992,200.0,8.9929
2018-03-09,8.9929,1.0,8.9929
2018-03-12,8.997,64.0,8.9715
2018-03-13,9.0,62.0,8.9892
2018-03-14,9.06,62.0,9.0274
2018-03-15,9.0651,62.0,9.0325
2018-03-16,9.09,80.0,9.0983
2018-03-19,9.149,60.0,9.0983
2018-03-20,9.0829,97.0,9.1268
2018-03-21,9.0669,53.0,9.0863
2018-03-22,9.02,63.0,9.0064
2018-03-23,9.0399,57.0,9.0367
2018-03-26,9.137,169.0,9.0722
2018-03-27,9.16,110.0,9.1314
2018-03-28,9.1889,162.0,9.1692
2018-03-29,9.14,254.0,9.189
2018-03-30,9.15,68.0,9.1537
2018-04-02,9.172,103.0,9.1379
2018-04-03,9.179,102.0,9.1683
2018-04-04,9.156,96.0,9.1791
2018-04-05,9.15,82.0,9.155
2018-04-06,9.2193,64.0,9.1566
2018-04-09,9.555,117.0,9.3877
2018-04-10,10.0359,413.0,9.957
2018-04-11,9.99,180.0,10.1822
2018-04-12,9.8818,65.0,9.855
2018-04-13,9.8948,99.0,9.8122
2018-04-16,9.766,135.0,9.9027
2018-04-17,9.8,123.0,9.7942
2018-04-18,9.7098,138.0,9.8003
2018-04-19,9.6985,207.0,9.7069
2018-04-20,9.7621,87.0,9.7753
2018-04-23,9.8077,221.0,9.8167
2018-04-24,9.775,211.0,9.7721
2018-04-25,9.876,139.0,9.7907
2018-04-26,9.9002,115.0,9.9237
2018-04-27,9.8264,138.0,9.8806
2018-04-28,9.919,49.0,9.8508
2018-04-30,9.9546,14.0,9.957
2018-05-02,10.0569,12.0,9.9836
2018-05-03,9.9722,75.0,9.982
2018-05-04,9.824,104.0,9.9377
2018-05-07,9.8915,137.0,9.8595
2018-05-08,9.932,95.0,9.9188
2018-05-10,9.7589,198.0,9.8266
2018-05-11,9.793,143.0,9.7516
2018-05-14,9.7659,166.0,9.7569
2018-05-15,9.7821,174.0,9.7656
2018-05-16,9.724,470.0,9.8185
2018-05-17,9.7652,208.0,9.7324
2018-05-18,9.796,267.0,9.7382
2018-05-21,9.69,109.0,9.7814
2018-05-22,9.616,329.0,9.6363
2018-05-23,9.6268,364.0,9.6627
2018-05-24,9.664,104.0,9.6318
2018-05-25,9.75,132.0,9.6871
2018-05-28,9.74,115.0,9.7541
2018-05-29,9.77,115.0,9.763
2018-05-30,9.6828,130.0,9.7433
2018-05-31,9.7449,159.0,9.6921
2018-06-01,9.6943,102.0,9.7037
2018-06-04,9.6958,130.0,9.6697
2018-06-05,9.7259,78.0,9.6938
2018-06-06,9.7115,102.0,9.7141
2018-06-07,9.8,89.0,9.7091
2018-06-08,9.76,111.0,9.7833
2018-06-09,9.6251,74.0,9.8489
2018-06-11,9.8138,9.0,9.7773
2018-06-13,9.7986,118.0,9.8343
2018-06-14,9.702,171.0,9.7406
2018-06-15,9.8094,118.0,9.7729
2018-06-18,9.81,103.0,9.8229
2018-06-19,9.826,86.0,9.8925
2018-06-20,9.7992,124.0,9.8221
2018-06-21,9.813,96.0,9.7996
2018-06-22,9.66,94.0,9.7112
2018-06-25,9.609,320.0,9.6112
2018-06-26,9.5831,123.0,9.5734
2018-06-27,9.562,108.0,9.5704
2018-06-28,9.46,104.0,9.5412
2018-06-29,9.4601,122.0,9.4691
2018-07-02,9.5015,296.0,9.4568
2018-07-03,9.47,101.0,9.4795
2018-07-04,9.538,269.0,9.5494
2018-07-05,9.4886,390.0,9.5193
2018-07-06,9.4501,277.0,9.4853
2018-07-09,9.45,101.0,9.4794
2018-07-10,9.308,90.0,9.4111
2018-07-11,9.272,207.0,9.303
2018-07-12,9.314,266.0,9.3004
2018-07-13,9.321,230.0,9.2791
2018-07-16,9.29,201.0,9.2838
2018-07-17,9.2978,475.0,9.324
2018-07-18,9.37,253.0,9.329
2018-07-19,9.3821,278.0,9.3301
2018-07-20,9.3685,243.0,9.3393
2018-07-23,9.264,97.0,9.2999
2018-07-24,9.2989,254.0,9.2139
2018-07-25,9.307,92.0,9.2997
2018-07-26,9.2596,90.0,9.2742
2018-07-27,9.2101,179.0,9.2074
2018-07-30,9.125,107.0,9.1719
2018-07-31,9.1851,136.0,9.1296
2018-08-01,9.225,90.0,9.1895
2018-08-02,9.227,90.0,9.2311
2018-08-03,9.2383,270.0,9.1973
2018-08-06,9.2564,238.0,9.2643
2018-08-07,9.3048,112.0,9.2831
2018-08-08,9.5841,123.0,9.4116
2018-08-09,9.72,94.0,9.6782
2018-08-10,9.848,145.0,9.7535
2018-08-13,9.8661,156.0,9.8836
2018-08-14,9.622,179.0,9.6778
2018-08-15,9.6874,115.0,9.6382
2018-08-16,9.7304,182.0,9.6982
2018-08-17,9.82,139.0,9.7466
2018-08-20,9.832,118.0,9.8115
2018-08-21,9.8367,102.0,9.8275
2018-08-22,9.942,119.0,9.9034
2018-08-23,9.902,114.0,9.9665
2018-08-24,9.8887,189.0,9.8663
2018-08-27,9.94,126.0,9.8851
2018-08-28,9.964,146.0,9.9296
2018-08-29,9.969,146.0,9.9663
2018-08-30,9.944,212.0,9.9612
2018-08-31,9.856,203.0,9.9299
2018-09-03,9.979,134.0,9.9362
2018-09-04,9.954,207.0,9.9684
2018-09-05,9.982,153.0,9.9744
2018-09-06,10.128,184.0,10.0204
2018-09-07,10.1839,124.0,10.1026
2018-09-10,10.27,148.0,10.1952
2018-09-11,10.114,141.0,10.1906
2018-09-12,10.091,145.0,10.1058
2018-09-13,9.966,191.0,9.9986
2018-09-14,9.8948,230.0,9.9192
2018-09-17,9.916,116.0,9.9227
2018-09-18,9.8155,151.0,9.8533
2018-09-19,9.7502,136.0,9.771
2018-09-20,9.689,117.0,9.6955
2018-09-21,9.7038,112.0,9.7094
2018-09-24,9.5959,232.0,9.6173
2018-09-25,9.5799,177.0,9.5868
2018-09-26,9.5603,104.0,9.5713
2018-09-27,9.5,115.0,9.5695
2018-09-28,9.53,87.0,9.5473
2018-10-01,9.4885,113.0,9.5352
2018-10-02,9.524,87.0,9.5004
2018-10-03,9.5233,118.0,9.5218
2018-10-04,9.718,103.0,9.6263
2018-10-05,9.6583,105.0,9.6593
2018-10-08,9.6288,115.0,9.6685
2018-10-09,9.58,113.0,9.6156
2018-10-10,9.6215,88.0,9.5536
2018-10-11,9.6168,120.0,9.6158
2018-10-12,9.5917,145.0,9.5466
2018-10-15,9.48,98.0,9.4797
2018-10-16,9.4679,109.0,9.4773
2018-10-17,9.4479,128.0,9.4624
2018-10-18,9.48,102.0,9.4606
2018-10-19,9.453,210.0,9.4729
2018-10-22,9.4,151.0,9.4045
2018-10-23,9.42,87.0,9.4087
2018-10-24,9.4488,117.0,9.4403
2018-10-25,9.4124,109.0,9.4453
2018-10-26,9.44,237.0,9.4244
2018-10-29,9.44,135.0,9.4344
2018-10-30,9.3975,123.0,9.4319
2018-10-31,9.4265,105.0,9.415
2018-11-01,9.4789,116.0,9.4473
2018-11-02,9.607,197.0,9.5415
2018-11-06,9.5378,89.0,9.5367
2018-11-07,9.5728,107.0,9.5406
2018-11-08,9.625,102.0,9.5671
2018-11-09,9.76,99.0,9.6653
2018-11-12,9.7069,117.0,9.711
2018-11-13,9.812,168.0,9.737
2018-11-14,9.6604,236.0,9.748
2018-11-15,9.55,130.0,9.6137
2018-11-16,9.51,115.0,9.5158
2018-11-19,9.465,124.0,9.5084
2018-11-20,9.5348,148.0,9.4635
2018-11-21,9.468,126.0,9.5092
2018-11-22,9.47,134.0,9.4702
2018-11-23,9.538,98.0,9.4659
2018-11-26,9.6734,147.0,9.6065
2018-11-27,9.6676,103.0,9.6209
2018-11-28,9.64,198.0,9.6676
2018-11-29,9.5555,132.0,9.5944
2018-11-30,9.639,117.0,9.5997
2018-12-03,9.69,136.0,9.6601
2018-12-04,9.748,151.0,9.7157
2018-12-05,9.69,107.0,9.7319
2018-12-06,9.712,115.0,9.6998
2018-12-07,9.653,105.0,9.693
2018-12-10,9.6386,117.0,9.5977
2018-12-11,9.6099,117.0,9.6286
2018-12-12,9.642,112.0,9.6434
2018-12-13,9.63,102.0,9.6525
2018-12-14,9.6595,108.0,9.6354
2018-12-17,9.67,100.0,9.6458
2018-12-18,9.752,147.0,9.6963
2018-12-19,9.7448,138.0,9.7547
2018-12-20,9.94,112.0,9.7807
2018-12-21,9.96,90.0,9.8618
2018-12-24,9.9368,125.0,9.9078
2018-12-25,9.902,176.0,9.972
2018-12-26,9.966,144.0,10.0235
2018-12-27,10.126,92.0,10.0483
2018-12-28,10.134,126.0,10.0919
2018-12-29,10.41,87.0,10.1674
2019-01-03,9.965,14.0,10.0788
2019-01-04,9.87,15.0,9.8969
2019-01-08,9.79,8.0,9.7777
2019-01-09,9.8014,146.0,9.8138
2019-01-10,9.8851,121.0,9.8631
2019-01-11,9.9116,108.0,9.9172
2019-01-14,9.9043,118.0,9.9247
2019-01-15,9.8842,145.0,9.9124
2019-01-16,9.81,122.0,9.8611
2019-01-17,9.785,110.0,9.8115
2019-01-18,9.7321,203.0,9.7895
2019-01-21,9.77,285.0,9.7652
2019-01-22,9.7539,105.0,9.7623
2019-01-23,9.7342,83.0,9.754
2019-01-24,9.67,115.0,9.7014
2019-01-25,9.7661,155.0,9.7342
2019-01-28,9.803,136.0,9.7772
2019-01-29,9.7795,108.0,9.8175
2019-01-30,9.76,198.0,9.8229
2019-01-31,9.746,103.0,9.7234
2019-02-01,9.7319,99.0,9.7338
2019-02-04,9.6975,92.0,9.684
2019-02-05,9.6966,76.0,9.6877
2019-02-06,9.7121,79.0,9.7102
2019-02-07,9.744,112.0,9.7412
2019-02-08,9.702,95.0,9.7299
2019-02-11,9.69,173.0,9.674
2019-02-12,9.712,97.0,9.6806
2019-02-13,9.795,187.0,9.7065
2019-02-14,9.857,289.0,9.8193
2019-02-15,9.786,329.0,9.8241
2019-02-18,9.7791,134.0,9.7787
2019-02-19,9.739,112.0,9.7697
2019-02-20,9.783,115.0,9.7828
2019-02-21,9.7565,118.0,9.7583
2019-02-22,9.7467,97.0,9.7539
2019-02-25,9.805,133.0,9.7582
2019-02-26,9.8475,112.0,9.8056
2019-02-27,9.8438,179.0,9.8429
2019-02-28,9.8369,134.0,9.8501
2019-03-01,9.8156,126.0,9.8135
2019-03-04,9.7998,108.0,9.8174
2019-03-05,9.8017,108.0,9.8091
2019-03-06,9.82,142.0,9.8045
2019-03-07,9.855,113.0,9.8261
2019-03-11,9.8081,106.0,9.8127
2019-03-12,9.7877,269.0,9.7874
2019-03-13,9.762,175.0,9.7563
2019-03-14,9.741,109.0,9.7297
2019-03-15,9.6557,134.0,9.7328
2019-03-18,9.58,127.0,9.6029
2019-03-19,9.5963,147.0,9.5768
2019-03-20,9.532,170.0,9.5925
2019-03-21,9.52,161.0,9.525
2019-03-22,9.6081,162.0,9.5545
2019-03-25,9.512,144.0,9.5884
2019-03-26,9.5741,145.0,9.5616
2019-03-27,9.6404,129.0,9.6132
2019-03-28,9.644,118.0,9.6342
2019-03-29,9.7511,144.0,9.6355
2019-04-01,9.7,130.0,9.7493
2019-04-02,9.715,169.0,9.735
2019-04-03,9.715,131.0,9.7158
2019-04-04,9.753,196.0,9.7353
2019-04-05,9.7356,139.0,9.7454
2019-04-08,9.666,150.0,9.7098
2019-04-09,9.6645,115.0,9.64
2019-04-10,9.5624,148.0,9.6209
2019-04-11,9.6125,124.0,9.5798
2019-04-12,9.5896,159.0,9.5911
2019-04-15,9.59,132.0,9.5806
2019-04-16,9.5578,198.0,9.5822
2019-04-17,9.56,178.0,9.5629
2019-04-18,9.5399,137.0,9.5502
2019-04-19,9.5605,113.0,9.5391
2019-04-22,9.5004,129.0,9.5043
2019-04-23,9.47,141.0,9.4849
2019-04-24,9.564,135.0,9.5309
2019-04-25,9.58,138.0,9.5945
2019-04-26,9.6279,115.0,9.6038
2019-04-29,9.57,108.0,9.5917
2019-04-30,9.57,131.0,9.5731
2019-05-02,9.69,3.0,9.6908
2019-05-03,0.0,0.0,
2019-05-06,9.6328,112.0,9.614
2019-05-07,9.6071,120.0,9.6146
2019-05-08,9.55,103.0,9.6029
2019-05-10,9.522,16.0,9.5496
2019-05-13,9.456,138.0,9.4722
2019-05-14,9.4,189.0,9.4501
2019-05-15,9.3552,270.0,9.3877
2019-05-16,9.317,146.0,9.3362
2019-05-17,9.312,128.0,9.3104
2019-05-20,9.3041,135.0,9.2947
2019-05-21,9.285,149.0,9.3042
2019-05-22,9.286,131.0,9.2831
2019-05-23,9.34,132.0,9.3121
2019-05-24,9.3189,114.0,9.3313
2019-05-27,9.3233,129.0,9.3265
2019-05-28,9.3479,204.0,9.3232
2019-05-29,9.3877,179.0,9.3894
2019-05-30,9.4078,173.0,9.3938
2019-05-31,9.4298,141.0,9.4367
2019-06-03,9.43,395.0,9.4552
2019-06-04,9.4111,188.0,9.4094
2019-06-05,9.427,146.0,9.4049
2019-06-06,9.415,151.0,9.4155
2019-06-07,9.3494,249.0,9.3679
2019-06-10,9.3262,167.0,9.3201
2019-06-11,9.3212,176.0,9.3115
2019-06-13,9.3023,137.0,9.3209
2019-06-14,9.287,176.0,9.2871
2019-06-17,9.2758,182.0,9.2734
2019-06-18,9.2709,218.0,9.2713
2019-06-19,9.268,154.0,9.2642
2019-06-20,9.179,232.0,9.2334
2019-06-21,9.2,191.0,9.1918
2019-06-24,9.11,204.0,9.1419
2019-06-25,9.1379,180.0,9.1045
2019-06-26,9.1454,261.0,9.1446
2019-06-27,9.1799,145.0,9.1657
2019-06-28,9.21,193.0,9.1718
2019-07-01,9.18,176.0,9.2142
2019-07-02,9.1852,174.0,9.1973
2019-07-03,9.21,138.0,9.2172
2019-07-04,9.2305,154.0,9.2252
2019-07-05,9.251,143.0,9.239
2019-07-08,9.2427,150.0,9.2635
2019-07-09,9.2633,192.0,9.2609
2019-07-10,9.193,194.0,9.2452
2019-07-11,9.1466,207.0,9.1661
2019-07-12,9.1501,158.0,9.1651
2019-07-15,9.1161,183.0,9.1214
2019-07-16,9.1538,232.0,9.1303
2019-07-17,9.1257,202.0,9.1356
2019-07-18,9.13,205.0,9.1407
2019-07-19,9.165,152.0,9.1557
2019-07-22,9.172,202.0,9.1559
2019-07-23,9.18,141.0,9.1788
2019-07-24,9.2009,147.0,9.1738
2019-07-25,9.1946,236.0,9.1805
2019-07-26,9.218,188.0,9.1861
2019-07-29,9.2155,162.0,9.2115
2019-07-30,9.2182,237.0,9.2005
2019-07-31,9.1963,240.0,9.2077
2019-08-01,9.2479,179.0,9.2448
2019-08-02,9.3525,231.0,9.3207
2019-08-05,9.2268,194.0,9.1951
2019-08-06,9.25,215.0,9.227
2019-08-07,9.2525,175.0,9.2048
2019-08-08,9.195,204.0,9.2253
2019-08-09,9.2,127.0,9.2311
2019-08-12,9.2339,217.0,9.2207
2019-08-13,9.2609,143.0,9.2429
2019-08-14,9.3839,173.0,9.2786
2019-08-15,9.37,209.0,9.3753
2019-08-16,9.4301,178.0,9.3704
2019-08-19,9.474,153.0,9.4706
2019-08-20,9.4,193.0,9.4417
2019-08-21,9.3082,208.0,9.3537
2019-08-22,9.2501,223.0,9.2645
2019-08-23,9.25,206.0,9.2611
2019-08-26,9.2259,213.0,9.2175
2019-08-27,9.264,225.0,9.2551
2019-08-28,9.306,196.0,9.3012
2019-08-29,9.3097,201.0,9.3254
2019-08-30,9.3244,166.0,9.3018
2019-09-02,9.282,222.0,9.2947
2019-09-03,9.31,237.0,9.3194
2019-09-04,9.255,213.0,9.2877
2019-09-05,9.285,189.0,9.2457
2019-09-06,9.253,199.0,9.2663
2019-09-09,9.2082,196.0,9.1967
2019-09-10,9.2,177.0,9.215
2019-09-11,9.2142,183.0,9.1982
2019-09-12,9.185,190.0,9.201
2019-09-13,9.128,221.0,9.1434
2019-09-16,9.05,249.0,9.0608
2019-09-17,9.095,252.0,9.0552
2019-09-18,9.0849,211.0,9.0883
2019-09-19,9.01,225.0,9.0431
2019-09-20,8.99,281.0,9.0069
2019-09-23,8.9779,243.0,8.9854
2019-09-24,8.9999,199.0,8.9705
2019-09-25,9.0139,198.0,9.0219
2019-09-26,9.0079,328.0,9.0187
2019-09-27,9.064,310.0,9.0494
2019-09-30,9.0939,274.0,9.0726
2019-10-01,9.1579,209.0,9.1082
2019-10-02,9.1499,373.0,9.1346
2019-10-03,9.138,160.0,9.1352
2019-10-04,9.0999,290.0,9.1098
2019-10-07,9.1001,254.0,9.0981
2019-10-08,9.1,241.0,9.1113
2019-10-09,9.09,270.0,9.1036
2019-10-10,9.0839,223.0,9.0894
2019-10-11,9.0401,277.0,9.0425
2019-10-14,9.0861,259.0,9.0963
2019-10-15,9.0705,259.0,9.0835
2019-10-16,9.0265,266.0,9.0537
2019-10-17,9.0406,285.0,9.0347
2019-10-18,9.018,196.0,9.0309
2019-10-21,9.0102,372.0,9.0159
2019-10-22,9.0019,237.0,9.0008
2019-10-23,9.048,291.0,9.0231
2019-10-24,9.0739,250.0,9.0428
2019-10-25,9.05,283.0,9.045
2019-10-28,9.0299,261.0,9.0276
2019-10-29,9.0321,269.0,9.0507
2019-10-30,9.0681,293.0,9.0484
2019-10-31,9.1039,200.0,9.0731
2019-11-01,9.02,218.0,9.0894
2019-11-05,9.08,263.0,9.0448
2019-11-06,9.128,276.0,9.0956
2019-11-07,9.14,246.0,9.1307
2019-11-08,9.1339,217.0,9.134
2019-11-11,9.1111,292.0,9.1183
2019-11-12,9.1625,318.0,9.1328
2019-11-13,9.1475,279.0,9.1561
2019-11-14,9.1238,231.0,9.1325
2019-11-15,9.105,225.0,9.1101
2019-11-18,9.0842,285.0,9.0988
2019-11-19,9.0818,271.0,9.0795
2019-11-20,9.0739,297.0,9.0937
2019-11-21,9.06,284.0,9.067
2019-11-22,9.0666,271.0,9.0488
2019-11-25,9.1001,284.0,9.0866
2019-11-26,9.1339,271.0,9.1023
2019-11-27,9.1141,211.0,9.1127
2019-11-28,9.12,234.0,9.1212
2019-11-29,9.1441,314.0,9.1294
2019-12-02,9.1081,272.0,9.1414
2019-12-03,9.07,265.0,9.1018
2019-12-04,9.0641,247.0,9.071
2019-12-05,9.055,236.0,9.0678
2019-12-06,9.05,286.0,9.0685
2019-12-09,9.03,239.0,9.06
2019-12-10,9.0378,245.0,9.037
2019-12-11,9.008,307.0,9.031
2019-12-12,9.045,333.0,8.9851
2019-12-13,8.9839,297.0,8.9627
2019-12-16,8.93,276.0,8.9569
2019-12-17,8.92,237.0,8.9463
2019-12-18,8.9421,250.0,8.9404
2019-12-19,8.916,218.0,8.925
2019-12-20,8.89,302.0,8.8854
2019-12-23,8.8839,278.0,8.8884
2019-12-24,8.85,316.0,8.8613
2019-12-25,8.8101,248.0,8.8334
2019-12-26,8.9,379.0,8.8316
2019-12-27,8.8722,309.0,8.8627
2019-12-30,8.868,372.0,8.8631
2020-01-03,8.884,86.0,8.9033
2020-01-06,8.868,89.0,8.898
2020-01-08,8.8761,98.0,8.908
2020-01-09,8.8586,290.0,8.837
2020-01-10,8.844,254.0,8.8537
2020-01-13,8.8901,255.0,8.8519
2020-01-14,8.9242,224.0,8.9184
2020-01-15,8.9259,233.0,8.9203
2020-01-16,8.9719,179.0,8.9481
2020-01-17,8.9621,151.0,8.9578
2020-01-20,8.9759,303.0,8.968
2020-01-21,8.94,196.0,8.9576
2020-01-22,8.9537,259.0,8.9687
2020-01-23,8.9416,197.0,8.9443
2020-01-24,8.968,150.0,8.924
2020-01-27,9.012,98.0,8.9612
2020-01-28,8.9461,162.0,9.0262
2020-01-29,8.99,205.0,8.9915
2020-01-30,9.078,237.0,9.0173
2020-01-31,9.118,316.0,9.0571
2020-02-03,9.0659,146.0,9.0984
2020-02-04,8.9921,226.0,9.0812
2020-02-05,9.028,190.0,8.9976
2020-02-06,9.0641,114.0,9.0435
2020-02-07,9.1275,92.0,9.0996
2020-02-10,9.186,131.0,9.142
2020-02-11,9.0875,148.0,9.1374
2020-02-12,9.0599,129.0,9.0503
2020-02-13,9.08,108.0,9.1074
2020-02-14,9.094,157.0,9.0886
2020-02-17,9.0801,126.0,9.0742
2020-02-18,9.13,142.0,9.1045
2020-02-19,9.06,173.0,9.0938
2020-02-20,9.1205,294.0,9.072
2020-02-21,9.1059,106.0,9.1363
2020-02-25,9.2901,208.0,9.2888
2020-02-26,9.31,407.0,9.3224
2020-02-27,9.401,224.0,9.3683
2020-02-28,9.578,210.0,9.5993
2020-03-02,9.5572,194.0,9.566
2020-03-03,9.486,229.0,9.5141
2020-03-04,9.574,211.0,9.5217
2020-03-05,9.733,165.0,9.5793
2020-03-06,9.8262,175.0,9.7666
2020-03-10,10.278,232.0,10.341
2020-03-11,10.438,151.0,10.2862
2020-03-12,10.6059,208.0,10.6132
2020-03-13,10.3,197.0,10.4145
2020-03-16,10.668,190.0,10.6438
2020-03-17,10.732,204.0,10.6011
2020-03-18,11.53,224.0,11.0929
2020-03-19,11.0699,381.0,11.2406
2020-03-20,11.192,261.0,11.0877
2020-03-23,11.168,439.0,11.317
2020-03-24,11.057,209.0,11.1128
2020-03-25,10.962,294.0,10.9325
2020-03-26,10.98,400.0,11.0168
2020-03-27,11.136,312.0,10.9834
2020-03-30,11.158,311.0,11.2261
2020-03-31,11.053,252.0,11.0376
2020-04-01,11.07,218.0,11.1286
2020-04-02,10.889,686.0,10.992
2020-04-03,10.75,386.0,10.8469
2020-04-06,10.715,378.0,10.7469
2020-04-07,10.723,337.0,10.6951
2020-04-08,10.6,294.0,10.6978
2020-04-09,10.554,436.0,10.5097
2020-04-10,10.4925,395.0,10.4884
2020-04-13,10.428,302.0,10.4341
2020-04-14,10.383,321.0,10.3923
2020-04-15,10.58,439.0,10.4879
2020-04-16,10.468,450.0,10.5299
2020-04-17,10.435,267.0,10.4571
2020-04-20,10.65,404.0,10.5238
2020-04-21,10.888,634.0,10.7981
2020-04-22,10.682,407.0,10.8343
2020-04-23,10.555,332.0,10.5891
2020-04-24,10.529,333.0,10.5332
2020-04-27,10.54,301.0,10.5066
2020-04-28,10.475,271.0,10.4847
2020-04-29,10.339,366.0,10.403
2020-04-30,10.478,318.0,10.3291
2020-05-04,10.5119,164.0,10.5794
2020-05-05,10.396,141.0,10.4164
2020-05-06,10.45,220.0,10.4764
2020-05-07,10.4479,390.0,10.408
2020-05-08,10.362,394.0,10.4053
2020-05-12,10.379,271.0,10.322
2020-05-13,10.419,393.0,10.3545
2020-05-14,10.3519,566.0,10.4061
2020-05-15,10.312,385.0,10.2992
2020-05-18,10.22,568.0,10.2253
2020-05-19,10.19,502.0,10.1715
2020-05-20,10.02,487.0,10.146
2020-05-21,9.959,304.0,9.9727
2020-05-22,10.025,463.0,10.0528
2020-05-25,10.0355,299.0,10.01
2020-05-26,9.9021,442.0,9.9513
2020-05-27,9.89,469.0,9.912
2020-05-28,9.842,422.0,9.909
2020-05-29,9.8551,413.0,9.8702
2020-06-01,9.7069,497.0,9.7581
2020-06-02,9.6632,507.0,9.6832
2020-06-03,9.636,361.0,9.6271
2020-06-04,9.7281,361.0,9.697
2020-06-05,9.72,277.0,9.6865
2020-06-08,9.6783,276.0,9.6551
2020-06-09,9.6926,359.0,9.713
2020-06-10,9.7249,300.0,9.7278
2020-06-11,9.906,319.0,9.7714
2020-06-15,9.854,260.0,9.9158
2020-06-16,9.8329,275.0,9.8424
2020-06-17,9.876,244.0,9.831
2020-06-18,9.8621,318.0,9.8358
2020-06-19,9.804,240.0,9.8287
2020-06-22,9.78,279.0,9.8216
2020-06-23,9.758,347.0,9.7443
2020-06-25,9.764,364.0,9.7942
2020-06-26,9.8436,262.0,9.7834
2020-06-29,9.8958,298.0,9.8926
2020-06-30,10.0849,306.0,10.02
2020-07-02,9.9899,331.0,9.9594
2020-07-03,10.0941,294.0,10.0272
2020-07-06,10.25,339.0,10.2119
2020-07-07,10.1841,289.0,10.2355
2020-07-08,10.1809,280.0,10.1525
2020-07-09,10.1281,239.0,10.1287
2020-07-10,10.09,226.0,10.1526
2020-07-13,10.131,275.0,10.1172
2020-07-14,10.11,216.0,10.1352
2020-07-15,10.1595,225.0,10.1343
2020-07-16,10.233,239.0,10.1765
2020-07-17,10.2867,238.0,10.262
2020-07-20,10.2091,278.0,10.2533
2020-07-21,10.1433,294.0,10.1425
2020-07-22,10.129,464.0,10.1436
2020-07-23,10.1979,283.0,10.1651
2020-07-24,10.2099,196.0,10.2018
2020-07-27,10.233,291.0,10.2118
2020-07-28,10.358,257.0,10.2983
2020-07-29,10.3859,244.0,10.3306
2020-07-30,10.457,344.0,10.4808
2020-07-31,10.638,385.0,10.5695
2020-08-03,10.475,346.0,10.5843
2020-08-04,10.556,255.0,10.5387
2020-08-05,10.5043,262.0,10.5323
2020-08-06,10.5501,272.0,10.5446
2020-08-07,10.588,230.0,10.5798
2020-08-10,10.5461,280.0,10.5727
2020-08-11,10.5405,269.0,10.5056
2020-08-12,10.616,250.0,10.5523
2020-08-13,10.492,315.0,10.5842
2020-08-14,10.49,227.0,10.5496
2020-08-17,10.638,253.0,10.5787
2020-08-18,10.5999,251.0,10.6027
2020-08-19,10.59,328.0,10.6206
2020-08-20,10.692,320.0,10.6792
2020-08-21,10.8089,305.0,10.7832
2020-08-24,10.7939,308.0,10.7584
2020-08-25,10.908,318.0,10.8101
2020-08-26,10.963,451.0,10.9957
2020-08-27,10.868,361.0,10.9272
2020-08-28,10.7989,297.0,10.8485
2020-08-31,10.8041,303.0,10.7795
2020-09-01,10.77,341.0,10.7836
2020-09-02,11.029,323.0,10.8915
2020-09-03,11.001,273.0,11.0179
2020-09-04,11.029,308.0,10.9747
2020-09-07,11.092,324.0,11.089
2020-09-08,11.144,338.0,11.1374
2020-09-09,11.0349,313.0,11.0856
2020-09-10,11.0,378.0,10.9973
2020-09-11,10.9761,280.0,10.9506
2020-09-14,11.0431,277.0,11.007
2020-09-15,11.07,269.0,11.0866
2020-09-16,11.125,303.0,11.0805
2020-09-17,11.131,264.0,11.1088
2020-09-18,11.164,272.0,11.1198
2020-09-21,11.2,375.0,11.2313
2020-09-22,11.218,330.0,11.2109
2020-09-23,11.283,327.0,11.2502
2020-09-24,11.298,306.0,11.2988
2020-09-25,11.465,399.0,11.3045
2020-09-28,11.614,456.0,11.5423
2020-09-29,11.6219,499.0,11.6436
2020-09-30,11.4625,331.0,11.5201
2020-10-01,11.48,250.0,11.4752
2020-10-02,11.594,256.0,11.5951
2020-10-05,11.64,316.0,11.6518
2020-10-06,11.63,289.0,11.6342
2020-10-07,11.601,272.0,11.6124
2020-10-08,11.477,353.0,11.5501
2020-10-09,11.489,357.0,11.5054
2020-10-12,11.437,413.0,11.4466
2020-10-13,11.434,310.0,11.4536
2020-10-14,11.575,308.0,11.4813
2020-10-15,11.64,325.0,11.6081
2020-10-16,11.645,280.0,11.6495
2020-10-19,11.633,332.0,11.6347
2020-10-20,11.62,348.0,11.6593
2020-10-21,11.561,414.0,11.5993
2020-10-22,11.486,757.0,11.5571
2020-10-23,11.425,619.0,11.4638
2020-10-26,11.428,416.0,11.4199
2020-10-27,11.522,458.0,11.4166
2020-10-28,11.786,451.0,11.6055
2020-10-29,11.769,387.0,11.805
2020-10-30,11.88,389.0,11.8383
2020-11-02,12.043,616.0,12.0328
2020-11-03,11.868,465.0,11.9069
2020-11-05,11.666,567.0,11.7547
2020-11-06,11.744,518.0,11.7117
2020-11-09,11.539,1081.0,11.7094
2020-11-10,11.605,749.0,11.5718
2020-11-11,11.652,476.0,11.5401
2020-11-12,11.704,365.0,11.6322
2020-11-13,11.725,331.0,11.6988
2020-11-16,11.604,429.0,11.6617
2020-11-17,11.658,312.0,11.6571
2020-11-18,11.58,533.0,11.6037
2020-11-19,11.588,361.0,11.6088
2020-11-20,11.635,324.0,11.5883
2020-11-23,11.583,530.0,11.564
2020-11-24,11.476,500.0,11.5423
2020-11-25,11.52,394.0,11.5049
2020-11-26,11.526,529.0,11.4985
2020-11-27,11.55,307.0,11.5522
2020-11-30,11.6029,369.0,11.574
2020-12-01,11.587,359.0,11.6147
2020-12-02,11.482,441.0,11.5423
2020-12-03,11.392,602.0,11.4718
2020-12-04,11.3716,1198.0,11.3851
2020-12-07,11.2972,1052.0,11.3687
2020-12-08,11.279,1093.0,11.2886
2020-12-09,11.3142,391.0,11.2775
2020-12-10,11.166,453.0,11.2411
2020-12-11,11.15,546.0,11.1974
2020-12-14,11.3089,441.0,11.1967
2020-12-15,11.2658,301.0,11.2473
2020-12-16,11.2587,312.0,11.2784
2020-12-17,11.196,331.0,11.1984
2020-12-18,11.2517,383.0,11.2715
2020-12-21,11.422,560.0,11.469
2020-12-22,11.6046,423.0,11.5145
2020-12-23,11.508,437.0,11.5542
2020-12-24,11.333,583.0,11.4442
2020-12-25,11.393,465.0,11.3738
2020-12-28,11.2956,583.0,11.3068
2020-12-29,11.372,555.0,11.2999
2020-12-30,11.448,396.0,11.3811
2021-01-04,11.502,335.0,11.4212
2021-01-05,11.51,358.0,11.5797
2021-01-06,11.464,286.0,11.4478
2021-01-08,11.468,283.0,11.4842
2021-01-11,11.53,418.0,11.5182
2021-01-12,11.41,461.0,11.4843
2021-01-13,11.394,366.0,11.417
2021-01-14,11.335,369.0,11.3735
2021-01-15,11.347,348.0,11.3573
2021-01-18,11.3915,291.0,11.3989
2021-01-19,11.374,285.0,11.3793
2021-01-20,11.381,276.0,11.3603
2021-01-21,11.4235,359.0,11.3819
2021-01-22,11.581,491.0,11.4975
2021-01-25,11.6205,531.0,11.5783
2021-01-26,11.605,505.0,11.6561
2021-01-27,11.683,489.0,11.6054
2021-01-28,11.749,952.0,11.7331
2021-01-29,11.75,727.0,11.7815
2021-02-01,11.762,412.0,11.6941
2021-02-02,11.812,345.0,11.7324
2021-02-03,11.75,284.0,11.7719
2021-02-04,11.675,281.0,11.6981
2021-02-05,11.568,378.0,11.5724
2021-02-08,11.53,286.0,11.5325
2021-02-09,11.5161,288.0,11.5233
2021-02-10,11.51,355.0,11.5037
2021-02-11,11.478,272.0,11.4922
2021-02-12,11.488,361.0,11.5304
2021-02-15,11.4621,328.0,11.4494
2021-02-16,11.458,319.0,11.4427
2021-02-17,11.451,309.0,11.4583
2021-02-18,11.434,438.0,11.4213
2021-02-19,11.467,372.0,11.4659
2021-02-20,11.4701,249.0,11.5093
2021-02-22,11.4861,196.0,11.5752
2021-02-24,11.405,395.0,11.4224
2021-02-25,11.517,539.0,11.4229
2021-02-26,11.506,509.0,11.5006
2021-03-01,11.47,405.0,11.4541
2021-03-02,11.3945,646.0,11.4458
2021-03-03,11.435,394.0,11.3908
2021-03-04,11.508,420.0,11.3932
2021-03-05,11.387,857.0,11.4836
2021-03-09,11.348,652.0,11.3622
2021-03-10,11.338,345.0,11.3583
2021-03-11,11.323,395.0,11.3421
2021-03-12,11.2904,355.0,11.3032
2021-03-15,11.22,403.0,11.246
2021-03-16,11.2125,412.0,11.2078
2021-03-17,11.364,313.0,11.2931
2021-03-18,11.4315,282.0,11.3479
2021-03-19,11.4005,281.0,11.3796
2021-03-22,11.5165,364.0,11.4621
2021-03-23,11.71,589.0,11.6284
2021-03-24,11.7235,444.0,11.6837
2021-03-25,11.63,341.0,11.6589
2021-03-26,11.568,269.0,11.5947
2021-03-29,11.516,313.0,11.5616
2021-03-30,11.5326,425.0,11.5295
2021-03-31,11.54,334.0,11.5303
2021-04-01,11.606,350.0,11.5484
2021-04-02,11.64,338.0,11.5948
2021-04-05,11.6534,335.0,11.633
2021-04-06,11.802,444.0,11.6884
2021-04-07,11.75,515.0,11.8592
2021-04-08,11.7235,432.0,11.7566
2021-04-09,11.7935,477.0,11.7542
2021-04-12,11.812,345.0,11.8008
2021-04-13,11.6155,457.0,11.7365
2021-04-14,11.608,395.0,11.5819
2021-04-15,11.7,483.0,11.7529
2021-04-16,11.611,504.0,11.5952
2021-04-19,11.7269,344.0,11.7035
2021-04-20,11.8145,406.0,11.7858
2021-04-21,11.796,319.0,11.8176
2021-04-22,11.616,418.0,11.708
2021-04-23,11.56,488.0,11.5613
2021-04-26,11.59,387.0,11.5625
2021-04-27,11.566,315.0,11.5649
2021-04-28,11.495,389.0,11.537
2021-04-29,11.5435,406.0,11.5021
2021-04-30,11.62,581.0,11.5919
2021-05-04,11.554,292.0,11.5818
2021-05-05,11.5415,269.0,11.532
2021-05-06,11.4844,351.0,11.5205
2021-05-07,11.5015,369.0,11.4911
2021-05-10,11.5741,204.0,11.5304
2021-05-11,11.5284,270.0,11.5283
2021-05-12,11.56,269.0,11.5214
2021-05-13,11.485,316.0,11.513
2021-05-14,11.4909,276.0,11.4929
2021-05-17,11.46,277.0,11.4756
2021-05-18,11.464,297.0,11.4792
2021-05-19,11.46,328.0,11.4577
2021-05-20,11.438,326.0,11.4403
2021-05-21,11.4418,323.0,11.425
2021-05-24,11.468,394.0,11.4576
2021-05-25,11.4679,287.0,11.4689
2021-05-26,11.5135,336.0,11.5179
2021-05-27,11.535,314.0,11.5315
2021-05-28,11.504,328.0,11.5475
2021-05-31,11.5161,251.0,11.5254
2021-06-01,11.513,328.0,11.5008
2021-06-02,11.461,339.0,11.5085
2021-06-03,11.448,575.0,11.4606
2021-06-04,11.4005,546.0,11.431
2021-06-07,11.41,466.0,11.3945
2021-06-08,11.304,570.0,11.3531
2021-06-09,11.328,406.0,11.2961
2021-06-10,11.24,492.0,11.2953
2021-06-11,11.28,460.0,11.2281
2021-06-14,11.2605,225.0,11.2652
2021-06-15,11.274,480.0,11.2358
2021-06-16,11.285,418.0,11.2518
2021-06-17,11.2,406.0,11.2537
2021-06-18,11.26,364.0,11.202
2021-06-21,11.32,316.0,11.3011
2021-06-22,11.2435,371.0,11.2943
2021-06-23,11.219,432.0,11.2058
2021-06-24,11.174,462.0,11.1748
2021-06-25,11.1844,326.0,11.1729
2021-06-28,11.1617,330.0,11.1728
2021-06-29,11.27,518.0,11.229
2021-06-30,11.3259,388.0,11.2815
2021-07-01,11.3485,500.0,11.2928
2021-07-02,11.3155,441.0,11.348
2021-07-05,11.367,246.0,11.3532
2021-07-06,11.493,426.0,11.3748
2021-07-07,11.542,371.0,11.4855
2021-07-08,11.5151,527.0,11.5762
2021-07-09,11.475,291.0,11.4504
2021-07-12,11.4925,301.0,11.5215
2021-07-13,11.4685,259.0,11.4543
2021-07-14,11.4741,253.0,11.4573
2021-07-15,11.5157,269.0,11.4825
2021-07-16,11.44,256.0,11.4612
2021-07-19,11.5,454.0,11.4806
2021-07-20,11.4675,307.0,11.4856
2021-07-21,11.448,400.0,11.4881
2021-07-22,11.3845,409.0,11.4072
2021-07-23,11.394,304.0,11.3797
2021-07-26,11.364,436.0,11.4096
2021-07-27,11.298,365.0,11.3273
2021-07-28,11.336,455.0,11.3025
2021-07-29,11.323,315.0,11.3331
2021-07-30,11.3086,559.0,11.3058
2021-08-02,11.296,389.0,11.2854
2021-08-03,11.283,373.0,11.2791
2021-08-04,11.3325,302.0,11.2876
2021-08-05,11.31,353.0,11.3293
2021-08-06,11.34,296.0,11.3154
2021-08-09,11.3641,309.0,11.3446
2021-08-10,11.3923,316.0,11.3665
2021-08-11,11.3241,394.0,11.4119
2021-08-12,11.365,269.0,11.3527
2021-08-13,11.3049,281.0,11.3273
2021-08-16,11.31,343.0,11.3368
2021-08-17,11.344,290.0,11.3256
2021-08-18,11.3885,356.0,11.3481
2021-08-19,11.418,407.0,11.4145
2021-08-20,11.4301,511.0,11.4363
2021-08-23,11.4494,332.0,11.4177
2021-08-24,11.394,447.0,11.4147
2021-08-25,11.435,283.0,11.4015
2021-08-26,11.448,695.0,11.4349
2021-08-27,11.3894,300.0,11.4241
2021-08-30,11.372,404.0,11.3827
2021-08-31,11.3451,322.0,11.3503
2021-09-01,11.315,547.0,11.3203
2021-09-02,11.311,1535.0,11.2837
2021-09-03,11.303,422.0,11.2963
2021-09-06,11.322,392.0,11.3116
2021-09-07,11.3475,456.0,11.3346
2021-09-08,11.33,400.0,11.3586
2021-09-09,11.316,415.0,11.3282
2021-09-10,11.365,312.0,11.3231
2021-09-13,11.28,531.0,11.3155
2021-09-14,11.33,510.0,11.3042
2021-09-15,11.25,393.0,11.3046
2021-09-16,11.24,485.0,11.2514
2021-09-17,11.2615,455.0,11.2576
2021-09-20,11.3315,474.0,11.3223
2021-09-21,11.2799,372.0,11.3029
2021-09-22,11.3,442.0,11.262
2021-09-23,11.27,302.0,11.2598
2021-09-24,11.255,418.0,11.2856
2021-09-27,11.2355,560.0,11.2329
2021-09-28,11.258,633.0,11.2377
2021-09-29,11.2575,448.0,11.2536
2021-09-30,11.298,485.0,11.2588
2021-10-01,11.3225,406.0,11.3565
2021-10-04,11.2545,412.0,11.3042
2021-10-05,11.2235,442.0,11.2628
2021-10-06,11.2275,448.0,11.232
2021-10-07,11.121,546.0,11.1968
2021-10-08,11.1535,503.0,11.1546
2021-10-11,11.1148,446.0,11.1218
2021-10-12,11.135,464.0,11.1316
2021-10-13,11.1985,615.0,11.1504
2021-10-14,11.095,599.0,11.1581
2021-10-15,11.0445,445.0,11.0742
2021-10-18,11.0935,301.0,11.08
2021-10-19,11.1185,310.0,11.1023
2021-10-20,11.0802,326.0,11.1109
2021-10-21,11.1205,357.0,11.1223
2021-10-22,11.011,683.0,11.0533
2021-10-25,10.933,407.0,10.9781
2021-10-26,10.9065,412.0,10.8903
2021-10-27,11.0425,347.0,10.9836
2021-10-28,10.9905,323.0,11.016
2021-10-29,11.068,308.0,11.0386
2021-11-01,11.194,429.0,11.0975
2021-11-02,11.1769,373.0,11.2092
2021-11-03,11.38,405.0,11.2218
2021-11-05,11.1485,257.0,11.1678
2021-11-08,11.156,426.0,11.1664
2021-11-09,11.0756,345.0,11.1306
2021-11-10,11.1345,513.0,11.079
2021-11-11,11.2,472.0,11.1256
2021-11-12,11.35,974.0,11.2813
2021-11-15,11.3665,387.0,11.3564
2021-11-16,11.445,414.0,11.4093
2021-11-17,11.3885,381.0,11.3963
2021-11-18,11.451,330.0,11.4156
2021-11-19,11.499,459.0,11.472
2021-11-22,11.6903,890.0,11.5609
2021-11-23,11.6275,587.0,11.7223
2021-11-24,11.716,452.0,11.6598
2021-11-25,11.6906,320.0,11.6864
2021-11-26,11.8105,491.0,11.816
2021-11-29,11.6875,457.0,11.7377
2021-11-30,11.6395,467.0,11.7166
2021-12-01,11.655,450.0,11.606
2021-12-02,11.57,310.0,11.5922
2021-12-03,11.59,329.0,11.5587
2021-12-06,11.6625,351.0,11.5674
2021-12-07,11.64,361.0,11.6657
2021-12-08,11.5876,334.0,11.6132
2021-12-09,11.56,308.0,11.5916
2021-12-10,11.5,284.0,11.5275
2021-12-13,11.5375,376.0,11.5306
2021-12-14,11.575,408.0,11.5409
2021-12-15,11.57,473.0,11.592
2021-12-16,11.565,343.0,11.5422
2021-12-17,11.61,289.0,11.5591
2021-12-20,11.6175,762.0,11.6273
2021-12-21,11.6,330.0,11.5821
2021-12-22,11.565,356.0,11.5669
2021-12-23,11.51,334.0,11.5203
2021-12-24,11.56,330.0,11.5107
2021-12-27,11.52,334.0,11.5141
2021-12-28,11.5675,288.0,11.5484
2021-12-29,11.6325,313.0,11.587
2021-12-30,11.7175,352.0,11.691
2022-01-03,11.685,145.0,11.682
2022-01-04,11.815,182.0,11.7628
2022-01-05,12.0325,252.0,11.8999
2022-01-06,11.935,325.0,12.0482
2022-01-07,11.8375,68.0,11.8146
2022-01-10,11.775,349.0,11.7651
2022-01-11,11.6725,412.0,11.7337
2022-01-12,11.7502,411.0,11.6999
2022-01-13,12.0,632.0,11.754
2022-01-14,11.995,592.0,11.9942
2022-01-17,11.9925,414.0,12.0077
2022-01-18,12.1075,411.0,12.0294
2022-01-19,12.0,427.0,12.0479
2022-01-20,12.0725,372.0,12.0604
2022-01-21,12.2125,366.0,12.0849
2022-01-24,12.44,961.0,12.2701
2022-01-25,12.4225,788.0,12.4235
2022-01-26,12.5555,640.0,12.521
2022-01-27,12.265,632.0,12.3683
2022-01-28,12.2375,515.0,12.2517
2022-01-31,12.1675,473.0,12.1666
2022-02-01,12.0725,363.0,12.0898
2022-02-02,11.97,387.0,11.979
2022-02-03,12.04,409.0,12.0345
2022-02-04,11.92,439.0,11.944
2022-02-07,11.8725,341.0,11.8768
2022-02-08,11.785,298.0,11.8154
2022-02-09,11.74,392.0,11.7401
2022-02-10,11.78,478.0,11.747
2022-02-11,12.115,562.0,11.8187
2022-02-14,12.085,691.0,12.0887
2022-02-15,11.9125,739.0,11.9477
2022-02-16,11.8824,439.0,11.8518
2022-02-17,12.065,542.0,12.0016
2022-02-18,12.225,528.0,12.0257
2022-02-21,12.6175,1620.0,12.2974
2022-02-22,12.445,1363.0,12.5803
2022-02-23,12.8225,367.0,12.747
2022-02-24,15.3373,2509.0,14.3044
2022-02-25,13.6071,2269.0,13.3121
2022-02-28,16.501,3932.0,15.5161
2022-03-01,16.7,4512.0,15.4228
2022-03-02,17.52,9232.0,17.2425
2022-03-03,19.0,53183.0,18.4569
2022-03-04,20.02,36727.0,19.928
2022-03-09,21.3999,52720.0,21.7738
2022-03-10,20.1318,43462.0,20.3688
2022-03-11,18.92,31666.0,18.879
2022-03-14,17.9,36545.0,18.1814
2022-03-15,17.755,16998.0,17.6155
2022-03-16,17.85,25268.0,17.2686
2022-03-17,16.516,25621.0,16.7221
2022-03-18,16.6127,21993.0,16.5981
2022-03-21,16.4082,16995.0,16.5429
2022-03-22,16.38,9161.0,16.3671
2022-03-23,15.6,18504.0,16.2455
2022-03-24,15.299,16303.0,15.1784
2022-03-25,15.468,14573.0,15.2052
2022-03-28,14.8101,17718.0,14.9759
2022-03-29,13.69,32880.0,13.7903
2022-03-30,13.47,18382.0,13.3964
2022-03-31,13.4096,16797.0,13.2535
2022-04-01,13.35,17360.0,13.2388
2022-04-04,13.34,11981.0,13.292
2022-04-05,13.3055,17146.0,13.2399
2022-04-06,13.079,24440.0,13.1887
2022-04-07,12.44,51305.0,12.2812
2022-04-08,12.23,36694.0,12.1004
2022-04-11,12.545,28472.0,12.6242
2022-04-12,12.5301,14932.0,12.5409
2022-04-13,12.7368,11379.0,12.5781
2022-04-14,12.729,21048.0,12.8323
2022-04-15,12.718,12375.0,12.6411
2022-04-18,12.615,10697.0,12.5249
2022-04-19,12.31,10305.0,12.4198
2022-04-20,12.12,16906.0,12.1123
2022-04-21,11.93,20772.0,11.7188
2022-04-22,11.6,17195.0,11.4094
2022-04-25,11.2399,13819.0,11.2242
2022-04-26,11.1216,12228.0,11.1506
2022-04-27,11.145,8933.0,11.1242
2022-04-28,11.15,14593.0,10.9697
2022-04-29,10.86,16053.0,10.8453
2022-05-04,10.0409,15257.0,10.4552
2022-05-05,10.2352,12890.0,10.0037
2022-05-06,10.5001,17779.0,10.1036
2022-05-11,10.06,12073.0,10.1765
2022-05-12,9.336,16264.0,9.67
2022-05-13,9.55,13593.0,9.3911
2022-05-16,9.468,9719.0,9.3612
2022-05-17,9.5849,7744.0,9.4541
2022-05-18,9.3975,11321.0,9.4534
2022-05-19,9.175,9957.0,9.2317
2022-05-20,8.9298,25516.0,8.9029
2022-05-23,8.75,11732.0,8.8042
2022-05-24,8.632,15569.0,8.7019
2022-05-25,9.4007,24197.0,8.7098
2022-05-26,9.891,31426.0,9.5133
2022-05-27,10.0479,25331.0,10.0563
2022-05-30,9.4744,17264.0,9.5459
2022-05-31,9.47,12947.0,9.4088
2022-06-01,9.306,11392.0,9.3579
2022-06-02,9.3401,8550.0,9.3551
2022-06-03,9.3941,9749.0,9.4165
2022-06-06,9.3214,8997.0,9.3104
2022-06-07,9.3081,9797.0,9.3003
2022-06-08,9.2497,13973.0,9.2582
2022-06-09,9.1114,19750.0,9.1168
2022-06-10,8.777,24996.0,8.8506
2022-06-14,8.52,31067.0,8.5616
2022-06-15,8.62,19561.0,8.5526
2022-06-16,8.6265,15038.0,8.5586
2022-06-17,8.43,21828.0,8.5436
2022-06-20,8.439,17089.0,8.4682
2022-06-21,8.129,31988.0,8.2576
2022-06-22,8.035,29622.0,8.0199
2022-06-23,8.0186,27091.0,7.9959
2022-06-24,8.1634,63487.0,8.0288
2022-06-27,8.0501,19254.0,8.0406
2022-06-28,7.83,24692.0,7.9429
2022-06-29,8.2031,34258.0,7.7628
2022-06-30,7.9901,32597.0,8.2542
2022-07-01,8.7511,36259.0,8.6516
2022-07-04,8.675,33664.0,8.6788
2022-07-05,9.3999,50778.0,9.0292
2022-07-06,9.7485,39708.0,9.5559
2022-07-07,9.5355,27895.0,9.5606
2022-07-08,9.2762,21206.0,9.2799
2022-07-11,8.902,35500.0,9.1559
2022-07-12,8.8418,35775.0,8.7427
2022-07-13,8.7052,34769.0,8.7194
2022-07-14,8.6563,28574.0,8.6359
2022-07-15,8.5901,34067.0,8.5725
2022-07-18,8.44,26765.0,8.4236
2022-07-19,8.3,40901.0,8.2648
2022-07-20,8.15,35707.0,8.1596
2022-07-21,8.52,54249.0,8.4143
2022-07-22,8.5837,48765.0,8.5927
2022-07-25,8.6894,40199.0,8.6347
2022-07-26,9.2,54259.0,8.8344
2022-07-27,8.9971,66320.0,9.021
2022-07-28,9.1401,54850.0,9.0618
2022-07-29,9.3299,53739.0,9.2298
2022-08-01,9.033,77064.0,9.1958
2022-08-02,8.97,54370.0,8.9356
2022-08-03,8.986,39921.0,8.9462
2022-08-04,8.94,40123.0,8.9339
2022-08-05,9.052,52996.0,8.9794
2022-08-08,9.027,49145.0,8.9621
2022-08-09,8.924,38146.0,8.9517
2022-08-10,9.09,34417.0,8.9704
2022-08-11,9.026,35268.0,9.0124
2022-08-12,8.995,34065.0,9.0297
2022-08-15,9.03,31774.0,9.0447
2022-08-16,8.97,56068.0,9.0129
2022-08-17,8.901,36066.0,8.9353
2022-08-18,8.756,52684.0,8.8135
2022-08-19,8.61,49316.0,8.6424
2022-08-22,8.711,43361.0,8.6988
2022-08-23,8.72,43328.0,8.7163
2022-08-24,8.748,36736.0,8.7355
2022-08-25,8.755,28775.0,8.7296
2022-08-26,8.765,23361.0,8.7434
2022-08-29,8.726,21580.0,8.7211
2022-08-30,8.675,25011.0,8.7369
2022-08-31,8.72,34017.0,8.7158
2022-09-01,8.727,20087.0,8.7268
2022-09-02,8.805,24908.0,8.747
2022-09-05,8.738,21924.0,8.7734
2022-09-06,8.765,22340.0,8.7489
2022-09-07,8.732,20329.0,8.7539
2022-09-08,8.731,19674.0,8.7353
2022-09-09,8.723,17309.0,8.7306
2022-09-12,8.713,29800.0,8.7234
2022-09-13,8.595,40837.0,8.6494
2022-09-14,8.588,36981.0,8.5683
2022-09-15,8.571,33106.0,8.5513
2022-09-16,8.546,31494.0,8.547
2022-09-19,8.559,40096.0,8.56
2022-09-20,8.645,47924.0,8.553
2022-09-21,8.577,66501.0,8.6128
2022-09-22,8.303,65217.0,8.4156
2022-09-23,8.092,121105.0,8.1373
2022-09-26,8.12,58990.0,8.0953
2022-09-27,8.155,47864.0,8.1148
2022-09-28,8.023,58170.0,8.068
2022-09-29,8.12,82784.0,8.0136
2022-09-30,8.341,90787.0,8.1992
2022-10-03,8.268,64873.0,8.1579
2022-10-04,8.199,45989.0,8.2041
2022-10-05,8.575,49618.0,8.3887
2022-10-06,8.555,51191.0,8.5891
2022-10-07,8.497,50982.0,8.5855
2022-10-10,8.657,63308.0,8.6176
2022-10-11,8.683,56224.0,8.7548
2022-10-12,8.683,79929.0,8.6772
2022-10-13,8.685,49121.0,8.7023
2022-10-14,8.602,50618.0,8.679
2022-10-17,8.533,49426.0,8.5282
2022-10-18,8.505,42765.0,8.5102
2022-10-19,8.462,38801.0,8.4586
2022-10-20,8.438,45653.0,8.4444
2022-10-21,8.309,56310.0,8.3656
2022-10-24,8.332,49066.0,8.3242
2022-10-25,8.407,39745.0,8.3261
2022-10-26,8.5,41142.0,8.4785
2022-10-27,8.47,39924.0,8.4379
2022-10-28,8.403,57525.0,8.4288
2022-10-31,8.385,44965.0,8.3935
2022-11-01,8.397,35943.0,8.4071
2022-11-02,8.414,44651.0,8.4242
2022-11-03,8.407,57611.0,8.4277
2022-11-07,8.417,54127.0,8.433
2022-11-08,8.372,44766.0,8.3688
2022-11-09,8.454,46966.0,8.4055
2022-11-10,8.391,39285.0,8.3967
2022-11-11,8.473,48766.0,8.449
2022-11-14,8.534,39381.0,8.5419
2022-11-15,8.55,53066.0,8.5343
2022-11-16,8.493,30285.0,8.4989
2022-11-17,8.453,34012.0,8.4471
2022-11-18,8.49,26080.0,8.4748
2022-11-21,8.47,29546.0,8.4746
2022-11-22,8.47,31375.0,8.4722
2022-11-23,8.44,19866.0,8.4351
2022-11-24,8.449,26174.0,8.4371
2022-11-25,8.415,22070.0,8.4242
2022-11-28,8.436,23898.0,8.4175
2022-11-29,8.468,42618.0,8.4827
2022-11-30,8.593,38876.0,8.5406
2022-12-01,8.724,21007.0,8.6539
2022-12-02,8.805,28454.0,8.7825
2022-12-05,8.93,30275.0,8.9336
2022-12-06,8.958,52815.0,8.9668
2022-12-07,9.005,41736.0,8.9907
2022-12-08,8.999,27214.0,8.9783
2022-12-09,8.978,33644.0,8.9649
2022-12-12,8.985,23893.0,8.9879
2022-12-13,9.045,28745.0,9.0381
2022-12-14,9.165,40038.0,9.1242
2022-12-15,9.215,41344.0,9.2139
2022-12-16,9.279,26080.0,9.2443
2022-12-19,9.657,70452.0,9.5426
2022-12-20,9.89,53401.0,9.8605
2022-12-21,10.079,59712.0,10.0787
2022-12-22,9.769,92047.0,10.1725
2022-12-23,9.92,72096.0,9.7739
2022-12-26,9.774,60202.0,9.7463
2022-12-27,9.98,78135.0,9.9507
2022-12-28,10.249,59982.0,10.1594
2022-12-29,10.186,78621.0,10.1399
2022-12-30,9.912,80145.0,9.9105
2023-01-03,10.11,17573.0,10.0466
2023-01-04,10.265,17386.0,10.2117
2023-01-05,10.417,20917.0,10.308
2023-01-06,10.437,14605.0,10.4247
2023-01-09,10.219,68584.0,10.2838
2023-01-10,10.279,30267.0,10.2242
2023-01-11,10.074,63982.0,10.1303
2023-01-12,10.021,46492.0,10.0032
2023-01-13,10.19,41986.0,10.0706
2023-01-16,10.149,37718.0,10.1454
2023-01-17,10.19,38148.0,10.1313
2023-01-18,10.19,29712.0,10.1795
2023-01-19,10.129,32257.0,10.1318
2023-01-20,10.119,22665.0,10.1209
2023-01-23,10.128,19937.0,10.1091
2023-01-24,10.138,21449.0,10.1159
2023-01-25,10.216,23068.0,10.1559
2023-01-26,10.279,30490.0,10.2528
2023-01-27,10.26,22980.0,10.2562
2023-01-30,10.405,30101.0,10.3267
2023-01-31,10.348,37294.0,10.4172
2023-02-01,10.391,35845.0,10.3888
2023-02-02,10.451,40981.0,10.4099
2023-02-03,10.417,33925.0,10.4238
2023-02-06,10.419,31648.0,10.3901
2023-02-07,10.455,36277.0,10.4385
2023-02-08,10.67,40845.0,10.5556
2023-02-09,10.767,35264.0,10.7503
2023-02-10,10.749,32003.0,10.701
2023-02-13,10.8,29218.0,10.7725
2023-02-14,10.803,35567.0,10.8101
2023-02-15,10.87,38123.0,10.8472
2023-02-16,10.875,33217.0,10.8843
2023-02-17,10.76,50052.0,10.8206
2023-02-20,10.87,49013.0,10.7915
2023-02-21,10.85,55254.0,10.8572
2023-02-22,10.903,71477.0,10.8454
2023-02-24,10.965,20128.0,10.9168
2023-02-27,10.71,65548.0,10.7766
2023-02-28,10.78,52684.0,10.7451
2023-03-01,10.909,48978.0,10.904
2023-03-02,10.865,35004.0,10.9054
2023-03-03,10.926,23440.0,10.913
2023-03-06,10.855,39196.0,10.8693
2023-03-07,10.875,26072.0,10.866
2023-03-09,10.856,40469.0,10.8592
2023-03-10,10.965,32521.0,10.9083
2023-03-13,10.927,55105.0,10.9344
2023-03-14,10.937,29406.0,10.9311
2023-03-15,11.0,32682.0,10.9769
2023-03-16,11.09,58014.0,11.0521
2023-03-17,11.19,42600.0,11.1342
2023-03-20,11.19,51324.0,11.1894
2023-03-21,11.161,45289.0,11.1649
2023-03-22,11.185,45010.0,11.159
2023-03-23,11.105,57186.0,11.154
2023-03-24,11.139,47768.0,11.1177
2023-03-27,11.113,44162.0,11.1128
2023-03-28,11.173,42914.0,11.127
2023-03-29,11.2,28745.0,11.1648
2023-03-30,11.192,41486.0,11.1856
2023-03-31,11.281,31689.0,11.2545
2023-04-03,11.428,30881.0,11.3288
2023-04-04,11.503,43335.0,11.5115
2023-04-05,11.578,27040.0,11.5506
2023-04-06,11.8,45634.0,11.7103
2023-04-07,11.812,77261.0,11.9305
2023-04-10,11.849,48427.0,11.8633
2023-04-11,11.909,36388.0,11.9196
2023-04-12,11.885,36168.0,11.9167
2023-04-13,11.855,44785.0,11.8553
2023-04-14,11.896,42148.0,11.8797
2023-04-17,11.814,48721.0,11.8515
2023-04-18,11.844,34407.0,11.8463
2023-04-19,11.855,31756.0,11.8295
2023-04-20,11.824,35299.0,11.8379
2023-04-21,11.819,26443.0,11.812
2023-04-24,11.772,39765.0,11.7704
2023-04-25,11.757,58608.0,11.7641
2023-04-26,11.754,30815.0,11.762
2023-04-27,11.705,33828.0,11.7429
2023-04-28,11.586,66762.0,11.5458
2023-05-02,11.496,27480.0,11.4923
2023-05-03,11.454,25506.0,11.4534
2023-05-04,11.269,39705.0,11.3196
2023-05-05,11.166,69678.0,11.1282
2023-05-08,11.242,14880.0,11.1745
2023-05-10,10.956,76199.0,11.0258
2023-05-11,11.043,71444.0,10.9543
2023-05-12,11.125,65762.0,11.0839
2023-05-15,11.379,45797.0,11.3457
2023-05-16,11.489,44769.0,11.4693
2023-05-17,11.396,53256.0,11.488
2023-05-18,11.404,51143.0,11.3618
2023-05-19,11.372,44635.0,11.3693
2023-05-22,11.371,31961.0,11.3508
2023-05-23,11.335,41684.0,11.3463
2023-05-24,11.325,29241.0,11.3287
2023-05-25,11.327,32438.0,11.2892
2023-05-26,11.303,26020.0,11.3048
2023-05-29,11.389,36255.0,11.3153
2023-05-30,11.427,34152.0,11.379
2023-05-31,11.379,29661.0,11.3712
2023-06-01,11.349,29131.0,11.3552
2023-06-02,11.472,33767.0,11.4278
2023-06-05,11.368,33394.0,11.4063
2023-06-06,11.412,40674.0,11.3979
2023-06-07,11.478,31578.0,11.4302
2023-06-08,11.596,39582.0,11.51
2023-06-09,11.56,42660.0,11.5676
2023-06-13,11.735,46753.0,11.6721
2023-06-14,11.741,48582.0,11.7588
2023-06-15,11.728,57446.0,11.7277
2023-06-16,11.765,41439.0,11.737
2023-06-19,11.729,34956.0,11.7219
2023-06-20,11.765,37510.0,11.7317
2023-06-21,11.648,45716.0,11.698
2023-06-22,11.65,44919.0,11.628
2023-06-23,11.709,44864.0,11.6559
2023-06-26,11.73,61063.0,11.7313
2023-06-27,11.788,44363.0,11.771
2023-06-28,11.899,42599.0,11.807
2023-06-29,12.057,61536.0,11.9926
2023-06-30,12.332,63359.0,12.1865
2023-07-03,12.182,59003.0,12.2768
2023-07-04,12.334,67522.0,12.3585
2023-07-05,12.541,52563.0,12.4568
2023-07-06,12.58,104688.0,12.7104
2023-07-07,12.648,45997.0,12.6343
2023-07-10,12.484,56777.0,12.5967
2023-07-11,12.5,66875.0,12.5337
2023-07-12,12.696,48019.0,12.589
2023-07-13,12.591,48121.0,12.5815
2023-07-14,12.62,34795.0,12.6081
2023-07-17,12.674,30789.0,12.6067
2023-07-18,12.627,37846.0,12.6357
2023-07-19,12.647,26913.0,12.6284
2023-07-20,12.575,45967.0,12.6377
2023-07-21,12.616,36429.0,12.5839
2023-07-24,12.575,44820.0,12.5601
2023-07-25,12.633,48308.0,12.6035
2023-07-26,12.582,31683.0,12.5799
2023-07-27,12.644,31245.0,12.5983
2023-07-28,12.8,38410.0,12.7009
2023-07-31,12.808,35074.0,12.8051
2023-08-01,12.838,36727.0,12.7937
2023-08-02,13.069,41288.0,12.9394
2023-08-03,13.117,49730.0,13.0542
2023-08-04,13.333,48052.0,13.1974
2023-08-07,13.24,67737.0,13.3848
2023-08-08,13.419,60945.0,13.2981
2023-08-09,13.432,60989.0,13.4807
2023-08-10,13.465,64551.0,13.453
2023-08-11,13.695,74822.0,13.547
2023-08-14,13.39,85390.0,13.7873
2023-08-15,13.254,92316.0,13.3168
2023-08-16,12.902,71066.0,13.1502
2023-08-17,12.774,98222.0,12.8025
2023-08-18,12.827,51191.0,12.7686
2023-08-21,12.799,63992.0,12.8453
2023-08-22,12.885,55816.0,12.873
2023-08-23,12.899,52061.0,12.9118
2023-08-24,12.972,52629.0,12.9442
2023-08-25,13.049,41346.0,12.9922
2023-08-28,13.058,49220.0,13.0539
2023-08-29,13.094,49550.0,13.1096
2023-08-30,13.17,34429.0,13.1377
2023-08-31,13.17,42052.0,13.188
2023-09-01,13.264,47095.0,13.2456
2023-09-04,13.3,29569.0,13.2862
2023-09-05,13.379,39830.0,13.3444
2023-09-06,13.401,69274.0,13.3795
2023-09-07,13.417,61097.0,13.3777
2023-09-08,13.267,40698.0,13.3139
2023-09-11,13.019,52219.0,13.188
2023-09-12,12.988,80546.0,12.9407
2023-09-13,13.235,49939.0,13.1793
2023-09-14,13.35,73693.0,13.222
2023-09-15,13.251,63415.0,13.2738
2023-09-18,13.205,55673.0,13.237
2023-09-19,13.261,49089.0,13.173
2023-09-20,13.161,72038.0,13.21
2023-09-21,13.108,63483.0,13.1307
2023-09-22,13.159,57753.0,13.1407
2023-09-25,13.144,57793.0,13.142
2023-09-26,13.149,43329.0,13.1512
2023-09-27,13.213,31650.0,13.1838
2023-09-28,13.308,51048.0,13.2797
2023-09-29,13.493,36289.0,13.3729
2023-10-02,13.6,34850.0,13.5125
2023-10-03,13.597,37064.0,13.5557
2023-10-04,13.629,34174.0,13.5827
2023-10-05,13.727,36537.0,13.6261
2023-10-06,13.715,49795.0,13.7359
2023-10-09,13.585,73093.0,13.8463
2023-10-10,13.731,66308.0,13.6842
2023-10-11,13.708,46250.0,13.7015
2023-10-12,13.3,95634.0,13.2905
2023-10-13,13.31,47068.0,13.305
2023-10-16,13.298,51334.0,13.2892
2023-10-17,13.32,45526.0,13.2903
2023-10-18,13.286,58051.0,13.2885
2023-10-19,13.225,53354.0,13.243
2023-10-20,13.004,52532.0,13.0762
2023-10-23,12.882,55334.0,12.9268
2023-10-24,12.74,51116.0,12.7683
2023-10-25,12.718,73928.0,12.7093
2023-10-26,12.778,139374.0,12.7561
2023-10-27,12.8,109552.0,12.7232
2023-10-30,12.64,88607.0,12.7121
2023-10-31,12.685,84132.0,12.5865
2023-11-01,12.639,82662.0,12.6971
2023-11-02,12.71,60151.0,12.7071
2023-11-03,12.657,74681.0,12.6895
2023-11-06,12.679,7558.0,12.669
2023-11-07,12.678,68314.0,12.6678
2023-11-08,12.624,41791.0,12.6586
2023-11-09,12.6,43740.0,12.603
2023-11-10,12.611,40972.0,12.6034
2023-11-13,12.545,46271.0,12.6036
2023-11-14,12.47,56127.0,12.4887
2023-11-15,12.321,68163.0,12.3373
2023-11-16,12.275,59300.0,12.2516
2023-11-17,12.469,51782.0,12.3294
2023-11-20,12.318,81406.0,12.33
2023-11-21,12.292,77923.0,12.3003
2023-11-22,12.302,38678.0,12.3036
2023-11-23,12.339,45979.0,12.3269
2023-11-24,12.387,50729.0,12.3956
2023-11-27,12.39,37921.0,12.3801
2023-11-28,12.481,38044.0,12.3844
2023-11-29,12.407,59077.0,12.4422
2023-11-30,12.489,45531.0,12.408
2023-12-01,12.625,36972.0,12.558
2023-12-04,12.733,42200.0,12.6917
2023-12-05,12.8775,61445.0,12.8292
2023-12-06,12.945,66393.0,12.9411
2023-12-07,12.8515,46384.0,12.9258
2023-12-08,12.786,64684.0,12.7858
2023-12-11,12.608,84921.0,12.6487
2023-12-12,12.5285,52976.0,12.5602
2023-12-13,12.51,54397.0,12.4978
2023-12-14,12.655,59515.0,12.5574
2023-12-15,12.6435,72746.0,12.619
2023-12-18,12.597,82896.0,12.6492
2023-12-19,12.665,87810.0,12.5912
2023-12-20,12.743,66162.0,12.6749
2023-12-21,12.85,95701.0,12.8214
2023-12-22,12.839,62239.0,12.8585
2023-12-25,12.761,47996.0,12.8221
2023-12-26,12.788,57059.0,12.7902
2023-12-27,12.735,84770.0,12.7962
2023-12-28,12.6,92940.0,12.6639
2023-12-29,12.6115,63839.0,12.5922
2024-01-03,12.752,14385.0,12.7257
2024-01-04,12.676,19600.0,12.7068
2024-01-05,12.65,9771.0,12.6485
2024-01-08,12.711,13458.0,12.6447
2024-01-09,12.4935,96991.0,12.5615
2024-01-10,12.409,71146.0,12.4317
2024-01-11,12.323,82118.0,12.3647
2024-01-12,12.226,80728.0,12.2459
2024-01-15,12.1335,64666.0,12.1552
2024-01-16,12.12,81519.0,12.1301
2024-01-17,12.2165,77337.0,12.1933
2024-01-18,12.265,69767.0,12.2536
2024-01-19,12.216,55082.0,12.2644
2024-01-22,12.19,57269.0,12.1853
2024-01-23,12.278,74894.0,12.2362
2024-01-24,12.346,92888.0,12.2957
2024-01-25,12.379,101588.0,12.3439
2024-01-26,12.487,71569.0,12.4432
2024-01-29,12.3545,67284.0,12.4426
2024-01-30,12.439,58223.0,12.4059
2024-01-31,12.501,62697.0,12.4617
2024-02-01,12.566,51065.0,12.5398
2024-02-02,12.612,58286.0,12.6053
2024-02-05,12.55,75147.0,12.5987
2024-02-06,12.648,70365.0,12.6031
2024-02-07,12.6505,60470.0,12.6428
2024-02-08,12.556,105113.0,12.626
2024-02-09,12.571,61649.0,12.5419
2024-02-12,12.6,49799.0,12.5654
2024-02-13,12.557,45630.0,12.5726
2024-02-14,12.583,49165.0,12.5875
2024-02-15,12.7385,81499.0,12.6679
2024-02-16,12.6515,89179.0,12.7333
2024-02-19,12.78,78656.0,12.7657
2024-02-20,12.7995,110445.0,12.7981
2024-02-21,12.7935,78904.0,12.7991
2024-02-22,12.809,103891.0,12.7904
2024-02-26,12.76,73725.0,12.7782
2024-02-27,12.734,71100.0,12.7427
2024-02-28,12.6025,102763.0,12.6865
2024-02-29,12.582,91410.0,12.5691
2024-03-01,12.665,50671.0,12.6338
2024-03-04,12.657,39718.0,12.6513
2024-03-05,12.5575,70354.0,12.6086
2024-03-06,12.533,60695.0,12.5169
2024-03-07,12.6005,42507.0,12.5811
2024-03-11,12.595,67018.0,12.5956
2024-03-12,12.769,60539.0,12.6703
2024-03-13,12.6865,83989.0,12.6982
2024-03-14,12.7,60096.0,12.7103
2024-03-15,12.87,51230.0,12.7511
2024-03-18,12.73,76194.0,12.7483
2024-03-19,12.834,63898.0,12.7796
2024-03-20,12.798,55153.0,12.8213
2024-03-21,12.7295,93713.0,12.742
2024-03-22,12.7485,68261.0,12.7427
2024-03-25,12.777,44307.0,12.7877
2024-03-26,12.799,51939.0,12.786
2024-03-27,12.662,105065.0,12.704
2024-03-28,12.714,62719.0,12.7011
2024-03-29,12.671,88172.0,12.6737
2024-04-01,12.685,56874.0,12.6903
2024-04-02,12.72,49772.0,12.7209
2024-04-03,12.7215,57511.0,12.7156
2024-04-04,12.724,45821.0,12.7153
2024-04-05,12.759,56988.0,12.7589
2024-04-08,12.775,35006.0,12.77
2024-04-09,12.823,41719.0,12.7997
2024-04-10,12.8755,51798.0,12.8731
2024-04-11,12.8555,48558.0,12.8985
2024-04-12,12.857,36962.0,12.8698
2024-04-15,12.8845,37658.0,12.8823
2024-04-16,12.9775,52433.0,12.9364
2024-04-17,12.98,40880.0,12.9941
2024-04-18,12.9535,54056.0,12.9706
2024-04-19,12.84,55764.0,12.874
2024-04-22,12.8505,51849.0,12.852
2024-04-23,12.806,42333.0,12.8365
2024-04-24,12.6745,53639.0,12.7175
2024-04-25,12.652,64114.0,12.6716
2024-04-26,12.574,97499.0,12.6068
2024-04-27,12.7,35247.0,12.5785
2024-04-29,12.739,19602.0,12.7387
2024-04-30,12.739,18545.0,12.73
2024-05-02,12.703,58938.0,12.6892
2024-05-03,12.6955,52701.0,12.7015
2024-05-06,12.6445,52710.0,12.65
2024-05-07,12.596,71982.0,12.5985
2024-05-08,12.6255,66546.0,12.6228
2024-05-10,12.692,33710.0,12.6688
2024-05-13,12.5765,54771.0,12.6216
2024-05-14,12.6085,50471.0,12.6012
2024-05-15,12.5735,44262.0,12.6036
2024-05-16,12.5875,54347.0,12.5827
2024-05-17,12.5715,36210.0,12.576
2024-05-20,12.503,47868.0,12.513
2024-05-21,12.408,50621.0,12.4601
2024-05-22,12.409,40716.0,12.4213
2024-05-23,12.39,41283.0,12.4216
2024-05-24,12.288,56944.0,12.3287
2024-05-27,12.1775,74033.0,12.195
2024-05-28,12.1885,67003.0,12.1702
2024-05-29,12.301,51691.0,12.276
2024-05-30,12.3655,43462.0,12.3656
2024-05-31,12.388,49541.0,12.403
2024-06-03,12.2725,65340.0,12.2976
2024-06-04,12.229,58736.0,12.2311
2024-06-05,12.216,51537.0,12.2254
2024-06-06,12.2255,55736.0,12.2265
2024-06-07,12.2555,60058.0,12.237
2024-06-10,12.1725,65243.0,12.2181
2024-06-11,12.2255,47273.0,12.2305
2024-06-13,12.2205,131658.0,12.0729
2024-06-14,12.15,69784.0,12.1606
2024-06-17,11.951,40836.0,12.0822
2024-06-18,11.45,67954.0,11.763
2024-06-19,11.1925,126079.0,11.1732
2024-06-20,11.949,125837.0,11.5488
2024-06-21,12.0455,112169.0,12.0418
2024-06-24,11.6795,79406.0,11.8373
2024-06-25,11.895,59346.0,11.817
2024-06-26,11.713,65337.0,11.8158
2024-06-27,11.5255,86317.0,11.4936
2024-06-28,11.7345,92326.0,11.588
2024-07-01,11.8755,54657.0,11.8075
2024-07-02,11.814,52936.0,11.8929
2024-07-03,11.903,30849.0,11.8991
2024-07-04,11.99,27545.0,11.9936
2024-07-05,11.973,42166.0,11.9974
2024-07-08,11.9105,32750.0,11.9736
2024-07-09,11.949,31137.0,11.9454
2024-07-10,11.984,31656.0,11.963
2024-07-11,11.952,21336.0,11.9952
2024-07-12,11.97,24357.0,11.9751
2024-07-15,12.086,30571.0,12.0038
2024-07-16,12.039,25315.0,12.05
2024-07-17,12.003,32964.0,12.0493
2024-07-18,12.0285,47255.0,12.024
2024-07-19,11.9715,40444.0,12.0139
2024-07-22,11.972,45293.0,11.9736
2024-07-23,11.9035,46265.0,11.9065
2024-07-24,11.8105,35334.0,11.8242
2024-07-25,11.766,58361.0,11.7426
2024-07-26,11.85,65477.0,11.7397
2024-07-29,11.795,51884.0,11.844
2024-07-30,11.846,59385.0,11.8429
2024-07-31,11.84,32793.0,11.8668
2024-08-01,11.7755,41589.0,11.7848
2024-08-02,11.76,48847.0,11.8237
2024-08-05,11.8445,44609.0,11.8483
2024-08-06,11.85,36180.0,11.7994
2024-08-07,11.83,29937.0,11.8129
2024-08-08,11.858,39726.0,11.8718
2024-08-09,11.875,35806.0,11.8907
2024-08-12,11.891,32528.0,11.8752
2024-08-13,12.0785,56104.0,12.0294
2024-08-14,11.94,51789.0,12.0589
2024-08-15,11.982,69036.0,11.9353
2024-08-16,12.0685,50640.0,12.0513
2024-08-19,12.1005,33357.0,12.1174
2024-08-20,12.1865,30068.0,12.1244
2024-08-21,12.09,53587.0,12.1981
2024-08-22,11.84,63193.0,11.9466
2024-08-23,11.841,73658.0,11.7828
2024-08-26,11.678,85939.0,11.686
2024-08-27,11.799,77584.0,11.7537
2024-08-28,11.839,66614.0,11.8404
2024-08-29,11.925,88440.0,11.9068
2024-08-30,12.049,85993.0,12.0168
2024-09-02,12.045,55073.0,12.0462
2024-09-03,12.117,47485.0,12.1129
2024-09-04,12.69,70814.0,12.5459
2024-09-05,12.499,50574.0,12.5021
2024-09-06,12.623,39133.0,12.5545
2024-09-09,12.6465,30505.0,12.633
2024-09-10,12.682,37220.0,12.6955
2024-09-11,12.6945,77750.0,12.7136
2024-09-12,12.7305,33196.0,12.7294
2024-09-13,12.765,68605.0,12.7229
2024-09-16,12.92,37946.0,12.7905
2024-09-17,12.882,45835.0,12.9174
2024-09-18,12.9985,68710.0,12.9487
2024-09-19,12.967,119502.0,13.0854
2024-09-20,13.1195,78985.0,13.0488
2024-09-23,13.144,42354.0,13.1174
2024-09-24,13.1265,62881.0,13.1941
2024-09-25,13.15,62996.0,13.1007
2024-09-26,13.176,47562.0,13.1549
2024-09-27,13.281,34237.0,13.2267
2024-09-30,13.24,41112.0,13.2376
2024-10-01,13.283,37112.0,13.2193
2024-10-02,13.4945,42147.0,13.401
2024-10-03,13.459,42430.0,13.4751
2024-10-04,13.4465,20269.0,13.4237
2024-10-07,13.5095,52531.0,13.5512
2024-10-08,13.6495,47174.0,13.5977
2024-10-09,13.6775,56987.0,13.6866
2024-10-10,13.5105,46668.0,13.6818
2024-10-11,13.469,38814.0,13.4739
2024-10-14,13.526,26045.0,13.5014
2024-10-15,13.58,57845.0,13.5706
2024-10-16,13.53,33260.0,13.5878
2024-10-17,13.549,47083.0,13.5458
2024-10-18,13.383,60932.0,13.4508
2024-10-21,13.5005,37449.0,13.4775
2024-10-22,13.542,25089.0,13.5465
2024-10-23,13.5365,32232.0,13.5207
2024-10-24,13.549,31869.0,13.5359
2024-10-25,13.505,42127.0,13.5009
2024-10-28,13.6165,50265.0,13.6066
2024-10-29,13.577,52041.0,13.5916
2024-10-30,13.6005,21649.0,13.5878
2024-10-31,13.575,38477.0,13.599
2024-11-01,13.6595,22262.0,13.642
2024-11-02,13.668,17843.0,13.6707
2024-11-05,13.704,29784.0,13.7414
2024-11-06,13.5975,27064.0,13.6366
2024-11-07,13.625,32827.0,13.6221
2024-11-08,13.57,35715.0,13.588
2024-11-11,13.513,36083.0,13.5467
2024-11-12,13.5,25461.0,13.4955
2024-11-13,13.6,36485.0,13.599
2024-11-14,13.715,39007.0,13.6633
2024-11-15,13.69,51474.0,13.7811
2024-11-18,13.7595,49229.0,13.7579
2024-11-19,13.8385,49574.0,13.7867
2024-11-20,13.82,27699.0,13.8186
2024-11-21,13.95,50694.0,13.8817
2024-11-22,14.0765,39792.0,13.9638
2024-11-25,14.3805,37884.0,14.258
2024-11-26,14.6705,49278.0,14.4676
2024-11-27,14.47,110024.0,14.8173
2024-11-28,14.7285,61990.0,14.6706
2024-11-29,14.5005,55135.0,14.6907
2024-12-02,14.608,66596.0,14.6149
2024-12-03,14.441,54479.0,14.526
2024-12-04,14.3315,45658.0,14.2529
2024-12-05,13.93,107909.0,14.0727
2024-12-06,13.41,135177.0,13.571
2024-12-09,13.859,59777.0,13.5909
2024-12-10,13.7,129693.0,13.6576
2024-12-11,13.9255,80212.0,13.8923
2024-12-12,13.8,73344.0,13.9432
2024-12-13,13.8695,49568.0,13.9953
2024-12-16,13.859,109462.0,13.8617
2024-12-17,14.07,74181.0,13.9815
2024-12-18,14.1515,71538.0,14.0786
2024-12-19,14.007,74078.0,14.1412
2024-12-20,13.9605,77267.0,13.9884
2024-12-23,13.845,81333.0,13.7985
2024-12-24,13.7,71910.0,13.6695
2024-12-25,13.486,62052.0,13.5855
2024-12-26,13.4,61103.0,13.4685
2024-12-27,13.45,83127.0,13.4462
2024-12-28,13.6735,58424.0,13.4632
2024-12-30,13.705,16346.0,13.71
2025-01-03,13.7975,5515.0,13.7972
2025-01-06,13.624,11547.0,13.6639
2025-01-08,13.51,5784.0,13.6045
2025-01-09,13.58,48365.0,13.6637
2025-01-10,13.72,48087.0,13.6797
2025-01-13,13.818,52229.0,13.8201
2025-01-14,13.9385,44562.0,13.9366
2025-01-15,13.902,40179.0,13.9225
2025-01-16,13.909,50041.0,13.9119
2025-01-17,13.87,41639.0,13.9337
2025-01-20,13.8225,43150.0,13.8307
2025-01-21,13.583,59475.0,13.703
2025-01-22,13.5415,63333.0,13.5438
2025-01-23,13.5495,33254.0,13.5726
2025-01-24,13.469,64811.0,13.5005
2025-01-27,13.4645,83415.0,13.3899
2025-01-28,13.368,59206.0,13.4388
2025-01-29,13.3965,50880.0,13.3837
2025-01-30,13.231,58455.0,13.3474
2025-01-31,13.354,63204.0,13.2725
2025-02-03,13.267,42057.0,13.3824
2025-02-04,13.267,37991.0,13.2849
2025-02-05,12.996,82362.0,13.1511
2025-02-06,13.2425,84187.0,13.0688
2025-02-07,13.2735,65117.0,13.2451
2025-02-10,13.11,42378.0,13.2252
2025-02-11,12.915,117764.0,13.0076
2025-02-12,12.66,80308.0,12.763
2025-02-13,12.28,128010.0,12.3414
2025-02-14,12.475,81721.0,12.4143
2025-02-17,12.333,63606.0,12.4609
2025-02-18,12.4225,74048.0,12.4124
2025-02-19,12.356,71954.0,12.3486
2025-02-20,12.018,61507.0,12.1277
2025-02-21,12.0,66517.0,12.0891
2025-02-24,11.975,74738.0,12.0538
2025-02-25,11.689,82562.0,11.7804
2025-02-26,11.911,131899.0,11.7659
2025-02-27,12.0195,104953.0,11.9591
2025-02-28,12.123,79760.0,12.0978
2025-03-03,12.0945,94115.0,12.1649
2025-03-04,12.16,73642.0,12.1838
2025-03-05,12.228,66072.0,12.2788
2025-03-06,12.273,44831.0,12.2831
2025-03-07,12.132,74104.0,12.1938
2025-03-10,11.875,72157.0,12.05
2025-03-11,11.85,93757.0,11.8293
2025-03-12,11.936,73750.0,11.9333
2025-03-13,11.83,84618.0,11.8717
2025-03-14,11.801,65427.0,11.7903
2025-03-17,11.35,107878.0,11.5504
2025-03-18,11.219,107515.0,11.2526
2025-03-19,11.496,110728.0,11.459
2025-03-20,11.5025,87987.0,11.5901
2025-03-21,11.466,94284.0,11.5528
2025-03-24,11.6045,83194.0,11.4955
2025-03-25,11.489,71041.0,11.5532
2025-03-26,11.45,53486.0,11.5155
2025-03-27,11.42,70400.0,11.4808
2025-03-28,11.685,69316.0,11.5201
2025-03-31,11.681,90174.0,11.7054
2025-04-01,11.473,80264.0,11.5775
2025-04-02,11.511,80510.0,11.5259
2025-04-03,11.58,71309.0,11.4953
2025-04-04,11.7195,102244.0,11.6414
2025-04-07,11.581,64188.0,11.7056
2025-04-08,11.619,77868.0,11.5801
2025-04-09,11.546,63625.0,11.6249
2025-04-10,11.529,52855.0,11.5289
2025-04-11,11.25,78341.0,11.4241
2025-04-14,11.1975,73857.0,11.2182
2025-04-15,11.228,75973.0,11.1764
2025-04-16,11.2655,115200.0,11.2891
2025-04-17,11.0615,88157.0,11.1856
2025-04-18,11.038,80012.0,11.1013
2025-04-21,11.13,58946.0,11.0814
2025-04-22,11.133,71499.0,11.1231
2025-04-23,11.375,119618.0,11.345
2025-04-24,11.354,78890.0,11.3941
2025-04-25,11.329,86772.0,11.3492
2025-04-28,11.2,90449.0,11.268
2025-04-29,11.17,78297.0,11.1994
2025-04-30,11.165,87855.0,11.1719
2025-05-02,11.41,18590.0,11.402
2025-05-05,11.208,67623.0,11.2728
2025-05-06,11.235,36705.0,11.2164
2025-05-07,11.195,50021.0,11.1862
2025-05-08,11.2375,15293.0,11.2936
2025-05-12,11.149,66936.0,11.1664
2025-05-13,11.118,63637.0,11.151
2025-05-14,11.06,60506.0,11.1132
2025-05-15,11.117,57773.0,11.1097
2025-05-16,11.1785,73346.0,11.1633
2025-05-19,11.079,71105.0,11.1158
2025-05-20,11.1725,56901.0,11.1707
2025-05-21,11.0545,77334.0,11.0769
2025-05-22,11.0525,44120.0,11.0219
2025-05-23,11.022,42120.0,11.0718
2025-05-26,11.09,51340.0,11.0813
2025-05-27,11.1185,49495.0,11.1049
2025-05-28,11.0135,92901.0,11.0429
2025-05-29,10.86,79769.0,10.8871
2025-05-30,10.903,45026.0,10.8918
2025-06-02,10.89,45815.0,10.9429
2025-06-03,10.904,56300.0,10.9137
2025-06-04,11.008,80052.0,10.9082
2025-06-05,10.968,77909.0,11.0179
2025-06-06,11.007,74654.0,10.9943
2025-06-09,10.96,53796.0,10.9733
2025-06-10,10.81,87322.0,10.8885
2025-06-11,10.96,81742.0,10.9504
2025-06-13,10.894,10949.0,10.9083
2025-06-16,10.89,85961.0,10.8995
2025-06-17,10.89,96825.0,10.9145
2025-06-18,10.874,48722.0,10.8706
2025-06-19,10.845,91851.0,10.8574
2025-06-20,10.8985,40923.0,10.8991
2025-06-23,10.8695,86201.0,10.8702
2025-06-24,10.91,41449.0,10.9607
2025-06-25,10.891,70575.0,10.9048
2025-06-26,10.9155,61578.0,10.9352
2025-06-27,10.925,26845.0,10.9416
2025-06-30,10.92,38186.0,10.9182
2025-07-01,10.939,33088.0,10.942
2025-07-02,10.947,23945.0,10.948
2025-07-03,10.97,51714.0,10.9853
2025-07-04,10.953,44402.0,10.99
2025-07-07,10.837,77088.0,10.9254
2025-07-08,10.855,36506.0,10.8547
2025-07-09,10.8375,50713.0,10.8409
2025-07-10,10.82,33842.0,10.8174
2025-07-11,10.954,77227.0,10.8748
2025-07-14,10.864,88888.0,10.8882
2025-07-15,10.8315,73819.0,10.835
2025-07-16,10.8385,35967.0,10.8394
2025-07-17,10.846,74387.0,10.8719
2025-07-18,10.938,66132.0,10.9056
2025-07-21,10.857,42694.0,10.8859
2025-07-22,10.9425,55324.0,10.8909
2025-07-23,10.944,111475.0,10.9578
2025-07-24,11.045,54925.0,11.0615
2025-07-25,11.06,51454.0,11.0669
2025-07-28,11.3415,72938.0,11.1991
2025-07-29,11.4195,89197.0,11.4239
2025-07-30,11.1985,75696.0,11.3026
2025-07-31,11.098,80911.0,11.0942
2025-08-01,11.064,45922.0,11.0828
2025-08-04,11.0725,87821.0,11.0625
2025-08-05,11.097,39376.0,11.1013
2025-08-06,11.094,38422.0,11.1152
2025-08-07,10.9905,43049.0,11.0141
2025-08-08,11.0765,68995.0,11.0682
2025-08-11,11.012,33022.0,11.0447
2025-08-12,11.058,38741.0,11.0566
2025-08-13,11.0565,37599.0,11.0635
2025-08-14,11.05,26030.0,11.0867
2025-08-15,11.1035,32087.0,11.1023
2025-08-18,11.179,72602.0,11.1558
2025-08-19,11.15,43574.0,11.1644
2025-08-20,11.148,40726.0,11.1424
2025-08-21,11.162,42602.0,11.155
2025-08-22,11.248,65161.0,11.2029
2025-08-25,11.171,42107.0,11.2384
2025-08-26,11.2325,33729.0,11.1871
2025-08-27,11.23,53941.0,11.2126
2025-08-28,11.238,43348.0,11.2287
2025-08-29,11.256,52808.0,11.2706
2025-09-01,11.2285,40043.0,11.2544
2025-09-02,11.27,58958.0,11.2544
2025-09-03,11.296,48113.0,11.2981
2025-09-04,11.346,36549.0,11.3524
2025-09-05,11.401,31782.0,11.3879
2025-09-08,11.594,41613.0,11.496
2025-09-09,11.778,54756.0,11.7025
2025-09-10,11.917,83296.0,11.8924
2025-09-11,11.949,95868.0,11.936
2025-09-12,11.7495,80924.0,11.8135
2025-09-15,11.564,121872.0,11.589
2025-09-16,11.62,64345.0,11.6105
2025-09-17,11.68,59888.0,11.6695
2025-09-18,11.6995,80863.0,11.6625
2025-09-19,11.7,46977.0,11.7007
2025-09-22,11.72,40478.0,11.7272
2025-09-23,11.704,64261.0,11.7028
2025-09-24,11.663,44741.0,11.7128
2025-09-25,11.705,73423.0,11.7089
2025-09-26,11.5965,74735.0,11.6674
2025-09-29,11.542,62566.0,11.5871
2025-09-30,11.5185,52417.0,11.5411
2025-10-01,11.3595,56845.0,11.3822
2025-10-02,11.317,33557.0,11.3399
2025-10-03,11.49,61668.0,11.4376
2025-10-06,11.473,39901.0,11.5509
2025-10-07,11.4085,41865.0,11.367
2025-10-08,11.27,43653.0,11.3315
2025-10-09,11.331,42702.0,11.3589
2025-10-10,11.34,33694.0,11.3597
2025-10-13,11.1795,125195.0,11.2685
2025-10-14,11.084,83888.0,11.1133
2025-10-15,10.9875,112860.0,11.0101
2025-10-16,11.1975,129514.0,11.1111
2025-10-17,11.38,65217.0,11.3574
2025-10-20,11.275,59114.0,11.3444
2025-10-21,11.408,69991.0,11.3691
2025-10-22,11.374,90726.0,11.4444
2025-10-23,11.377,76555.0,11.3737
2025-10-24,11.147,86529.0,11.2844
2025-10-27,11.165,61454.0,11.0669
2025-10-28,11.17,59930.0,11.1763
2025-10-29,11.22,66896.0,11.1749
2025-10-30,11.2945,71071.0,11.2826
2025-10-31,11.2605,79526.0,11.3269
2025-11-01,11.3,43881.0,11.2561
2025-11-03,11.155,11540.0,11.2226
2025-11-05,11.391,55724.0,11.3435
2025-11-06,11.324,35810.0,11.3611
2025-11-07,11.319,37164.0,11.3421
2025-11-10,11.3635,67573.0,11.3635
2025-11-11,11.3385,68540.0,11.3974
2025-11-12,11.367,33437.0,11.3688
2025-11-13,11.35,57495.0,11.32
2025-11-14,11.3755,47836.0,11.3985
2025-11-17,11.371,29461.0,11.3931
2025-11-18,11.38,40977.0,11.3776
2025-11-19,11.288,58427.0,11.3304
2025-11-20,11.2155,65240.0,11.2672
2025-11-21,11.09,69269.0,11.0664
2025-11-24,11.013,73954.0,11.0467
2025-11-25,11.105,74934.0,11.1001
2025-11-26,11.072,59384.0,11.0764
2025-11-27,11.008,52845.0,11.0225
2025-11-28,10.921,84623.0,11.0018
2025-12-01,10.95,51300.0,10.9574
2025-12-02,10.96,59445.0,10.9257
2025-12-03,10.87,70826.0,10.9621
2025-12-04,10.702,103317.0,10.8153
2025-12-05,10.78,109053.0,10.7481
2025-12-08,10.789,86821.0,10.8189
2025-12-09,10.944,66566.0,10.8581
2025-12-10,11.17,109233.0,11.0081
2025-12-11,11.22,124023.0,11.2055
2025-12-12,11.2395,97291.0,11.2656
2025-12-15,11.282,101560.0,11.2213
2025-12-16,11.263,78636.0,11.2594
2025-12-17,11.3995,96326.0,11.366
2025-12-18,11.352,65816.0,11.331
2025-12-19,11.307,76291.0,11.4136
2025-12-22,11.1295,92994.0,11.2085
2025-12-23,11.112,89833.0,11.1348
2025-12-24,11.144,162134.0,11.1793
2025-12-25,11.035,87560.0,11.0643
2025-12-26,11.036,100025.0,11.0441
2025-12-29,11.101,81830.0,11.0575
2025-12-30,11.2285,67308.0,11.1751
2026-01-05,11.4105,14411.0,11.3873
2026-01-06,11.3145,10158.0,11.3763
2026-01-08,11.315,18576.0,11.3595
2026-01-09,11.228,10057.0,11.253
2026-01-12,11.26,69668.0,11.2788
2026-01-13,11.2845,55231.0,11.2711
2026-01-14,11.1915,77546.0,11.2332
2026-01-15,11.152,75713.0,11.2215
2026-01-16,11.169,79249.0,11.1515
2026-01-19,11.1425,47091.0,11.1558
2026-01-20,11.1505,50324.0,11.1668
2026-01-21,10.955,107279.0,11.0864
2026-01-22,10.83,85403.0,10.8625
2026-01-23,10.855,59571.0,10.8705
2026-01-26,10.9965,99341.0,10.9367
2026-01-27,10.9195,106095.0,10.9641
2026-01-28,10.948,90696.0,10.9435
2026-01-29,10.7645,123861.0,10.8724
2026-01-30,10.936,95807.0,10.8801
2026-02-02,10.996,75584.0,11.0471
2026-02-03,11.0925,80834.0,11.0641
2026-02-04,10.9865,101237.0,11.0342
2026-02-05,11.07,86418.0,11.0062
2026-02-06,11.142,113143.0,11.115
2026-02-09,11.165,72962.0,11.1705
2026-02-10,11.158,91438.0,11.1579
2026-02-11,11.15,117921.0,11.1611
2026-02-12,11.173,88414.0,11.1578
2026-02-13,11.096,72456.0,11.1411
2026-02-16,11.125,69351.0,11.0884
2026-02-17,10.99,38554.0,11.0692
2026-02-18,11.111,73718.0,11.0513
2026-02-19,11.05,102815.0,11.0757
2026-02-20,11.11,66880.0,11.0938
2026-02-24,11.0515,53270.0,11.1069
2026-02-25,11.2905,64232.0,11.1525
2026-02-26,11.211,74766.0,11.2415
2026-02-27,11.2025,84724.0,11.2341
2026-03-02,11.223,65024.0,11.2068
2026-03-03,11.168,61768.0,11.2067
2026-03-04,11.2715,88185.0,11.2545
2026-03-05,11.4,66782.0,11.3583
2026-03-06,11.4015,79094.0,11.4329
2026-03-09,11.27,21587.0,11.2697
2026-03-10,11.489,67627.0,11.4557
2026-03-11,11.5215,78054.0,11.5037
2026-03-12,11.591,59467.0,11.5281
2026-03-13,11.6505,96109.0,11.65
2026-03-16,11.82,83667.0,11.7581
2026-03-17,12.0025,65491.0,11.9157
2026-03-18,12.1895,119682.0,12.1279
2026-03-19,12.47,160889.0,12.3947
2026-03-20,12.019,229144.0,12.1802
2026-03-23,11.9105,113622.0,11.8769
2026-03-24,11.66,140148.0,11.7231
2026-03-25,11.83,98355.0,11.7032
2026-03-26,11.682,144927.0,11.859
2026-03-27,11.8235,126728.0,11.7266
2026-03-30,11.756,76587.0,11.7404
2026-03-31,11.743,138135.0,11.7926
2026-04-01,11.682,62255.0,11.7069
2026-04-02,11.62,110917.0,11.6333
2026-04-03,11.5005,83801.0,11.5579
2026-04-06,11.4775,112271.0,11.4657
2026-04-07,11.3905,93102.0,11.4583
2026-04-08,11.455,90239.0,11.4589
2026-04-09,11.2955,97782.0,11.3617
2026-04-10,11.2355,127129.0,11.2451
2026-04-13,11.175,78217.0,11.1363
2026-04-14,11.047,92437.0,11.0873
2026-04-15,11.061,124487.0,11.0537
2026-04-16,11.1235,132668.0,11.1665
2026-04-17,11.111,85624.0,11.1376
2026-04-20,10.998,52891.0,11.0329
2026-04-21,10.954,96851.0,10.9487
2026-04-22,10.952,64123.0,10.9842
2026-04-23,11.07,121731.0,10.9978
2026-04-24,10.98,99841.0,11.0253
2026-04-27,10.9395,107030.0,10.951
2026-04-28,10.98,72842.0,10.9538
2026-04-29,10.9115,80686.0,10.9478
2026-04-30,10.9775,56096.0,10.96
2026-05-04,11.0155,62728.0,11.032
2026-05-05,11.0525,62266.0,11.0289
2026-05-06,10.9455,116870.0,10.9936
2026-05-07,10.95,84191.0,10.969
2026-05-08,10.9245,75374.0,10.9274
2026-05-11,10.825,15294.0,10.8533
2026-05-12,10.849,56380.0,10.8522
2026-05-13,10.8155,82650.0,10.7969
2026-05-14,10.768,77598.0,10.7829
2026-05-15,10.711,47137.0,10.7244
2026-05-18,10.6115,68478.0,10.6247
2026-05-19,10.3505,95430.0,10.4452
2026-05-20,10.46,83705.0,10.4212
2026-05-21,10.435,94006.0,10.4042
2026-05-22,10.53,89380.0,10.4916
2026-05-25,10.607,110456.0,10.5476
2026-05-26,10.469,87632.0,10.5439
2026-05-27,10.475,73319.0,10.4605
2026-05-28,10.46,63847.0,10.4462
2026-05-29,10.487,73177.0,10.4836
2026-06-01,10.64,65666.0,10.5918
2026-06-02,10.791,102627.0,10.7452
2026-06-03,10.86,136711.0,10.8451
2026-06-04,10.8235,60092.0,10.9298
2026-06-05,10.87,74533.0,10.855
2026-06-08,10.7055,67334.0,10.7754
2026-06-09,10.5755,114416.0,10.5866
2026-06-10,10.585,94124.0,10.5832
2026-06-11,10.604,108428.0,10.6064
2026-06-15,10.653,114179.0,10.6916
2026-06-16,10.73,123768.0,10.672
2026-06-17,10.78,115478.0,10.7689
2026-06-18,10.7895,100474.0,10.8252
2026-06-19,10.807,93038.0,10.8033
2026-06-22,10.989,81509.0,10.8943
2026-06-23,10.941,76535.0,10.99
2026-06-24,10.97,55655.0,10.9695
2026-06-25,11.1695,82578.0,11.0599
2026-06-26,11.489,120434.0,11.3977
2026-06-29,11.37,90779.0,11.4455
2026-06-30,11.619,74239.0,11.5153
2026-07-01,11.47,142272.0,11.4804
2026-07-02,11.462,62876.0,11.4618
2026-07-03,11.49,78044.0,11.3908
2026-07-06,11.1825,98018.0,11.413
2026-07-07,11.2845,104475.0,11.219
2026-07-08,11.2015,75830.0,11.2163
2026-07-09,11.251,69254.0,11.1787
2026-07-10,11.317,68886.0,11.3118
2026-07-13,11.3285,53245.0,11.2992
2026-07-14,11.4725,92997.0,11.398
2026-07-15,11.44,80618.0,11.506
2026-07-16,11.5845,88665.0,11.5226
2026-07-17,11.57,71791.0,11.5577
2026-07-20,11.641,56172.0,11.5815
2026-07-21,11.599,75759.0,11.6057
2026-07-22,11.5445,48513.0,11.5774
2026-07-23,11.573,43846.0,11.5818
2026-07-24,11.479,87053.0,11.4968
2026-07-27,11.55,42811.0,11.5233
2026-07-28,11.667,61383.0,11.6017
2026-07-29,11.795,74915.0,11.7332
2026-07-30,11.75,70150.0,11.8187
2026-07-31,11.732,46150.0,11.758
2026-08-03,11.942,68045.0,11.8485
2026-08-04,11.951,58848.0,11.973
2026-08-05,11.99,79886.0,11.9779
2026-08-06,12.081,58080.0,12.0658
2026-08-07,12.239,64642.0,12.1825
2026-08-10,12.182,,
2026-08-11,12.244,,
2026-08-12,12.299,,
2026-08-13,12.451,,
2026-08-14,12.535,,
2026-08-17,12.6145,,
2026-08-18,12.5925,,
2026-08-19,12.43,,
2026-08-20,12.3245,,
2026-08-21,12.3365,,
2026-08-24,12.4925,,
2026-08-25,12.49,,
2026-08-26,12.5965,,
2026-08-27,12.8135,,
2026-08-28,12.9,,
2026-08-31,12.76,,
2026-09-01,12.9295,,
