date,beta_const,beta_oil,beta_ofz,fair_expanding,deviation_pct
2014-03-17,,,,,
2014-03-18,,,,,
2014-03-19,,,,,
2014-03-20,,,,,
2014-03-21,,,,,
2014-03-24,,,,,
2014-03-25,,,,,
2014-03-26,,,,,
2014-03-27,,,,,
2014-03-28,,,,,
2014-03-31,,,,,
2014-04-01,,,,,
2014-04-02,,,,,
2014-04-03,,,,,
2014-04-04,,,,,
2014-04-07,,,,,
2014-04-08,,,,,
2014-04-09,,,,,
2014-04-10,,,,,
2014-04-11,,,,,
2014-04-14,,,,,
2014-04-15,,,,,
2014-04-16,,,,,
2014-04-17,,,,,
2014-04-18,,,,,
2014-04-21,,,,,
2014-04-22,,,,,
2014-04-23,,,,,
2014-04-24,,,,,
2014-04-25,,,,,
2014-04-28,,,,,
2014-04-29,,,,,
2014-04-30,,,,,
2014-05-02,,,,,
2014-05-05,,,,,
2014-05-06,,,,,
2014-05-07,,,,,
2014-05-08,,,,,
2014-05-12,,,,,
2014-05-13,,,,,
2014-05-14,,,,,
2014-05-15,,,,,
2014-05-16,,,,,
2014-05-19,,,,,
2014-05-20,,,,,
2014-05-21,,,,,
2014-05-22,,,,,
2014-05-23,,,,,
2014-05-26,,,,,
2014-05-27,,,,,
2014-05-28,,,,,
2014-05-29,,,,,
2014-05-30,,,,,
2014-06-02,,,,,
2014-06-03,,,,,
2014-06-04,,,,,
2014-06-05,,,,,
2014-06-06,,,,,
2014-06-09,,,,,
2014-06-10,,,,,
2014-06-11,,,,,
2014-06-16,,,,,
2014-06-17,,,,,
2014-06-18,,,,,
2014-06-19,,,,,
2014-06-20,,,,,
2014-06-23,,,,,
2014-06-24,,,,,
2014-06-25,,,,,
2014-06-26,,,,,
2014-06-27,,,,,
2014-06-30,,,,,
2014-07-01,,,,,
2014-07-02,,,,,
2014-07-03,,,,,
2014-07-04,,,,,
2014-07-07,,,,,
2014-07-08,,,,,
2014-07-09,,,,,
2014-07-10,,,,,
2014-07-11,,,,,
2014-07-14,,,,,
2014-07-15,,,,,
2014-07-16,,,,,
2014-07-17,,,,,
2014-07-18,,,,,
2014-07-21,,,,,
2014-07-22,,,,,
2014-07-23,,,,,
2014-07-24,,,,,
2014-07-25,,,,,
2014-07-28,,,,,
2014-07-29,,,,,
2014-07-30,,,,,
2014-07-31,,,,,
2014-08-01,,,,,
2014-08-04,,,,,
2014-08-05,,,,,
2014-08-06,,,,,
2014-08-07,,,,,
2014-08-08,,,,,
2014-08-11,,,,,
2014-08-12,,,,,
2014-08-13,,,,,
2014-08-14,,,,,
2014-08-15,,,,,
2014-08-18,,,,,
2014-08-19,,,,,
2014-08-20,,,,,
2014-08-21,,,,,
2014-08-22,,,,,
2014-08-25,,,,,
2014-08-26,,,,,
2014-08-27,,,,,
2014-08-28,,,,,
2014-08-29,,,,,
2014-09-01,,,,,
2014-09-02,,,,,
2014-09-03,,,,,
2014-09-04,,,,,
2014-09-05,,,,,
2014-09-08,,,,,
2014-09-09,,,,,
2014-09-10,,,,,
2014-09-11,,,,,
2014-09-12,,,,,
2014-09-15,,,,,
2014-09-16,,,,,
2014-09-17,,,,,
2014-09-18,,,,,
2014-09-19,,,,,
2014-09-22,,,,,
2014-09-23,,,,,
2014-09-24,,,,,
2014-09-25,,,,,
2014-09-26,,,,,
2014-09-29,,,,,
2014-09-30,,,,,
2014-10-01,,,,,
2014-10-02,,,,,
2014-10-03,,,,,
2014-10-06,,,,,
2014-10-07,,,,,
2014-10-08,,,,,
2014-10-09,,,,,
2014-10-10,,,,,
2014-10-13,,,,,
2014-10-14,,,,,
2014-10-15,,,,,
2014-10-16,,,,,
2014-10-17,,,,,
2014-10-20,,,,,
2014-10-21,,,,,
2014-10-22,,,,,
2014-10-23,,,,,
2014-10-24,,,,,
2014-10-27,,,,,
2014-10-28,,,,,
2014-10-29,,,,,
2014-10-30,,,,,
2014-10-31,,,,,
2014-11-03,,,,,
2014-11-05,,,,,
2014-11-06,,,,,
2014-11-07,,,,,
2014-11-10,,,,,
2014-11-11,,,,,
2014-11-12,,,,,
2014-11-13,,,,,
2014-11-14,,,,,
2014-11-17,,,,,
2014-11-18,,,,,
2014-11-19,,,,,
2014-11-20,,,,,
2014-11-21,,,,,
2014-11-24,,,,,
2014-11-25,,,,,
2014-11-26,,,,,
2014-11-27,,,,,
2014-11-28,,,,,
2014-12-01,,,,,
2014-12-02,,,,,
2014-12-03,,,,,
2014-12-04,,,,,
2014-12-05,,,,,
2014-12-08,,,,,
2014-12-09,,,,,
2014-12-10,,,,,
2014-12-11,,,,,
2014-12-12,,,,,
2014-12-15,,,,,
2014-12-16,,,,,
2014-12-17,,,,,
2014-12-18,,,,,
2014-12-19,,,,,
2014-12-22,,,,,
2014-12-23,,,,,
2014-12-24,,,,,
2014-12-25,,,,,
2014-12-26,,,,,
2014-12-29,,,,,
2014-12-30,,,,,
2015-01-05,,,,,
2015-01-06,,,,,
2015-01-08,,,,,
2015-01-09,,,,,
2015-01-12,,,,,
2015-01-13,,,,,
2015-01-14,,,,,
2015-01-15,,,,,
2015-01-16,,,,,
2015-01-19,,,,,
2015-01-20,,,,,
2015-01-21,,,,,
2015-01-22,,,,,
2015-01-23,,,,,
2015-01-26,,,,,
2015-01-27,,,,,
2015-01-28,,,,,
2015-01-29,,,,,
2015-01-30,,,,,
2015-02-02,,,,,
2015-02-03,,,,,
2015-02-04,,,,,
2015-02-05,,,,,
2015-02-06,,,,,
2015-02-09,,,,,
2015-02-10,,,,,
2015-02-11,,,,,
2015-02-12,,,,,
2015-02-13,,,,,
2015-02-16,,,,,
2015-02-17,,,,,
2015-02-18,,,,,
2015-02-19,,,,,
2015-02-20,,,,,
2015-02-24,,,,,
2015-02-25,,,,,
2015-02-26,,,,,
2015-02-27,,,,,
2015-03-02,,,,,
2015-03-03,,,,,
2015-03-04,,,,,
2015-03-05,,,,,
2015-03-06,,,,,
2015-03-10,,,,,
2015-03-11,,,,,
2015-03-12,,,,,
2015-03-13,,,,,
2015-03-16,,,,,
2015-03-17,,,,,
2015-03-18,,,,,
2015-03-19,,,,,
2015-03-20,,,,,
2015-03-23,,,,,
2015-03-24,,,,,
2015-03-25,,,,,
2015-03-26,,,,,
2015-03-27,,,,,
2015-03-30,,,,,
2015-03-31,,,,,
2015-04-01,,,,,
2015-04-02,,,,,
2015-04-03,,,,,
2015-04-06,,,,,
2015-04-07,,,,,
2015-04-08,,,,,
2015-04-09,,,,,
2015-04-10,,,,,
2015-04-13,,,,,
2015-04-14,,,,,
2015-04-15,,,,,
2015-04-16,,,,,
2015-04-17,,,,,
2015-04-20,,,,,
2015-04-21,,,,,
2015-04-22,,,,,
2015-04-23,,,,,
2015-04-24,,,,,
2015-04-27,,,,,
2015-04-28,,,,,
2015-04-29,,,,,
2015-04-30,,,,,
2015-05-05,,,,,
2015-05-06,,,,,
2015-05-07,,,,,
2015-05-08,,,,,
2015-05-12,,,,,
2015-05-13,,,,,
2015-05-14,,,,,
2015-05-15,,,,,
2015-05-18,,,,,
2015-05-19,,,,,
2015-05-20,,,,,
2015-05-21,,,,,
2015-05-22,,,,,
2015-05-25,,,,,
2015-05-26,,,,,
2015-05-27,,,,,
2015-05-28,,,,,
2015-05-29,,,,,
2015-06-01,,,,,
2015-06-02,,,,,
2015-06-03,,,,,
2015-06-04,,,,,
2015-06-05,,,,,
2015-06-08,,,,,
2015-06-09,,,,,
2015-06-10,,,,,
2015-06-11,,,,,
2015-06-15,,,,,
2015-06-16,,,,,
2015-06-17,,,,,
2015-06-18,,,,,
2015-06-19,,,,,
2015-06-22,,,,,
2015-06-23,,,,,
2015-06-24,,,,,
2015-06-25,,,,,
2015-06-26,,,,,
2015-06-29,,,,,
2015-06-30,,,,,
2015-07-01,,,,,
2015-07-02,,,,,
2015-07-03,,,,,
2015-07-06,,,,,
2015-07-07,,,,,
2015-07-08,,,,,
2015-07-09,,,,,
2015-07-10,,,,,
2015-07-13,,,,,
2015-07-14,,,,,
2015-07-15,,,,,
2015-07-16,,,,,
2015-07-17,,,,,
2015-07-20,,,,,
2015-07-21,,,,,
2015-07-22,,,,,
2015-07-23,,,,,
2015-07-24,,,,,
2015-07-27,,,,,
2015-07-28,,,,,
2015-07-29,,,,,
2015-07-30,,,,,
2015-07-31,,,,,
2015-08-03,,,,,
2015-08-04,,,,,
2015-08-05,,,,,
2015-08-06,,,,,
2015-08-07,,,,,
2015-08-10,,,,,
2015-08-11,,,,,
2015-08-12,,,,,
2015-08-13,,,,,
2015-08-14,,,,,
2015-08-17,,,,,
2015-08-18,,,,,
2015-08-19,,,,,
2015-08-20,,,,,
2015-08-21,,,,,
2015-08-24,,,,,
2015-08-25,,,,,
2015-08-26,,,,,
2015-08-27,,,,,
2015-08-28,,,,,
2015-08-31,,,,,
2015-09-01,,,,,
2015-09-02,,,,,
2015-09-03,,,,,
2015-09-04,,,,,
2015-09-07,,,,,
2015-09-08,,,,,
2015-09-09,,,,,
2015-09-10,,,,,
2015-09-11,,,,,
2015-09-14,,,,,
2015-09-15,,,,,
2015-09-16,,,,,
2015-09-17,,,,,
2015-09-18,,,,,
2015-09-21,,,,,
2015-09-22,,,,,
2015-09-23,,,,,
2015-09-24,,,,,
2015-09-25,,,,,
2015-09-28,,,,,
2015-09-29,,,,,
2015-09-30,,,,,
2015-10-01,,,,,
2015-10-02,,,,,
2015-10-05,,,,,
2015-10-06,,,,,
2015-10-07,,,,,
2015-10-08,,,,,
2015-10-09,,,,,
2015-10-12,,,,,
2015-10-13,,,,,
2015-10-14,,,,,
2015-10-15,,,,,
2015-10-16,,,,,
2015-10-19,,,,,
2015-10-20,,,,,
2015-10-21,,,,,
2015-10-22,,,,,
2015-10-23,,,,,
2015-10-26,,,,,
2015-10-27,,,,,
2015-10-28,,,,,
2015-10-29,,,,,
2015-10-30,,,,,
2015-11-02,,,,,
2015-11-03,,,,,
2015-11-05,,,,,
2015-11-06,,,,,
2015-11-09,,,,,
2015-11-10,,,,,
2015-11-11,,,,,
2015-11-12,,,,,
2015-11-13,,,,,
2015-11-16,,,,,
2015-11-17,,,,,
2015-11-18,,,,,
2015-11-19,,,,,
2015-11-20,,,,,
2015-11-23,,,,,
2015-11-24,,,,,
2015-11-25,,,,,
2015-11-26,,,,,
2015-11-27,,,,,
2015-11-30,,,,,
2015-12-01,,,,,
2015-12-02,,,,,
2015-12-03,,,,,
2015-12-04,,,,,
2015-12-07,,,,,
2015-12-08,,,,,
2015-12-09,,,,,
2015-12-10,,,,,
2015-12-11,,,,,
2015-12-14,,,,,
2015-12-15,,,,,
2015-12-16,,,,,
2015-12-17,,,,,
2015-12-18,,,,,
2015-12-21,,,,,
2015-12-22,,,,,
2015-12-23,,,,,
2015-12-24,,,,,
2015-12-25,,,,,
2015-12-28,,,,,
2015-12-29,,,,,
2015-12-30,,,,,
2016-01-04,,,,,
2016-01-05,,,,,
2016-01-06,,,,,
2016-01-11,,,,,
2016-01-12,,,,,
2016-01-13,,,,,
2016-01-14,,,,,
2016-01-15,,,,,
2016-01-18,,,,,
2016-01-19,,,,,
2016-01-20,,,,,
2016-01-21,,,,,
2016-01-22,,,,,
2016-01-25,,,,,
2016-01-26,,,,,
2016-01-27,,,,,
2016-01-28,,,,,
2016-01-29,,,,,
2016-02-01,,,,,
2016-02-02,,,,,
2016-02-03,,,,,
2016-02-04,,,,,
2016-02-05,,,,,
2016-02-08,,,,,
2016-02-09,,,,,
2016-02-10,,,,,
2016-02-11,,,,,
2016-02-12,,,,,
2016-02-15,,,,,
2016-02-16,,,,,
2016-02-17,,,,,
2016-02-18,,,,,
2016-02-19,,,,,
2016-02-20,,,,,
2016-02-22,,,,,
2016-02-24,,,,,
2016-02-25,,,,,
2016-02-26,,,,,
2016-02-29,,,,,
2016-03-01,,,,,
2016-03-02,,,,,
2016-03-03,,,,,
2016-03-04,,,,,
2016-03-07,,,,,
2016-03-09,,,,,
2016-03-10,,,,,
2016-03-11,,,,,
2016-03-14,,,,,
2016-03-15,,,,,
2016-03-16,,,,,
2016-03-17,,,,,
2016-03-18,,,,,
2016-03-21,,,,,
2016-03-22,,,,,
2016-03-23,,,,,
2016-03-24,,,,,
2016-03-25,,,,,
2016-03-28,,,,,
2016-03-29,,,,,
2016-03-30,,,,,
2016-03-31,,,,,
2016-04-01,,,,,
2016-04-04,,,,,
2016-04-05,,,,,
2016-04-06,,,,,
2016-04-07,,,,,
2016-04-08,,,,,
2016-04-11,,,,,
2016-04-12,,,,,
2016-04-13,,,,,
2016-04-14,,,,,
2016-04-15,,,,,
2016-04-18,,,,,
2016-04-19,,,,,
2016-04-20,,,,,
2016-04-21,,,,,
2016-04-22,,,,,
2016-04-25,,,,,
2016-04-26,,,,,
2016-04-27,,,,,
2016-04-28,,,,,
2016-04-29,,,,,
2016-05-04,,,,,
2016-05-05,,,,,
2016-05-06,,,,,
2016-05-10,,,,,
2016-05-11,,,,,
2016-05-12,,,,,
2016-05-13,,,,,
2016-05-16,,,,,
2016-05-17,,,,,
2016-05-18,,,,,
2016-05-19,,,,,
2016-05-20,,,,,
2016-05-23,,,,,
2016-05-24,,,,,
2016-05-25,,,,,
2016-05-26,,,,,
2016-05-27,,,,,
2016-05-30,,,,,
2016-05-31,,,,,
2016-06-01,,,,,
2016-06-02,,,,,
2016-06-03,,,,,
2016-06-06,,,,,
2016-06-07,,,,,
2016-06-08,,,,,
2016-06-09,,,,,
2016-06-10,,,,,
2016-06-14,,,,,
2016-06-15,,,,,
2016-06-16,,,,,
2016-06-17,,,,,
2016-06-20,,,,,
2016-06-21,,,,,
2016-06-22,,,,,
2016-06-23,,,,,
2016-06-24,,,,,
2016-06-27,,,,,
2016-06-28,,,,,
2016-06-29,,,,,
2016-06-30,,,,,
2016-07-01,,,,,
2016-07-04,,,,,
2016-07-05,,,,,
2016-07-06,,,,,
2016-07-07,,,,,
2016-07-08,,,,,
2016-07-11,,,,,
2016-07-12,,,,,
2016-07-13,,,,,
2016-07-14,,,,,
2016-07-15,,,,,
2016-07-18,,,,,
2016-07-19,,,,,
2016-07-20,,,,,
2016-07-21,,,,,
2016-07-22,,,,,
2016-07-25,,,,,
2016-07-26,,,,,
2016-07-27,,,,,
2016-07-28,,,,,
2016-07-29,,,,,
2016-08-01,,,,,
2016-08-02,,,,,
2016-08-03,,,,,
2016-08-04,,,,,
2016-08-05,,,,,
2016-08-08,,,,,
2016-08-09,,,,,
2016-08-10,,,,,
2016-08-11,,,,,
2016-08-12,,,,,
2016-08-15,,,,,
2016-08-16,,,,,
2016-08-17,,,,,
2016-08-18,,,,,
2016-08-19,,,,,
2016-08-22,,,,,
2016-08-23,,,,,
2016-08-24,,,,,
2016-08-25,,,,,
2016-08-26,,,,,
2016-08-29,,,,,
2016-08-30,,,,,
2016-08-31,,,,,
2016-09-01,,,,,
2016-09-02,,,,,
2016-09-05,,,,,
2016-09-06,,,,,
2016-09-07,,,,,
2016-09-08,,,,,
2016-09-09,,,,,
2016-09-12,,,,,
2016-09-13,,,,,
2016-09-14,,,,,
2016-09-15,,,,,
2016-09-16,,,,,
2016-09-19,,,,,
2016-09-20,,,,,
2016-09-21,,,,,
2016-09-22,,,,,
2016-09-23,,,,,
2016-09-26,,,,,
2016-09-27,,,,,
2016-09-28,,,,,
2016-09-29,,,,,
2016-09-30,,,,,
2016-10-03,,,,,
2016-10-04,,,,,
2016-10-05,,,,,
2016-10-06,,,,,
2016-10-07,,,,,
2016-10-10,,,,,
2016-10-11,,,,,
2016-10-12,,,,,
2016-10-13,,,,,
2016-10-14,,,,,
2016-10-17,,,,,
2016-10-18,,,,,
2016-10-19,,,,,
2016-10-20,,,,,
2016-10-21,,,,,
2016-10-24,,,,,
2016-10-25,,,,,
2016-10-26,,,,,
2016-10-27,,,,,
2016-10-28,,,,,
2016-10-31,,,,,
2016-11-01,,,,,
2016-11-02,,,,,
2016-11-03,,,,,
2016-11-07,,,,,
2016-11-08,,,,,
2016-11-09,,,,,
2016-11-10,,,,,
2016-11-11,,,,,
2016-11-14,,,,,
2016-11-15,,,,,
2016-11-16,,,,,
2016-11-17,,,,,
2016-11-18,,,,,
2016-11-21,,,,,
2016-11-22,,,,,
2016-11-23,,,,,
2016-11-24,,,,,
2016-11-25,,,,,
2016-11-28,,,,,
2016-11-29,,,,,
2016-11-30,,,,,
2016-12-01,,,,,
2016-12-02,,,,,
2016-12-05,,,,,
2016-12-06,,,,,
2016-12-07,,,,,
2016-12-08,,,,,
2016-12-09,,,,,
2016-12-12,,,,,
2016-12-13,,,,,
2016-12-14,,,,,
2016-12-15,,,,,
2016-12-16,,,,,
2016-12-19,,,,,
2016-12-20,,,,,
2016-12-21,,,,,
2016-12-22,,,,,
2016-12-23,,,,,
2016-12-26,,,,,
2016-12-27,,,,,
2016-12-28,,,,,
2016-12-29,,,,,
2016-12-30,,,,,
2017-01-03,,,,,
2017-01-04,,,,,
2017-01-05,,,,,
2017-01-06,,,,,
2017-01-09,,,,,
2017-01-10,,,,,
2017-01-11,,,,,
2017-01-12,,,,,
2017-01-13,,,,,
2017-01-16,,,,,
2017-01-17,,,,,
2017-01-18,,,,,
2017-01-19,,,,,
2017-01-20,,,,,
2017-01-23,,,,,
2017-01-24,,,,,
2017-01-25,,,,,
2017-01-26,,,,,
2017-01-27,,,,,
2017-01-30,,,,,
2017-01-31,,,,,
2017-02-01,,,,,
2017-02-02,,,,,
2017-02-03,,,,,
2017-02-06,,,,,
2017-02-07,,,,,
2017-02-08,,,,,
2017-02-09,,,,,
2017-02-10,,,,,
2017-02-13,,,,,
2017-02-14,,,,,
2017-02-15,,,,,
2017-02-16,,,,,
2017-02-17,,,,,
2017-02-20,,,,,
2017-02-21,,,,,
2017-02-22,,,,,
2017-02-24,,,,,
2017-02-27,,,,,
2017-02-28,,,,,
2017-03-01,,,,,
2017-03-02,,,,,
2017-03-03,,,,,
2017-03-06,,,,,
2017-03-07,,,,,
2017-03-09,,,,,
2017-03-10,,,,,
2017-03-13,,,,,
2017-03-14,,,,,
2017-03-15,,,,,
2017-03-16,,,,,
2017-03-17,,,,,
2017-03-20,,,,,
2017-03-21,,,,,
2017-03-22,,,,,
2017-03-23,,,,,
2017-03-24,,,,,
2017-03-27,,,,,
2017-03-28,,,,,
2017-03-29,,,,,
2017-03-30,,,,,
2017-03-31,,,,,
2017-04-03,,,,,
2017-04-04,,,,,
2017-04-05,,,,,
2017-04-06,,,,,
2017-04-07,,,,,
2017-04-10,,,,,
2017-04-11,,,,,
2017-04-12,,,,,
2017-04-13,,,,,
2017-04-14,,,,,
2017-04-17,,,,,
2017-04-18,,,,,
2017-04-19,,,,,
2017-04-20,,,,,
2017-04-21,,,,,
2017-04-24,,,,,
2017-04-25,,,,,
2017-04-26,,,,,
2017-04-27,,,,,
2017-04-28,,,,,
2017-05-02,,,,,
2017-05-03,,,,,
2017-05-04,,,,,
2017-05-05,,,,,
2017-05-10,,,,,
2017-05-11,,,,,
2017-05-12,,,,,
2017-05-15,,,,,
2017-05-16,,,,,
2017-05-17,,,,,
2017-05-18,,,,,
2017-05-19,,,,,
2017-05-22,,,,,
2017-05-23,,,,,
2017-05-24,,,,,
2017-05-25,,,,,
2017-05-26,,,,,
2017-05-29,,,,,
2017-05-30,,,,,
2017-05-31,,,,,
2017-06-01,,,,,
2017-06-02,,,,,
2017-06-05,,,,,
2017-06-06,,,,,
2017-06-07,,,,,
2017-06-08,,,,,
2017-06-09,,,,,
2017-06-13,,,,,
2017-06-14,,,,,
2017-06-15,,,,,
2017-06-16,,,,,
2017-06-19,,,,,
2017-06-20,,,,,
2017-06-21,,,,,
2017-06-22,,,,,
2017-06-23,,,,,
2017-06-26,,,,,
2017-06-27,,,,,
2017-06-28,,,,,
2017-06-29,,,,,
2017-06-30,,,,,
2017-07-03,,,,,
2017-07-04,,,,,
2017-07-05,,,,,
2017-07-06,,,,,
2017-07-07,,,,,
2017-07-10,,,,,
2017-07-11,,,,,
2017-07-12,,,,,
2017-07-13,,,,,
2017-07-14,,,,,
2017-07-17,,,,,
2017-07-18,,,,,
2017-07-19,,,,,
2017-07-20,,,,,
2017-07-21,,,,,
2017-07-24,,,,,
2017-07-25,,,,,
2017-07-26,,,,,
2017-07-27,,,,,
2017-07-28,,,,,
2017-07-31,,,,,
2017-08-01,,,,,
2017-08-02,,,,,
2017-08-03,,,,,
2017-08-04,,,,,
2017-08-07,,,,,
2017-08-08,,,,,
2017-08-09,,,,,
2017-08-10,,,,,
2017-08-11,,,,,
2017-08-14,,,,,
2017-08-15,,,,,
2017-08-16,,,,,
2017-08-17,,,,,
2017-08-18,,,,,
2017-08-21,,,,,
2017-08-22,,,,,
2017-08-23,,,,,
2017-08-24,,,,,
2017-08-25,,,,,
2017-08-28,,,,,
2017-08-29,,,,,
2017-08-30,,,,,
2017-08-31,,,,,
2017-09-01,,,,,
2017-09-04,,,,,
2017-09-05,,,,,
2017-09-06,,,,,
2017-09-07,,,,,
2017-09-08,,,,,
2017-09-11,,,,,
2017-09-12,,,,,
2017-09-13,,,,,
2017-09-14,,,,,
2017-09-15,,,,,
2017-09-18,,,,,
2017-09-19,,,,,
2017-09-20,,,,,
2017-09-21,,,,,
2017-09-22,,,,,
2017-09-25,,,,,
2017-09-26,,,,,
2017-09-27,,,,,
2017-09-28,,,,,
2017-09-29,,,,,
2017-10-02,,,,,
2017-10-03,,,,,
2017-10-04,,,,,
2017-10-05,,,,,
2017-10-06,,,,,
2017-10-09,,,,,
2017-10-10,,,,,
2017-10-11,,,,,
2017-10-12,,,,,
2017-10-13,,,,,
2017-10-16,,,,,
2017-10-17,,,,,
2017-10-18,,,,,
2017-10-19,,,,,
2017-10-20,,,,,
2017-10-23,,,,,
2017-10-24,,,,,
2017-10-25,,,,,
2017-10-26,,,,,
2017-10-27,,,,,
2017-10-30,,,,,
2017-10-31,,,,,
2017-11-01,,,,,
2017-11-02,,,,,
2017-11-03,,,,,
2017-11-07,,,,,
2017-11-08,,,,,
2017-11-09,,,,,
2017-11-10,,,,,
2017-11-13,,,,,
2017-11-14,,,,,
2017-11-15,,,,,
2017-11-16,,,,,
2017-11-17,,,,,
2017-11-20,,,,,
2017-11-21,,,,,
2017-11-22,,,,,
2017-11-23,,,,,
2017-11-24,,,,,
2017-11-27,,,,,
2017-11-28,,,,,
2017-11-29,,,,,
2017-11-30,,,,,
2017-12-01,,,,,
2017-12-04,,,,,
2017-12-05,,,,,
2017-12-06,,,,,
2017-12-07,,,,,
2017-12-08,,,,,
2017-12-11,,,,,
2017-12-12,,,,,
2017-12-13,,,,,
2017-12-14,,,,,
2017-12-15,,,,,
2017-12-18,,,,,
2017-12-19,,,,,
2017-12-20,,,,,
2017-12-21,,,,,
2017-12-22,,,,,
2017-12-25,,,,,
2017-12-26,,,,,
2017-12-27,,,,,
2017-12-28,,,,,
2017-12-29,,,,,
2018-01-03,,,,,
2018-01-04,,,,,
2018-01-05,,,,,
2018-01-09,,,,,
2018-01-10,,,,,
2018-01-11,,,,,
2018-01-12,,,,,
2018-01-15,,,,,
2018-01-16,,,,,
2018-01-17,,,,,
2018-01-18,,,,,
2018-01-19,,,,,
2018-01-22,,,,,
2018-01-23,,,,,
2018-01-24,,,,,
2018-01-25,,,,,
2018-01-26,,,,,
2018-01-29,,,,,
2018-01-30,,,,,
2018-01-31,,,,,
2018-02-01,,,,,
2018-02-02,,,,,
2018-02-05,,,,,
2018-02-06,,,,,
2018-02-07,,,,,
2018-02-08,,,,,
2018-02-09,,,,,
2018-02-12,,,,,
2018-02-13,,,,,
2018-02-14,,,,,
2018-02-15,,,,,
2018-02-16,,,,,
2018-02-19,,,,,
2018-02-20,,,,,
2018-02-21,,,,,
2018-02-22,,,,,
2018-02-26,,,,,
2018-02-27,,,,,
2018-02-28,,,,,
2018-03-01,,,,,
2018-03-02,,,,,
2018-03-05,,,,,
2018-03-06,,,,,
2018-03-07,,,,,
2018-03-09,13.353545866845552,-0.680739627683957,-0.03726121927707144,1847.1741409692013,25.14737775546545
2018-03-12,13.331960625121681,-0.6778129886189133,-0.03746266437155076,1848.7254771678824,25.384218945856073
2018-03-13,13.31034437725855,-0.6748823910526734,-0.03766413466374432,1851.0190443737686,25.302870710586678
2018-03-14,13.288937023838022,-0.6719796241764572,-0.03786403042475139,1851.6252440097771,22.877996363500962
2018-03-15,13.269600279606218,-0.6693583277391782,-0.03804384488699684,1853.117108485603,22.63067399216421
2018-03-16,13.250606243700975,-0.666783454313742,-0.03822042797114868,1855.178337852102,23.686222137363554
2018-03-19,13.23095016575656,-0.6641183345402097,-0.038403544151729765,1856.360924566049,22.913597771046845
2018-03-20,13.21187652844779,-0.6615331032985803,-0.03858053860721554,1862.039742804119,23.04678290859794
2018-03-21,13.192693221864422,-0.658929955174578,-0.03876130024358099,1864.9799598542313,23.82760403390618
2018-03-22,13.172958834625371,-0.6562512559726459,-0.03894798659410082,1868.9155853868376,22.304079321318415
2018-03-23,13.154315099211324,-0.6537195050564284,-0.03912546190296367,1870.2492614856951,22.20456636803658
2018-03-26,13.135775263040603,-0.6512025245359827,-0.03930144373357411,1869.069200160548,19.891227130997446
2018-03-27,13.119010386818951,-0.6489290848417512,-0.03945843389486947,1870.4547373908915,20.959890382377
2018-03-28,13.101383391237583,-0.646539485028458,-0.039622990433394276,1869.6674755321048,20.301071149556815
2018-03-29,13.08423518709019,-0.6442171740052588,-0.03978113746211609,1870.5658353359856,21.600638535742277
2018-03-30,13.066185258629353,-0.6417732542215719,-0.03994714727015843,1874.6390225901685,21.142255796116505
2018-04-02,13.048464727732835,-0.6393725466604235,-0.04011144474403689,1874.2683180036927,20.401117509342328
2018-04-03,13.03133489969428,-0.6370536770548879,-0.040268759121273645,1872.8651606884096,20.8762941144079
2018-04-04,13.013844254844319,-0.6346886428321492,-0.040427153566609586,1876.455135429238,20.738298359675156
2018-04-05,12.996584756321631,-0.6323531458969238,-0.04058489030696039,1879.2431435246226,22.19014915192179
2018-04-06,12.978363879764526,-0.62988636982237,-0.04075238642112309,1879.9176378013992,21.347337464631888
2018-04-09,12.96082188877996,-0.6275124497885465,-0.04091285474868889,1861.9545829500526,12.294898014496237
2018-04-10,12.950332344687968,-0.6261020580452974,-0.041000908006521244,1831.764802814086,18.670257047221206
2018-04-11,12.934806947170944,-0.6240363479718695,-0.04111244245624268,1834.6184343567288,19.488061329146756
2018-04-12,12.9184416177506,-0.6218584429765954,-0.041230712105962554,1842.1546250560928,19.970928061085267
2018-04-13,12.901364621980496,-0.6195824067209732,-0.04135755900658979,1835.8458288453637,18.48271602240392
2018-04-16,12.885371483659407,-0.6174564685137156,-0.04147162243650274,1834.8025511551332,16.83382490668621
2018-04-17,12.870599617896108,-0.615494712695382,-0.04157555067703272,1839.0689121988805,19.14670437118675
2018-04-18,12.853834142016174,-0.613266541916653,-0.04169516194143191,1843.6754642402304,21.577253886366975
2018-04-19,12.835011060659241,-0.6107629200087514,-0.041831401304969866,1846.7863969741593,20.780075251507846
2018-04-20,12.816585380537154,-0.608311885918741,-0.04196533625928489,1844.810913903517,21.023785319863265
2018-04-23,12.797691690676574,-0.6058022470734596,-0.042099871644421395,1843.7242466793725,22.089298551783475
2018-04-24,12.777655365208712,-0.6031438963117493,-0.04224025570654103,1846.4781693239354,22.057765829161657
2018-04-25,12.757333577691501,-0.6004478897358929,-0.04238286262662066,1843.1917874155135,22.26074439924737
2018-04-26,12.736583572007131,-0.5976998934095732,-0.04252463545286231,1840.1947838977694,24.22706661291123
2018-04-27,12.713701981243085,-0.5946750652079598,-0.042676805940520084,1844.4193545108353,24.78127570995836
2018-04-28,12.690078479669475,-0.591551024378721,-0.04283527119901526,1845.5694272903124,24.47648763736425
2018-04-30,12.666460651232638,-0.588429283520912,-0.04299270150090453,1844.2959838760287,25.089466125252645
2018-05-02,12.64192536464701,-0.5851902713937661,-0.04315324762465145,1842.2681162282381,25.19458919595492
2018-05-03,12.616909462403141,-0.5818924665631803,-0.04331335963233965,1837.121392745127,23.784416695619704
2018-05-04,12.59292915606298,-0.5787377349265923,-0.04346144643989877,1836.6996761667367,24.651298723927063
2018-05-07,12.567792503659174,-0.5754338279955695,-0.04361455498573987,1836.8025956816227,25.060798879563695
2018-05-08,12.541843904362546,-0.5720259254386149,-0.043770741996154654,1832.088205957014,25.64842634296238
2018-05-10,12.514909959566003,-0.5684955542854976,-0.04392731576475378,1832.5236672838548,26.21501382452447
2018-05-11,12.487027844960476,-0.5648433372383019,-0.04408776135163757,1834.3180667028591,27.854598532933082
2018-05-14,12.457095923234474,-0.5609241255276073,-0.044259252562605454,1825.860823211023,29.12375193273529
2018-05-15,12.425331152651287,-0.5567766255243229,-0.04443170067295315,1822.9144196653435,28.20294659960174
2018-05-16,12.393781465234703,-0.5526634253691423,-0.044598246295685394,1818.2977705871676,28.60324847920168
2018-05-17,12.361153605955797,-0.5484173770984146,-0.04476443634219774,1818.2034120394192,27.791532268317276
2018-05-18,12.328596723095645,-0.5441839916794429,-0.04492800512065917,1811.5909748966226,28.447316874758965
2018-05-21,12.294606190450613,-0.539773676626181,-0.04509121397555465,1811.2828463760445,28.78330983297557
2018-05-22,12.259590195049936,-0.5352337848956397,-0.045256962592682415,1810.8188082852273,28.498223530351563
2018-05-23,12.224171758444955,-0.5306454055572258,-0.045422068029513485,1810.2628564973006,26.808656088858072
2018-05-24,12.190079900212526,-0.5262323481761578,-0.04557849913794649,1810.7713857150163,26.686892563975896
2018-05-25,12.155497017328717,-0.5217582331326522,-0.04573559284726689,1807.7527735276747,27.593221472365737
2018-05-28,12.119332458928785,-0.5170851510624903,-0.04589545498294901,1807.2069176078232,27.892383405626408
2018-05-29,12.08241217081438,-0.5123178472272245,-0.04605609737174425,1804.9638430394452,27.315569719685517
2018-05-30,12.04575185439153,-0.5075890090091115,-0.04621176747681942,1804.3048509959021,27.33990039054759
2018-05-31,12.008635302002535,-0.502804772793781,-0.04636680249965916,1801.5070367699832,27.830752419871473
2018-06-01,11.9703946821543,-0.49788111698989307,-0.04652226486313868,1803.0400908952552,27.303880351340702
2018-06-04,11.932291788796425,-0.49297682202708276,-0.04667624100486155,1802.5879976570013,28.90577342244931
2018-06-05,11.89178910882408,-0.48776713573856456,-0.04683731271260023,1802.5897227733542,28.60552629986779
2018-06-06,11.851290160141927,-0.482561112542741,-0.04699599605220899,1799.3219949809863,28.684582662730552
2018-06-07,11.810338349396973,-0.4773029781936836,-0.04715151068315743,1796.3960060818972,28.928699026199634
2018-06-08,11.768613964851092,-0.47195149266616365,-0.047305311022047665,1789.4467487328018,26.738613574616267
2018-06-09,11.72928925565302,-0.46691658953633297,-0.04744297468285123,1789.4793771351756,27.49574145149016
2018-06-11,11.688484672575285,-0.4616949512481985,-0.04758389875401438,1792.7342296962672,26.719285121525658
2018-06-13,11.6483436986998,-0.4565583087986867,-0.04772286432240922,1785.3232946157827,27.18872861000119
2018-06-14,11.607262496804056,-0.45131044115596963,-0.04785747830912011,1786.5737288537905,26.13417311614461
2018-06-15,11.567344572068635,-0.4462128292260502,-0.04798716152934211,1771.9894431182752,26.272196975535334
2018-06-18,11.527007965436022,-0.4410763070685754,-0.04810573890586639,1757.3938440069464,26.469089873016237
2018-06-19,11.486148790533514,-0.4358877700164385,-0.048213418275299916,1752.081661882824,26.78746934733711
2018-06-20,11.44461936469413,-0.4306208711092177,-0.04831724897089285,1762.2447338429315,28.033862531666998
2018-06-21,11.4012462647995,-0.4251137159460943,-0.04843160856663292,1764.2423562270747,27.303371448527123
2018-06-22,11.358736956486593,-0.41971716131081765,-0.048543147542323604,1766.4073079195934,27.359074541510275
2018-06-25,11.316055764377401,-0.4142995650487062,-0.04865469659397446,1767.747439683259,26.525427206997286
2018-06-26,11.274436700004193,-0.4090182608370008,-0.04876241460304618,1763.7949620613715,26.490326142703392
2018-06-27,11.23290715040209,-0.4037541007418125,-0.048864975897148014,1764.96397619017,27.685325615800615
2018-06-28,11.189405950304652,-0.398241497871417,-0.048971477881011666,1768.337779981078,27.252837408929807
2018-06-29,11.14627991814029,-0.392776252589806,-0.04907754784688943,1773.0583300464443,29.490945734416908
2018-07-02,11.099906879530087,-0.38689821659521045,-0.04919303604465956,1772.3731073251342,30.85901554330752
2018-07-03,11.05135963126268,-0.3807484995687889,-0.04931088089949414,1774.8956903480555,29.678043195239745
2018-07-04,11.004284346927102,-0.37478635825666645,-0.04942448022675054,1776.2677493005374,29.71355252648693
2018-07-05,10.956943054837184,-0.3687925913278985,-0.049537243909385555,1782.4648988566237,31.663742803878627
2018-07-06,10.906788732805902,-0.36244044857270147,-0.0496589561240394,1785.9120285585523,31.326737403353878
2018-07-09,10.857104218198838,-0.35614846837280606,-0.04977917985111536,1795.3169910265788,32.186684126628776
2018-07-10,10.806439831872048,-0.34972754633824754,-0.04990617474710709,1799.8173749940472,31.4116661423953
2018-07-11,10.757080218893806,-0.3434718751364727,-0.05003010066206683,1803.7241297724058,29.518143126176156
2018-07-12,10.71043450058726,-0.3375605288789009,-0.050147056089456,1809.6285416305877,28.31694165851737
2018-07-13,10.665664682716473,-0.33188546027029836,-0.05026069635127601,1812.4785494218306,29.459739026897537
2018-07-16,10.619426298970302,-0.3260252523459311,-0.05037732265108816,1813.9715785366886,28.677870569667796
2018-07-17,10.574455886807005,-0.32032795010990534,-0.05048892303617318,1808.9290493772564,27.75072636461664
2018-07-18,10.530888652245524,-0.3148156779260785,-0.05059078297826226,1810.3004169532358,26.76238587306692
2018-07-19,10.488900687813377,-0.30950514092591586,-0.05068734706564801,1810.6104013197953,25.34170787629111
2018-07-20,10.4490835039882,-0.30447166232209033,-0.05077680223016473,1814.4346039544885,23.885423872591783
2018-07-23,10.411523904065108,-0.2997233793331717,-0.05086142732715389,1817.2230858700527,24.434364585312075
2018-07-24,10.373394834306373,-0.2949035071308683,-0.0509470460852926,1819.052746934571,25.24650556941479
2018-07-25,10.334308955132347,-0.2899638511160589,-0.051033870538111765,1819.6474906329622,25.455068179492123
2018-07-26,10.295223111338734,-0.2850262692491531,-0.051118889278307766,1821.1982141767705,25.909963130319014
2018-07-27,10.255594727187464,-0.2800216548005029,-0.05120390232466638,1820.3329760173426,25.95058322879915
2018-07-30,10.216045737670953,-0.275030346665053,-0.05128595922650097,1825.4200307414023,25.763931661667105
2018-07-31,10.177024379223484,-0.2701044942694525,-0.05136795259163786,1832.252460040649,26.680686784205786
2018-08-01,10.137031802033725,-0.265053580877022,-0.051454198566384786,1829.5062466619881,26.54671194614089
2018-08-02,10.097312801194928,-0.26004202427872725,-0.051535742422850105,1822.1331579697985,25.959510146735475
2018-08-03,10.058451087247777,-0.25514664113260754,-0.051608591256869445,1822.4325790834866,26.094650983230004
2018-08-06,10.01961833789508,-0.2502572058465242,-0.05167941374917386,1820.7076529021226,26.317917999306427
2018-08-07,9.98064067714668,-0.24535333258855424,-0.05174722758047699,1823.7416034689713,26.782763281922307
2018-08-08,9.941260918935999,-0.24039918899277443,-0.051815520542983044,1806.142092907782,26.956235005208782
2018-08-09,9.901652945662125,-0.23543211341028342,-0.05187043461158427,1797.9247390865016,28.45810226591925
2018-08-10,9.860179205183307,-0.23024017311469755,-0.05192001105475108,1790.7726363696167,27.042928498848706
2018-08-13,9.820619781885139,-0.22529586299295953,-0.05196036676541213,1782.3789371755213,28.233674238876105
2018-08-14,9.779534833354298,-0.22016998392406123,-0.051994403095389836,1789.23960563598,27.58939567451375
2018-08-15,9.73955114139211,-0.21517883168110455,-0.05202991155648178,1781.2454938492006,27.277795667615834
2018-08-16,9.700095126745785,-0.21026207738747074,-0.05205750430532323,1783.4263373655908,26.78348147196232
2018-08-17,9.661514362372273,-0.20545516183807314,-0.05208383361674923,1773.4375251457147,27.160949738824748
2018-08-20,9.62253730462612,-0.20060874216626234,-0.05210181484165847,1777.2421345678356,27.86608846366292
2018-08-21,9.582867695662562,-0.19567567498407681,-0.052120644334224045,1791.428126499556,27.929218376072452
2018-08-22,9.543459251840867,-0.1907666838571323,-0.05214676127339365,1794.221986586367,28.02540695481708
2018-08-23,9.5040510578415,-0.18585806344770223,-0.052172682012645216,1792.1068488691967,26.110784154754207
2018-08-24,9.46702191994757,-0.18124962888863408,-0.052193806270077026,1797.3659026960304,26.83894785031715
2018-08-27,9.429154431764568,-0.17653523378165978,-0.05221697087938235,1799.9263549004365,28.50136860893624
2018-08-28,9.38926778875602,-0.17156993259539116,-0.05224110029079291,1800.86182721676,28.620639573432527
2018-08-29,9.349289258353341,-0.16659508097659126,-0.05226376114206732,1801.8163446570984,30.33736800999709
2018-08-30,9.307258766846608,-0.16136687442307907,-0.05228598387017184,1798.8305536500602,29.57974253162765
2018-08-31,9.266001186314202,-0.1562400431680639,-0.052303443661236106,1806.3855301256679,29.8643042073528
2018-09-03,9.224461221006031,-0.1510748914080445,-0.05232403776203564,1811.0762238806717,29.540654836324464
2018-09-04,9.183296574887079,-0.14595557610901116,-0.05234538773231583,1801.686204576458,29.677409643553233
2018-09-05,9.141816291359993,-0.14080736114004608,-0.05235800596577887,1799.069321956413,29.029491619347404
2018-09-06,9.101118892833993,-0.13576114289015714,-0.05236630277324033,1780.575439618818,30.331461861385666
2018-09-07,9.058646492454184,-0.13051268671533858,-0.052359434943753023,1777.1363761754776,30.64951182850244
2018-09-10,9.015736599021364,-0.1252158404843725,-0.0523476947413367,1776.4217810412943,31.49185767305682
2018-09-11,8.971705770016618,-0.11978412600580848,-0.05233280318249378,1806.910961744201,29.236583840625684
2018-09-12,8.930814429578556,-0.1147188222033898,-0.05233747151157721,1822.2707456144367,28.44578697392095
2018-09-13,8.89101200257915,-0.10977957973042989,-0.052349966228557566,1828.2950878783645,28.93542271316496
2018-09-14,8.850698063735775,-0.10477510609940538,-0.05236431620138528,1828.6585341666298,29.070570360782845
2018-09-17,8.810236506712556,-0.0997549777417899,-0.052376534148110165,1825.3401840643562,30.044252612383637
2018-09-18,8.768621376361631,-0.09459736605578216,-0.05238427278746501,1837.4308324799638,30.757575062417963
2018-09-19,8.726329745953949,-0.08934938552551547,-0.05239801782663284,1852.6546920548822,29.782414948201954
2018-09-20,8.685457783707209,-0.08426897067226091,-0.05241898845000657,1854.3603078090903,29.472680680737252
2018-09-21,8.645099956429735,-0.07925426733021486,-0.05243820713414602,1860.6782608099418,30.42555777180034
2018-09-24,8.6036180793207,-0.07409826277968494,-0.05245960067691489,1869.4174115107385,29.98755575065646
2018-09-25,8.562931064119757,-0.0690375060222056,-0.05248377174515111,1871.1829982425882,30.624316397466565
2018-09-26,8.521603720136206,-0.06389904218148906,-0.05250673507983568,1874.004394176664,29.52424271483205
2018-09-27,8.481695777800589,-0.05893821193147855,-0.052528017792402903,1885.7161012364163,31.227070627306365
2018-09-28,8.440106232336776,-0.05376227888194081,-0.052555586891856056,1888.661986445796,31.064214653797826
2018-10-01,8.398828455877227,-0.04862636042468717,-0.052582002462914314,1896.5946348232974,30.35046891980333
2018-10-02,8.358570047115736,-0.04361461515225322,-0.052610214608317135,1901.4819548189932,28.831093757773417
2018-10-03,8.320218728830968,-0.038839986393933865,-0.05263746804075926,1901.1867499478456,31.176487531717445
2018-10-04,8.279170709651861,-0.03373332625394353,-0.052663537198499595,1889.165610866621,30.482472569951756
2018-10-05,8.238730857294767,-0.0287153368847965,-0.05267798790161843,1891.0877152593227,29.602660956628913
2018-10-08,8.19933484713609,-0.023828891689252986,-0.05269046196065299,1885.0123140585852,30.19967995411845
2018-10-09,8.159224101682904,-0.018861781043640426,-0.052696279556904035,1889.9438063163207,29.30701917340368
2018-10-10,8.120198610769313,-0.014028809443863845,-0.05270233892218646,1891.8355336938514,27.79599267169943
2018-10-11,8.082968916993257,-0.00942009151352962,-0.05270665017711494,1893.594381057017,24.972381819121182
2018-10-12,8.049170670761972,-0.005237789206051134,-0.05270926212771677,1903.051288591156,26.271951492120582
2018-10-15,8.013982727325688,-0.0008798035283127809,-0.052715356042422286,1916.7743870566983,24.639081997986434
2018-10-16,7.980939883536402,0.0032184867614309456,-0.05272644582393869,1925.33517053725,25.55008795302287
2018-10-17,7.946974888139634,0.007434104400264378,-0.05274054073515696,1925.9235761679333,25.208498916559986
2018-10-18,7.913518116673138,0.011584414064675117,-0.05275255336549911,1925.4636795447211,23.534919161000655
2018-10-19,7.88214027007821,0.01547412329893026,-0.052761525376071164,1930.901999188138,21.434956356453316
2018-10-22,7.853436377693438,0.019033234236745654,-0.05277057956212659,1942.2267896320518,18.861505377410047
2018-10-23,7.828072613756685,0.022181962653362617,-0.05278195918080253,1940.907070618979,18.78878875250438
2018-10-24,7.802940601140706,0.02529987141417449,-0.052791453137686635,1942.6606178900338,20.272680595013703
2018-10-25,7.776139772457477,0.028624148352588016,-0.052801032850600095,1942.5758836834066,20.02568443189803
2018-10-26,7.749735625477451,0.03189746496026122,-0.05280898281981198,1945.5215895377453,17.871732307266107
2018-10-29,7.726079002241655,0.03483004493805761,-0.05281603456805431,1952.3077443989664,18.68313316112595
2018-10-30,7.701595378615487,0.03786696883660304,-0.05282498250572969,1952.9857273216444,17.76737371011048
2018-10-31,7.67835653761067,0.04074848021196165,-0.05283260848716819,1954.5992559722472,20.367896018139355
2018-11-01,7.6521463966547385,0.043997745620268675,-0.052840661366504484,1956.4758780428986,20.590804439668542
2018-11-02,7.625865827667987,0.04725518442799934,-0.0528482520183243,1960.461837977379,21.29539856044054
2018-11-06,7.598959195452446,0.05059071379341804,-0.0528564752533512,1962.4255358680186,22.924918979562126
2018-11-07,7.570397845020283,0.05413075985805978,-0.052864671449734696,1958.3038362656816,24.87030636997858
2018-11-08,7.539853998438236,0.0579121188759255,-0.05286954353858354,1950.2668637585386,25.04032372781595
2018-11-09,7.509267732051458,0.0616917414723599,-0.05286826106164917,1940.1896355790893,23.878097064601356
2018-11-12,7.480079601351095,0.0652907032303675,-0.05286008063706956,1939.2840286050368,23.437823685987457
2018-11-13,7.451535437264433,0.06880784428367007,-0.05284996687039573,1937.2442115080187,22.593733195427323
2018-11-14,7.424084585980257,0.07218738739351988,-0.05283770319054696,1974.2380017704359,20.481421078256723
2018-11-15,7.399496703774609,0.0752319232772373,-0.0528420415633682,1984.1286362986227,20.02498005585853
2018-11-16,7.3757157615556705,0.07818033840559652,-0.05284952895009937,1985.5777886964024,19.495192457694465
2018-11-19,7.352732284542966,0.08102950275343242,-0.05285638965999759,1985.7856319119592,19.53858270766473
2018-11-20,7.329944141227124,0.08385363109981185,-0.05286240438387241,1979.5741804741035,18.28806533732381
2018-11-21,7.308704041132103,0.0864823065245166,-0.05286475874448642,1984.6267901668477,18.81175905127055
2018-11-22,7.287221476622316,0.08914274856268059,-0.052868586406946375,1989.6074196830111,19.095354015995735
2018-11-23,7.2657853919246,0.09179929210178024,-0.05287391572139843,1980.877453213839,18.27940169638915
2018-11-26,7.24542191945839,0.09431846235146216,-0.052874944945384174,1975.1374707613725,16.8779406078567
2018-11-27,7.226740833701581,0.09662670548836347,-0.05287330723909174,1986.993152300091,17.700959225388925
2018-11-28,7.207589263983356,0.09899804166628731,-0.052875860440536826,1989.3283828518229,19.694667834906166
2018-11-29,7.186827296919446,0.10156976036443857,-0.05287932302356757,2000.2848481238987,19.910921799445227
2018-11-30,7.166276217417089,0.10412050892374941,-0.05288711091386288,2004.7619293881048,19.340853640922884
2018-12-03,7.146648532626083,0.10655875768826403,-0.05289621370299727,2011.3678060297234,21.36964669921364
2018-12-04,7.125546755240149,0.10918349681577523,-0.052908780347358804,2005.4827686729461,21.835003429962963
2018-12-05,7.104277843130161,0.11182554706412974,-0.0529182358972252,2003.742611144261,22.04910882258675
2018-12-06,7.08312862771285,0.11445156079991595,-0.0529264340637245,2004.9822740075967,20.31577691598383
2018-12-07,7.06384362759134,0.11684670551517587,-0.05293423961518211,2011.3115425764631,20.880825696726735
2018-12-10,7.044463967971348,0.11925696946817904,-0.0529448284235808,2010.306919730083,19.22756552625384
2018-12-11,7.02676412429418,0.12145783412235717,-0.052953909901393155,2008.892701029112,19.1830702940716
2018-12-12,7.009414263761819,0.12361482029021525,-0.0529622860051925,2009.7462988736343,17.942747367091382
2018-12-13,6.9933612627531465,0.1256110732179241,-0.052970309264961137,2005.0609369440526,18.62482362382023
2018-12-14,6.976987307994153,0.12764532013745494,-0.052976629684974755,2005.7896730297778,17.943074082467824
2018-12-17,6.961414678551572,0.1295804764366435,-0.052982887332992765,2003.2695823791698,17.763980482257157
2018-12-18,6.946197217942966,0.13147052142875787,-0.05298799411287855,2003.7726690661236,17.293245700140925
2018-12-19,6.931597705920379,0.13328428713728888,-0.05299313852216908,2004.1869254523524,17.68263578845868
2018-12-20,6.91694275164156,0.13510543027274213,-0.05299855691466511,2007.4522692074574,17.20726993568409
2018-12-21,6.902969319386808,0.13684389576038514,-0.05300526116607412,2009.866455934271,16.782385867967342
2018-12-24,6.889564156914245,0.1385130708269789,-0.05301275201386129,2009.6714616638776,15.554708533170448
2018-12-25,6.877349180134556,0.1400347248018989,-0.05301994357710484,2008.2060417997359,14.074948103778851
2018-12-26,6.866474928872856,0.1413896334941146,-0.05302636442260724,2006.7991656765585,15.051373325721418
2018-12-27,6.8551313507902325,0.1428032209140978,-0.053033032060766705,2009.8511429908922,15.820020209852359
2018-12-28,6.843493685568265,0.144255298616296,-0.05304129241511436,2011.5485278047256,17.24797922593073
2018-12-29,6.831188105321798,0.1457924399698125,-0.053051272091219154,2013.3656957962382,17.68006204471395
2019-01-03,6.818892152840961,0.14733013664976172,-0.053062520412149775,2014.1498728546576,17.94554278292402
2019-01-04,6.806704099654106,0.1488556410768502,-0.05307454900494909,2015.778792483105,19.383139110992985
2019-01-08,6.793958908662672,0.15045294685455685,-0.05308861319971577,2022.933872938587,18.12991180619512
2019-01-09,6.782306692883269,0.15191763730475843,-0.053104997929637236,2034.4872687603913,18.6603640666144
2019-01-10,6.770688384266137,0.15338457740521,-0.05312675357911877,2036.369959548276,19.533780617150875
2019-01-11,6.75884933128364,0.1548815333028788,-0.05315051885873353,2040.4681854098862,19.798486321851772
2019-01-14,6.747153214241863,0.15636368330411088,-0.053176571588972495,2040.2500943138637,19.600533620885475
2019-01-15,6.7358073273746735,0.15780256343401022,-0.05320254565150609,2046.6704059452554,19.196036299420328
2019-01-16,6.7249392159644845,0.15918500865927027,-0.05323081269756147,2049.5546557854104,18.786780978379714
2019-01-17,6.7145506964864445,0.1605092479932705,-0.0532599898625296,2044.9724462767244,19.690610230783847
2019-01-18,6.703884768386348,0.16186778513852607,-0.053288769586843955,2048.081522283435,20.776930658606663
2019-01-21,6.692927030613292,0.16326633637939042,-0.053320556225541244,2048.014499423516,20.519166280061675
2019-01-22,6.682293705869267,0.16462456111886306,-0.05335209963526926,2045.5288298501553,20.689083623467972
2019-01-23,6.671792662577087,0.16596603577792746,-0.053383089056733266,2043.1579140761096,21.943095187853867
2019-01-24,6.660913361121688,0.1673558377731716,-0.053414923941049394,2048.4217680195943,21.201113889756872
2019-01-25,6.65063246002763,0.1686733644378493,-0.05344834813916078,2044.9522418248669,22.16568919822983
2019-01-28,6.640109761096756,0.17002129522068488,-0.05348177379172668,2043.6316924512118,21.196495882739864
2019-01-29,6.630205572700941,0.17129066301543472,-0.05351353027735555,2045.4678812225686,22.140759233371355
2019-01-30,6.620147550265649,0.17258237006663374,-0.05354774083320189,2047.3024157536863,22.691204810369612
2019-01-31,6.610115888357292,0.17387344879611175,-0.05358392105693381,2063.7391862847835,22.161754583851923
2019-02-01,6.600629350099243,0.1751049149159268,-0.05362700874582394,2063.414241834094,22.21007051684165
2019-02-04,6.591339595114474,0.17631249448386915,-0.053670320293876916,2062.4479411091124,22.355573185664944
2019-02-05,6.582123315947417,0.17751091376504724,-0.05371343012222871,2066.81011607014,23.246445340775335
2019-02-06,6.572793511940568,0.17872811649572928,-0.053760286767338857,2063.358108190224,23.08721350495979
2019-02-07,6.563673533979854,0.17991745732663902,-0.053805388032592626,2060.280907846892,21.822708274425274
2019-02-08,6.5550898092890755,0.18103583890978187,-0.05384678585368296,2062.417507084073,21.353702216123338
2019-02-11,6.5468434725744205,0.18211270119252423,-0.053888429366072105,2059.919246679737,21.860116800504482
2019-02-12,6.538575954952798,0.18319255063926693,-0.05393008664884048,2058.5391361063607,23.063970733714932
2019-02-13,6.530068978227994,0.18430455977385557,-0.05397341279525178,2053.002476514526,21.07924994908852
2019-02-14,6.522309322917083,0.18531689132415124,-0.05401100658568536,2038.0222013569896,20.7454952336386
2019-02-15,6.514575038802717,0.18631776750891793,-0.054041396926371124,2047.45567167968,21.62216913624979
2019-02-18,6.506653513127896,0.18734793071153955,-0.05407685061877223,2051.2795456668414,20.53013472604266
2019-02-19,6.4991724533794715,0.18832288715741788,-0.05411205756343544,2045.342997316606,20.20233296936027
2019-02-20,6.4917559300910765,0.18928588862064188,-0.054143911281524786,2048.189229593905,21.464362962852835
2019-02-21,6.483960540261482,0.19029938667830765,-0.05417849899509122,2051.251993947184,20.425477088584554
2019-02-22,6.47652691632787,0.1912668987458372,-0.054212413055465605,2051.2711417421147,21.321357735596223
2019-02-25,6.468741302686797,0.19227907121906745,-0.054247053582535,2060.0404395523606,21.096166468560895
2019-02-26,6.461082504972799,0.19327874372084447,-0.05428462311208437,2053.0543171825525,21.47852003363426
2019-02-27,6.453228170846872,0.19429944267580093,-0.05431930338086828,2049.709785240501,21.512324229245074
2019-02-28,6.445284701410698,0.1953287901504097,-0.05435194586285451,2055.3101669078055,20.91946218215155
2019-03-01,6.4375407584833555,0.19633423308539993,-0.05438554932828062,2057.588661874059,20.432720393347225
2019-03-04,6.429928941067466,0.1973226250108716,-0.05441877262939182,2057.667772554594,20.223003586666955
2019-03-05,6.422331521363914,0.19830802801991865,-0.05445108120641593,2058.557870734446,19.803773071490372
2019-03-06,6.414869658974314,0.19927565671649272,-0.05448268866350348,2054.721313607092,21.38093781787265
2019-03-07,6.406848316776292,0.20031343625184853,-0.05451458411267773,2059.0356552270323,20.281549943676037
2019-03-11,6.39922035198631,0.20130184904750764,-0.05454628103732537,2058.9760821440095,19.765354313014626
2019-03-12,6.391731570821958,0.20227129375496683,-0.054576673193457985,2064.452162739206,19.559563769451426
2019-03-13,6.384332205006022,0.2032311394374699,-0.05460846793876011,2065.549703089429,19.61029048609797
2019-03-14,6.376881644548287,0.20419721600204666,-0.054640215154216604,2067.9669651370004,18.850544589679853
2019-03-15,6.3696523306426736,0.20513458091219913,-0.05467111934973783,2069.0090139052345,19.706100038935848
2019-03-18,6.362094724769307,0.20611414950721757,-0.05470318934083368,2078.1158921391802,19.516914787813768
2019-03-19,6.354631668338159,0.20708496554303457,-0.0547379754993067,2080.5036211309593,19.840214392160306
2019-03-20,6.347018579458659,0.20807532316392402,-0.05477359135864602,2082.597645721012,20.245502300710385
2019-03-21,6.339263029389161,0.20908457178644163,-0.05481022846007365,2091.8369016782212,19.8855416494496
2019-03-22,6.331661711727744,0.21007730729052454,-0.05484930643320455,2085.243268535336,19.540009437405324
2019-03-25,6.324055070360669,0.2110660068845705,-0.05488445410010068,2098.150240406553,19.03771006961106
2019-03-26,6.316661289749222,0.21203192100491852,-0.054922967791050194,2094.953386294898,19.93727480704468
2019-03-27,6.308850390690315,0.21304927082216552,-0.054961140137855996,2092.095156094791,18.8989895011876
2019-03-28,6.301287903686547,0.21403109998474698,-0.0549955370674825,2089.2646755486653,19.295560259518908
2019-03-29,6.293446493108341,0.21504591988810898,-0.05502860341983115,2084.2096655487735,19.8104030163641
2019-04-01,6.285252666351763,0.2161019272684978,-0.05505952751162819,2086.845835242869,20.816303601390594
2019-04-02,6.276625394976625,0.21721373993066692,-0.05509217477022331,2087.5844012673497,21.085882729599746
2019-04-03,6.267780510605378,0.21835202477042054,-0.05512448684256839,2090.3386937647947,21.144004440695554
2019-04-04,6.2588540470896055,0.21950072535834647,-0.055157168560929386,2091.780399574723,21.21253265952243
2019-04-05,6.249851836264987,0.2206586473158851,-0.0551897815634748,2096.738163315725,21.187759371048354
2019-04-08,6.24083719309427,0.22181940835901814,-0.05522363112436071,2101.827199090175,21.802115849875126
2019-04-09,6.231550994738217,0.22301630770141415,-0.05525965465456674,2105.626661650511,22.06722335028126
2019-04-10,6.222137801538012,0.22423029278833811,-0.055296898971860464,2110.400026151999,22.18441850105819
2019-04-11,6.212691236303583,0.22545013015569246,-0.055335684716111035,2113.8119310007223,20.703737290010025
2019-04-12,6.203843948417834,0.22659363604907323,-0.055372948887049564,2116.285985832999,20.953406918321548
2019-04-15,6.1948838038421785,0.22775194557182965,-0.05541094876821323,2113.127992138768,20.44324856176829
2019-04-16,6.18603474629079,0.22889299721563494,-0.055446066132217316,2118.113569814342,20.854709420721782
2019-04-17,6.177011370427023,0.2300577963003428,-0.05548307651921245,2118.3433993038807,21.23907770779605
2019-04-18,6.16779223026966,0.2312468169814178,-0.05552006286467472,2119.7904985745126,20.80439089249864
2019-04-19,6.158709614520762,0.23241778017158682,-0.05555619679894027,2121.082947792644,20.876932355153023
2019-04-22,6.149577816787078,0.23359475635877092,-0.055592304266584715,2122.725327857215,21.76516509600259
2019-04-23,6.140035900718,0.2348239599651123,-0.05562960513319729,2121.9639423970257,21.93798152277344
2019-04-24,6.13035510951209,0.23606925914616556,-0.05566599536711541,2122.658611540717,21.5009321790099
2019-04-25,6.120764168307037,0.2373016463443231,-0.05570101626891444,2122.1527736884245,20.676514516386014
2019-04-26,6.111417217604896,0.23850081542057852,-0.055733660427291457,2127.402181517083,20.509418589190865
2019-04-29,6.102114444094721,0.23969547206581848,-0.05576727076208776,2136.2573460218473,20.2958999666194
2019-04-30,6.092905637316779,0.24088090810279544,-0.055803134255094956,2140.3650589352287,19.57399460039726
2019-05-02,6.083964328915911,0.2420324429028509,-0.05583852871035743,2140.550771082951,20.306419954577404
2019-05-03,6.074684273314553,0.24322666933365333,-0.05587451585734857,2142.113663497104,20.486136846094084
2019-05-06,6.0652922483986185,0.2444348372987049,-0.05591061678992617,2140.879529543302,20.499540698131625
2019-05-07,6.055876410699029,0.24564475401867142,-0.055945692937829646,2139.900419757718,19.870063873833143
2019-05-08,6.046683744723484,0.2468245396041911,-0.055978733259437675,2146.208985116306,18.554624346711222
2019-05-10,6.038059415139192,0.24793311148093208,-0.056011307951480606,2141.3633853362066,17.44246759898487
2019-05-13,6.029864346007539,0.24898383479576167,-0.056039966055486744,2145.0705556939733,16.95978919389578
2019-05-14,6.021878272324684,0.2500084482920664,-0.05606854581455853,2147.7032586578675,19.305587942406866
2019-05-15,6.012857220223244,0.25116598550600944,-0.05610102608877324,2153.965833966013,18.594731620998694
2019-05-16,6.004157699835207,0.2522840448605897,-0.056133962449318064,2157.727468767942,19.62168704622409
2019-05-17,5.995022001820922,0.2534589705362089,-0.056169311126459565,2160.220592966636,19.315592509019663
2019-05-20,5.986020475598068,0.2546169646621612,-0.05620446389905982,2164.915761112283,18.787531884323606
2019-05-21,5.977286542441779,0.25574206681476386,-0.056239921320275735,2170.9321276739843,20.525647331197106
2019-05-22,5.967861873168607,0.256958319680461,-0.05628010378985368,2184.1268741820286,20.813036604762992
2019-05-23,5.958454319087875,0.25817833600830875,-0.05632541391178157,2176.3395400780205,20.3217582448612
2019-05-24,5.949218011780254,0.25937221659080584,-0.05636644568199006,2179.2316320276404,20.19098665353709
2019-05-27,5.940127132172535,0.26054886434236363,-0.056408128334899256,2179.695196755655,20.794412169141218
2019-05-28,5.930856948508137,0.2617491182542363,-0.056450915267637514,2181.8834755146727,19.611337144592156
2019-05-29,5.9221053940935855,0.2628828232675652,-0.05649182621008767,2181.041001666986,21.09584358943042
2019-05-30,5.9126935219572605,0.2641003385112119,-0.05653440057013931,2189.16667831167,21.485496118142834
2019-05-31,5.903241265570702,0.2653269917059887,-0.056580531766935026,2189.5639285548536,21.728804774344248
2019-06-03,5.8937722154625,0.26655634729573136,-0.05662711824971313,2187.3590832878563,24.804839811513535
2019-06-04,5.883177824577205,0.26793110102847545,-0.056678516601733016,2191.4582307410974,23.49265717397675
2019-06-05,5.87322330220243,0.26922550855201666,-0.05672904246092145,2200.1329622935236,22.803487166678927
2019-06-06,5.863743471266653,0.27046375964079084,-0.0567818577632149,2206.6214565658274,23.639240064582022
2019-06-07,5.8541145302806665,0.2717256979908069,-0.05683905418699741,2207.8746814534193,23.630658158692608
2019-06-10,5.844627200835542,0.27297084894265145,-0.05689679722452953,2213.3372111137714,23.911981700244578
2019-06-11,5.835174029446631,0.27421498493039353,-0.056957256099953384,2214.7862306373954,24.244496463573874
2019-06-13,5.825725216790029,0.27546022428864275,-0.057019013558330216,2212.053135173244,24.696823785110865
2019-06-14,5.816240472038662,0.27671016160740763,-0.05708077939804752,2216.9844224791423,23.558829382156922
2019-06-17,5.807332740250489,0.2778881074262606,-0.05714213494626253,2218.4039779112973,23.255729219095866
2019-06-18,5.7986427708963495,0.2790389093509765,-0.057203298641082125,2224.9935433940404,24.121259057106048
2019-06-19,5.789821293797676,0.2802116167070271,-0.057269171704717126,2235.2613681997946,23.43612426058719
2019-06-20,5.781437588535424,0.28133293355714006,-0.0573375422462451,2244.3884951396853,23.8733849340538
2019-06-21,5.773106270248125,0.28245346845250274,-0.05741075652660509,2234.4102732405113,23.577573602696276
2019-06-24,5.764857362899917,0.2835580697323993,-0.0574789195580927,2241.167591951063,23.268336108454847
2019-06-25,5.756851328884201,0.28463458597551544,-0.057548822826888675,2240.4729214400077,22.918691569365702
2019-06-26,5.749000086055223,0.2856901418606656,-0.05761718061445038,2237.0170183035793,24.055381666452448
2019-06-27,5.740833938729814,0.28678658190294354,-0.05768692714507794,2237.7582448848207,24.2162778912282
2019-06-28,5.732666905933289,0.2878835533990657,-0.05775698936266636,2239.6956465097737,23.492225575834723
2019-07-01,5.724787608986309,0.2889431195850189,-0.05782559873837362,2245.613361209126,24.752998374198242
2019-07-02,5.716629336181367,0.29004365542532207,-0.05789958534397473,2247.115926765951,25.04072293430266
2019-07-03,5.708498351681792,0.2911424521768007,-0.057974872922998376,2247.1237167339355,25.66953830670471
2019-07-04,5.700302891079642,0.2922514313518778,-0.058051861680460295,2251.3412922940565,26.27050415369423
2019-07-05,5.692073208438059,0.2933686270495917,-0.05813214852914299,2247.6232165957426,26.148812624138596
2019-07-08,5.683939425215644,0.2944716724201538,-0.05821036996299916,2255.56231729706,25.137309590381296
2019-07-09,5.676278401629729,0.2955167426149667,-0.058289199044848326,2254.339185375271,25.210084547686318
2019-07-10,5.6686884610803885,0.29655272632982954,-0.058367669947903586,2259.529657403518,24.926441693343058
2019-07-11,5.661345936592748,0.29755973873676744,-0.05844755759896616,2261.0037152140294,23.381486780791395
2019-07-12,5.654517050506905,0.29849833053223307,-0.05852347201751294,2253.070161106903,23.279782758092725
2019-07-15,5.647734620250876,0.2994273839539114,-0.05859599501563337,2254.563724836097,22.26046084372215
2019-07-16,5.641309665241074,0.3003092346549614,-0.05866610591430553,2251.806652404815,22.385285479855057
2019-07-17,5.634921570000895,0.3011859357023583,-0.05873558727915037,2254.27442742524,20.35668625753324
2019-07-18,5.6291747878739775,0.301977283356759,-0.05880024554767059,2253.534300790841,19.92673016122144
2019-07-19,5.623659208425555,0.30273868747339105,-0.058863732565380335,2258.2974103415577,19.584337635650506
2019-07-22,5.618377828997575,0.3034720230459327,-0.05892802372232588,2263.100636443373,18.60939618745785
2019-07-23,5.613476250536363,0.30415674942789106,-0.05899108372147653,2266.2192759735053,19.187936870746935
2019-07-24,5.608586789102196,0.30484388515514566,-0.05905730823572121,2272.1793963638142,18.07650418331761
2019-07-25,5.6041144300792025,0.305477506390044,-0.059122086271652545,2278.2155552921295,18.558579486727076
2019-07-26,5.599686353603588,0.3061101280713541,-0.05919057432820948,2266.68023552089,19.808694558803897
2019-07-29,5.595009141594848,0.3067749672598682,-0.05925980241294171,2267.3198450025293,20.330177765323466
2019-07-30,5.590343531168793,0.3074411392000593,-0.05933120582335205,2265.5468205617594,20.707282461808283
2019-07-31,5.585683205288817,0.308107764712403,-0.05940338287047295,2267.649162694892,20.807929421690474
2019-08-01,5.581133192881332,0.3087623548826445,-0.05947685249389219,2263.415706392789,20.588542011572542
2019-08-02,5.576670517215274,0.30940377508749617,-0.059548242404537065,2244.3332310233604,19.184618532797472
2019-08-05,5.572410953676268,0.3100077800095277,-0.059609191401317936,2257.2445771734006,17.362559059389525
2019-08-06,5.568704105414683,0.310541188784894,-0.059668729528988385,2260.4356982214235,18.709415273849082
2019-08-07,5.564867401243043,0.31109760075999304,-0.05973383271913488,2263.450701970681,18.181500382182804
2019-08-08,5.561274966520738,0.31162327822778657,-0.05979855615077388,2259.561360156036,19.345729996629867
2019-08-09,5.557576544720739,0.31216612760766127,-0.0598663304352598,2258.5078033658597,18.649578983363348
2019-08-12,5.554116651218608,0.31267688578890396,-0.05993196271461579,2253.2114737202764,19.382047862496353
2019-08-13,5.550628344526352,0.3131929587232013,-0.05999879147351448,2252.290841366466,18.995289186274444
2019-08-14,5.547311574636211,0.3136864783940887,-0.06006448461243111,2250.0828512015273,17.197462244194273
2019-08-15,5.544368152093273,0.3141262728544086,-0.06012411441917763,2249.9858004013918,16.693180887257284
2019-08-16,5.541633699394813,0.31453886575731926,-0.06018262889351822,2250.1183036044213,16.225000072696673
2019-08-19,5.539082337907769,0.3149275123120577,-0.060240083987699866,2248.0023695829104,17.797473696227506
2019-08-20,5.536375672482621,0.315341594073264,-0.06030232986729637,2253.9820264736495,18.583021896658746
2019-08-21,5.533705245670833,0.31575691732127836,-0.06036923066348292,2261.732541323464,18.225738505549582
2019-08-22,5.53121550701445,0.3161512242789968,-0.06043739456686824,2264.313353730261,18.143100449986484
2019-08-23,5.528810281392279,0.3165356516903959,-0.060506058787500545,2263.666293441158,17.54117679400626
2019-08-26,5.526557740666669,0.3168986509569043,-0.06057265521446957,2262.984789283128,17.466101079808016
2019-08-27,5.524393090735098,0.3172505682575843,-0.060639025987620866,2262.991156912094,17.514820677812402
2019-08-28,5.522350513505533,0.31758830621561523,-0.06070607442156805,2265.5287854043654,18.175942731274432
2019-08-29,5.520311750686732,0.3179294671022724,-0.060776239716048876,2268.145378242657,19.668255220173837
2019-08-30,5.5181970928333115,0.3182876950799788,-0.06085251370719928,2281.224397123638,20.11269051194069
2019-09-02,5.516154842131533,0.31864329999426,-0.0609342046798585,2283.2107254410566,21.45221503653927
2019-09-03,5.514017164108641,0.3190173117701761,-0.06102117151489409,2285.3219308451494,21.392087589780196
2019-09-04,5.51190812795793,0.3193878514874372,-0.06110823653649398,2297.145186045763,21.601369254696824
2019-09-05,5.509898365388944,0.31975117567560035,-0.06119969314346616,2298.0953983296718,22.14723557778584
2019-09-06,5.507840471625318,0.32012283404005815,-0.06129305246224569,2297.305130445853,21.775290662283986
2019-09-09,5.5058228042947395,0.3204870422251688,-0.06138437828104502,2298.105758972969,21.25769186729485
2019-09-10,5.503856447284131,0.3208422267435669,-0.06147356827356253,2297.672192426407,21.31930782764533
2019-09-11,5.501867012981284,0.3211997925595812,-0.06156234303745515,2298.9236068399455,22.537782100217797
2019-09-12,5.499749946957278,0.3215785847396019,-0.061655472454820184,2305.0174213280325,21.47370228493932
2019-09-13,5.497808532487556,0.3219326334475382,-0.06174635862449018,2303.8271863801415,21.178359926661216
2019-09-16,5.495923397319715,0.3222777127917752,-0.06183556416189131,2303.6323107536564,23.036996258865816
2019-09-17,5.493851963881805,0.3226538155216664,-0.061931104589869876,2300.148878725473,22.638148603800666
2019-09-18,5.49178459067572,0.3230256974065746,-0.062023530851980035,2300.4973163627697,22.521333972098834
2019-09-19,5.489766631424878,0.3233908431396575,-0.06211543124226116,2306.4124184698826,21.17390530935932
2019-09-20,5.4879555679473455,0.32372612827614516,-0.062204084810468165,2307.1885062291562,21.204227242377428
2019-09-23,5.486149228003738,0.32406077864774196,-0.062292695122263896,2307.291304498838,20.7242446833138
2019-09-24,5.484429690320267,0.3243823645308509,-0.06237941297536962,2302.8340868346177,19.614783181634476
2019-09-25,5.482820110383685,0.32468359381229867,-0.062460576023871416,2305.5740861369336,19.72245943416886
2019-09-26,5.481282982167087,0.32497734991378163,-0.06254296508483177,2305.236540870768,20.278329396629058
2019-09-27,5.479777559761109,0.3252699090680649,-0.06262746485458742,2306.8475948725218,19.556229294480467
2019-09-30,5.478372367252375,0.3255470269590379,-0.06270955971781297,2303.8451643497096,19.243256556932174
2019-10-01,5.477018638960842,0.32581532861090834,-0.06278958031534242,2302.692803675545,19.808860113531935
2019-10-02,5.475646009049086,0.3260881107915738,-0.06287123482624847,2304.147411658823,18.021528754630832
2019-10-03,5.474441819936664,0.3263319167695816,-0.06294644278679076,2303.926523694983,17.515466407228253
2019-10-04,5.473320050021014,0.3265630849391603,-0.06301967405142736,2315.174947239923,16.300066360426534
2019-10-07,5.472404841880344,0.32676600237219905,-0.06309102185489074,2324.9605922005853,16.957681309610773
2019-10-08,5.471586614982601,0.32696322410608814,-0.06316759661789036,2323.0468593199794,16.5663098501885
2019-10-09,5.470835530934642,0.32714971730389325,-0.06324215469698215,2326.6605254079527,16.605751908061595
2019-10-10,5.4701892790179745,0.3273247713523811,-0.06331797751319447,2345.3848198245178,16.036821633544317
2019-10-11,5.469749547714908,0.3274764013147654,-0.06339589836033276,2345.0537455311533,15.480082499628335
2019-10-14,5.469374213512759,0.3276169137018611,-0.06347125192429245,2349.191418936627,14.825040575919445
2019-10-15,5.469087734190876,0.3277437979596248,-0.06354454805257903,2349.4222130826547,15.571393889109997
2019-10-16,5.4688093032494,0.32787385313012907,-0.06362116606619739,2346.40168141954,16.959940053388745
2019-10-17,5.4685256124851005,0.3280115543764427,-0.06370328780584461,2349.2536689813674,17.000562190961933
2019-10-18,5.468307931248596,0.328142103984325,-0.06378625376108822,2364.1787679050203,16.442548142814406
2019-10-21,5.468239665537003,0.3282549598273875,-0.06387015903024192,2371.220480753172,16.44425402073848
2019-10-22,5.468285060848338,0.32835577278901,-0.06395579672184075,2377.0220738971307,17.888261567791865
2019-10-23,5.468433678594939,0.3284541125469981,-0.06404981179044619,2376.945293729808,18.706139659297282
2019-10-24,5.468640821713636,0.32855004296424134,-0.06414767210295193,2374.330813395571,21.17308943505989
2019-10-25,5.468876717824407,0.32865580478087975,-0.0642562032809121,2388.367498201955,20.30853719803176
2019-10-28,5.469256116131645,0.328742989335155,-0.06436439216485815,2391.991315881078,19.436470401552075
2019-10-29,5.469669699208487,0.3288213944439889,-0.0644689614619312,2389.195048875822,20.81391183855681
2019-10-30,5.470126577845302,0.32890166945142263,-0.06457924668047445,2386.25359259031,21.99667332254944
2019-10-31,5.470636726054455,0.3289812602956861,-0.06469415994938202,2385.0717123002996,21.337232129128726
2019-11-01,5.471163311759894,0.32905428161128075,-0.06480534100124981,2396.355571060603,22.285692298285873
2019-11-05,5.47184021848525,0.32911772415809715,-0.06492404727217284,2399.2745397140257,22.935076881679528
2019-11-06,5.47253086533021,0.32918346269013055,-0.06504603346440899,2400.793608329144,24.160610460577892
2019-11-07,5.473227868518915,0.3292552141625722,-0.0651735279806287,2405.435574534071,25.0725661435663
2019-11-08,5.473954495393204,0.32932933112082374,-0.06530600118773443,2403.658115020665,23.69437988790011
2019-11-11,5.474608839840643,0.32940278773303516,-0.06543063647782359,2395.4262523792677,23.62977140534035
2019-11-12,5.475176647366367,0.32948295878134704,-0.06555178575306633,2390.0786398695464,23.475435107904154
2019-11-13,5.475699026749526,0.32956542985557646,-0.06567006942869437,2381.8491118742436,23.17698822203573
2019-11-14,5.476128148707848,0.3296542252324716,-0.06578389535814458,2390.813493098278,22.236636543855592
2019-11-15,5.476601959386756,0.329734528499555,-0.06589556879909987,2396.0766661457615,22.484394655069238
2019-11-18,5.477152023926562,0.32980816763144316,-0.06600957181873245,2397.0593891969606,22.002817835052912
2019-11-19,5.4776955603333795,0.32987957810206525,-0.06612112722347602,2404.186123750916,22.356999357873832
2019-11-20,5.4783154767745135,0.32994536362714383,-0.06623591793757197,2404.759000899637,22.11078111783533
2019-11-21,5.478960063850674,0.33000648335335286,-0.06634938042700811,2407.517788126494,22.22547282983531
2019-11-22,5.47961339402813,0.33006735378008994,-0.06646356111363735,2411.9373494305023,22.212129626666922
2019-11-25,5.480282292007818,0.3301268845290066,-0.06657830668105835,2408.3030640204965,22.713791472170296
2019-11-26,5.4809174924152,0.33019159510811447,-0.0666937438574267,2412.368578915833,21.483094482895293
2019-11-27,5.481560111450797,0.33024906569009393,-0.06680415755393987,2411.686399336892,21.4523580182465
2019-11-28,5.4821950101441805,0.3303065485606239,-0.06691376400373719,2407.7362154148545,21.590146846529777
2019-11-29,5.482803329263304,0.33036637638065514,-0.06702247819999566,2408.71304006138,21.864661799863015
2019-12-02,5.483420226496665,0.3304264160360024,-0.06713221442208096,2406.5651993338897,21.383788014908124
2019-12-03,5.483995140462942,0.33048765319508944,-0.06723865423611404,2406.986056203743,19.79629015997604
2019-12-04,5.48456284631425,0.33054065239957486,-0.0673377237533568,2414.0104712267935,20.15937936366501
2019-12-05,5.4852095467640245,0.3305875948019126,-0.06743991951125158,2413.158914327144,20.14500921537539
2019-12-06,5.485853421086413,0.33063411365839623,-0.06754144417538663,2417.2492179584037,21.160862448168082
2019-12-09,5.486558092414723,0.3306795985388826,-0.06764826441972878,2417.6889583677657,21.811781859162483
2019-12-10,5.487316260094905,0.3307220069966053,-0.06775790573360499,2416.325481587184,21.357822956608796
2019-12-11,5.48809229918819,0.3307590349593825,-0.06786491395143818,2415.75084701914,22.297380280152378
2019-12-12,5.488880919251411,0.33079899777698907,-0.06797549457993222,2429.833287237318,22.759862401566842
2019-12-13,5.489797529433862,0.33082948911931903,-0.06809153785175522,2423.231773660123,23.66254159311385
2019-12-16,5.490762958039329,0.3308569362700299,-0.06820975441860427,2427.608033322242,23.83218207949307
2019-12-17,5.491763684667958,0.3308817092828843,-0.06832942176248612,2430.4093100449018,23.982819994395488
2019-12-18,5.492781580946452,0.33090540361096343,-0.0684499770082507,2435.2547492186777,24.172635366800478
2019-12-19,5.4938077784727986,0.3309297730043649,-0.06857201687182153,2429.3846815327583,23.833414397835618
2019-12-20,5.49478798402388,0.3309555889591197,-0.06869043369413455,2430.7269342442482,24.075228587439025
2019-12-23,5.495760401957577,0.3309833339347358,-0.06880964061877708,2435.0719844151317,24.588103325769907
2019-12-24,5.49678710735112,0.33100797788236913,-0.0689318438735931,2441.481752229396,24.129127618204404
2019-12-25,5.497822796592644,0.3310301693944835,-0.0690531155865015,2444.4986270247587,23.98616086313321
2019-12-26,5.498853617099251,0.3310523137400929,-0.06917391789964819,2454.28812988072,23.525431390459485
2019-12-27,5.499922488000957,0.331069362457997,-0.0692946357024764,2435.946510309166,25.22729818122482
2019-12-30,5.500826948662129,0.33110929322770966,-0.06941690722660568,2449.200580901006,24.36180293896111
2020-01-03,5.501785307549305,0.3311412038096055,-0.06953842714397994,2461.3920047955885,24.984967612076225
2020-01-06,5.502796577341049,0.3311727132626756,-0.06966523341933696,2458.5681700230552,25.230206651993203
2020-01-08,5.5036963763142515,0.3312171185220447,-0.06979124502590613,2462.37049176024,26.303495367862183
2020-01-09,5.50458180101454,0.3312691780452216,-0.0699221133997617,2470.9409532001737,26.189984263351217
2020-01-10,5.5054940542735995,0.33131907111049075,-0.07005412751149538,2493.257387019113,25.284297412012613
2020-01-13,5.506540275374063,0.3313534528258971,-0.07018754922271496,2505.61766618201,25.784952849668286
2020-01-14,5.507657479989581,0.331384722202466,-0.07032588099066385,2498.410568200245,25.27044353060679
2020-01-15,5.5086679596246375,0.33142301675295105,-0.0704589707994595,2492.657176974491,25.674321721300153
2020-01-16,5.509636818946591,0.3314662321226131,-0.07059169691118371,2497.8014397626957,26.400359521770223
2020-01-17,5.5106379315743155,0.33151021663283264,-0.07072840452247446,2504.7750966137532,27.63141905722055
2020-01-20,5.511704459974234,0.33155430180879764,-0.0708719439452744,2506.640650485049,28.45558853347918
2020-01-21,5.512766369127925,0.3316030545222085,-0.0710188508260364,2506.611299106345,28.03022156423487
2020-01-22,5.51377739920218,0.3316546344203245,-0.07116290024452403,2508.33435102175,26.562872238577118
2020-01-23,5.514721202724166,0.331705822436836,-0.07129986461255196,2515.520839856816,24.87274803013746
2020-01-24,5.515624256285897,0.3317535617714715,-0.07143005563197667,2518.543897982426,24.921388208495433
2020-01-27,5.516548847779543,0.33179908843855505,-0.07156064975046014,2508.5238385214066,22.987071225860014
2020-01-28,5.517362926521524,0.3318439286016325,-0.07167925489231056,2510.7651832798824,23.990089584294406
2020-01-29,5.518270614849114,0.3318832463092297,-0.07180279227776264,2513.0930005050877,24.49996873856901
2020-01-30,5.519256263923951,0.33191615341346636,-0.0719289623280029,2508.1761912273587,23.937864129028274
2020-01-31,5.520229196811367,0.3319457684720447,-0.07205099965650254,2503.3276733833923,22.902408370763915
2020-02-03,5.5211642404973045,0.33197258940783536,-0.07216679253539646,2502.164373191012,22.727348886506427
2020-02-04,5.522110219394717,0.3319963992609314,-0.07228116873505168,2511.731591336534,23.325279288768087
2020-02-05,5.523184343221324,0.3320099760331575,-0.07240027801343576,2516.2120019985728,23.767393110215608
2020-02-06,5.5243253478426455,0.3320185209018779,-0.07252208501249242,2514.9097103455088,23.132849949295608
2020-02-07,5.525468113377097,0.3320225909172185,-0.07264034749170947,2522.719885412317,22.392898944281846
2020-02-10,5.526670071838854,0.33201684173184254,-0.07275669791463914,2528.4872920844073,21.11628994881929
2020-02-11,5.527897523573988,0.33200174174803465,-0.07286806605768213,2529.304244092143,22.467670990360865
2020-02-12,5.529213066706907,0.33198339895673645,-0.07298565033555154,2540.9040397266645,22.8802800571672
2020-02-13,5.530669953317105,0.3319526404128508,-0.07310755959124039,2543.3323283176323,22.28248606650791
2020-02-14,5.532143743813863,0.331916523177869,-0.07322680360876792,2553.8534436029468,21.263027358020903
2020-02-17,5.53361730583263,0.3318762364129101,-0.07334280233100313,2552.7541754856948,21.831550795848575
2020-02-18,5.535136772613037,0.33183300337340954,-0.07346097248985742,2551.492043622557,20.480485435319085
2020-02-19,5.536590032092996,0.33178915769964334,-0.07357188899585639,2563.5379028223365,21.4949853704524
2020-02-20,5.538202752704437,0.331734114290718,-0.07368996213797435,2568.6816912614936,21.66162941213812
2020-02-21,5.5398415764588975,0.33167736403928494,-0.0738093572518842,2562.767478400576,21.19827593326862
2020-02-25,5.541373974582492,0.3316287436970473,-0.07392451294943359,2550.7427981793426,17.717866424762185
2020-02-26,5.542599432514199,0.33159384687124616,-0.07401964654713457,2553.15035558817,18.18418736662597
2020-02-27,5.543885837651638,0.3315544226585357,-0.07411724590088005,2521.196384927532,15.653029547073993
2020-02-28,5.544890376318956,0.3315286762732096,-0.07419706183937853,2485.2377134946028,12.064933864365667
2020-03-02,5.545589655939936,0.33151447192906675,-0.07425515607951406,2492.5956076780208,10.959434875056019
2020-03-03,5.546272084902384,0.33149693995771223,-0.07430897508985185,2533.0429206745443,11.382636945159796
2020-03-04,5.547165382536914,0.33146111969420083,-0.07436954136714795,2553.8535473364173,10.735010742864205
2020-03-05,5.548097851035202,0.33141884784255843,-0.0744290119022853,2528.865954419505,11.381941580472832
2020-03-06,5.5490257930811255,0.33137810565585163,-0.07448897226518,2476.6716352206518,9.805028705701368
2020-03-10,5.54968146842282,0.33135529761258037,-0.07453563837009292,2376.107600750701,5.169479665419696
2020-03-11,5.549915791075274,0.33135176597666655,-0.07455536168890955,2333.2242649091013,6.842708499652894
2020-03-12,5.550184419559948,0.33134871804614485,-0.07457827823895835,2194.6252154950366,4.181797596099424
2020-03-13,5.550170051336524,0.3313618188604295,-0.07458580877428632,2232.2667230302754,3.76806571105186
2020-03-16,5.550239097037149,0.3313655834639768,-0.07459445203538184,2188.524607842807,3.5811976651451083
2020-03-17,5.5502807547865824,0.3313702722359707,-0.07460095994292454,2186.0560348308295,1.7695779318009919
2020-03-18,5.550316933220007,0.33137075796291704,-0.07460423559335758,2111.2646914152533,0.06514145717202435
2020-03-19,5.55031705021719,0.3313708641629918,-0.0746042993118824,2158.104765155543,5.449004920573497
2020-03-20,5.550477885131242,0.3313646633726251,-0.07461291256237874,2230.595942039461,4.528568175739656
2020-03-23,5.5507848651012255,0.33134284740362585,-0.07462430561548612,2239.8388556879077,0.6032194806238733
2020-03-24,5.550834326640059,0.3313390347469001,-0.07462594739173589,2310.205208152764,4.578155718547827
2020-03-25,5.551362591717274,0.33129528863307584,-0.07464211963925754,2309.1302217465573,6.217049904827743
2020-03-26,5.552135372505669,0.3312291169263871,-0.07466413052700767,2313.225522692558,7.640607263476573
2020-03-27,5.553168288133781,0.3311381453243552,-0.07469171565870951,2317.768439465729,3.5957673387546185
2020-03-30,5.5537022442924,0.33109015712705203,-0.07470528313257833,2314.7802598528274,5.122289238578137
2020-03-31,5.554507042782807,0.3310163018705624,-0.07472455330520736,2350.844054269136,6.7195416660666085
2020-04-01,5.555694558610456,0.33090619500809576,-0.07475258839985027,2337.4865491580827,5.823496648181625
2020-04-02,5.5567618614858745,0.33080559732180426,-0.07477639341335023,2331.2672804858908,9.208841959527025
2020-04-03,5.558493437255184,0.3306401639400307,-0.07481321538592217,2337.0010061112266,10.065421164717204
2020-04-06,5.560508981568589,0.33044530038796194,-0.0748544258303313,2351.2190814812675,11.541711304408487
2020-04-07,5.562999293569294,0.33020208583310057,-0.0749037524804038,2349.6269966494224,12.13439425735019
2020-04-08,5.565753492213598,0.3299300402066341,-0.07495591775835295,2344.782435674372,13.874957410795297
2020-04-09,5.569014190041623,0.32960471342765063,-0.07501506154163647,2351.4641815918962,14.897348688124756
2020-04-10,5.572655619837387,0.3292394924427883,-0.07507980480575738,2356.22845823953,13.650269804515425
2020-04-13,5.57615621984382,0.32888642945603863,-0.07514062895036955,2352.339469211951,11.754703536929645
2020-04-14,5.579280637923379,0.3285693767602344,-0.07519334677571916,2353.8216955243183,11.810933045791083
2020-04-15,5.5825191052946685,0.32823923464875393,-0.07524684522664687,2338.9370405583404,6.840840803626946
2020-04-16,5.584471695839891,0.3280386070951723,-0.07527771614395155,2360.780753413278,6.5346706323183845
2020-04-17,5.586456172940281,0.32783437482597433,-0.07530908817592719,2429.875348215881,4.325104654495293
2020-04-20,5.587929168225139,0.3276835690584506,-0.07533347182471356,2452.9739006229174,2.9758204666811006
2020-04-21,5.58899822190956,0.3275740151710042,-0.0753511822636068,2420.610932005662,2.784795652330807
2020-04-22,5.5899977435736465,0.3274707150717193,-0.07536692117757213,2441.2363068829527,5.414211346291609
2020-04-23,5.5920083630266575,0.32726264293847396,-0.07539852145845967,2458.536553113106,5.729971625132602
2020-04-24,5.594222283039221,0.3270331538324785,-0.07543314778353562,2471.7061370277543,3.6543123642060804
2020-04-27,5.595707438465883,0.32687880008196224,-0.0754561122052858,2463.1587509179044,4.3745150020046975
2020-04-28,5.597508876647602,0.3266907614213894,-0.07548326387184119,2463.0863259977655,6.055560149391592
2020-04-29,5.6000567500402,0.3264237573058557,-0.0755208205613269,2461.9999736132017,8.169781825448496
2020-04-30,5.6035365249691536,0.3260579204902099,-0.07557115653326625,2455.6762853932983,7.936050682490081
2020-05-04,5.606976857484279,0.32569493778839076,-0.07561981542580018,2454.4692584704544,6.933097285381784
2020-05-05,5.610066937641009,0.3253678774415768,-0.0756626789494408,2457.045726478243,7.995955118155473
2020-05-06,5.613698972847218,0.3249825129909053,-0.07571232840557816,2450.676153572422,7.403011865240172
2020-05-07,5.617124302212864,0.32461790948049896,-0.07575814829894997,2453.6325538586516,7.351037377528158
2020-05-08,5.6205976865696545,0.3242474728063384,-0.07580406128313164,2488.561548386391,6.147665976467742
2020-05-12,5.623634285341314,0.3239242105007435,-0.07584495007918644,2502.1277245280207,5.591731952787149
2020-05-13,5.626487665234858,0.3236200963418578,-0.075883173276029,2504.743413452937,4.001870451428036
2020-05-14,5.628587182508356,0.3233958801720892,-0.07591094423981948,2523.6782559438234,2.640263032708079
2020-05-15,5.630027826808084,0.3232419281164222,-0.07592997811482459,2552.5710554358843,1.6195022064549924
2020-05-18,5.630947261398504,0.32314372351418374,-0.07594221962373397,2563.2714216068334,5.109820883153304
2020-05-19,5.63385155479157,0.3228333071881721,-0.07598077423360997,2557.691866928924,6.0221536089889005
2020-05-20,5.637313933366183,0.3224622006386474,-0.07602584198309668,2556.3123604427687,8.39011862854202
2020-05-21,5.642162441347381,0.3219413704765897,-0.07608798543110162,2553.3445531330344,6.474858501337244
2020-05-22,5.645993521181064,0.3215288979874531,-0.0761362935383226,2542.190486937799,6.576592663738179
2020-05-25,5.649929855490359,0.32110379933138244,-0.07618478299237881,2542.878005770622,8.457031510806035
2020-05-26,5.655027541519862,0.32055230730192946,-0.07624678026577446,2531.7727717888188,8.779114408997257
2020-05-27,5.660378031509449,0.31997173214418473,-0.07631031830944177,2516.528826222404,8.920667684724393
2020-05-28,5.6658794818630085,0.31937271880081847,-0.07637380907092847,2515.265196750712,10.524329744285165
2020-05-29,5.67242297936829,0.31865892257680045,-0.07644822462881933,2507.333650395661,9.07323800198827
2020-06-01,5.678150243112766,0.3180328407704073,-0.07651218717252829,2509.4544016627897,9.595137420216249
2020-06-02,5.684248811949204,0.317365563154081,-0.07657981746811166,2510.824444549946,11.378157324785088
2020-06-03,5.6915139666372925,0.31656964159276935,-0.07665957634986426,2497.6344802693898,13.350453093306335
2020-06-04,5.699997841625008,0.3156380031806024,-0.07675070922510177,2486.4914356886425,11.251539430051348
2020-06-05,5.707255655433493,0.31483924379645756,-0.07682708423092259,2460.811861083787,13.48856221661845
2020-06-08,5.715835606508887,0.31389190638782927,-0.07691446609713329,2447.127681739723,14.268659574478848
2020-06-09,5.72487254067196,0.31289207712716666,-0.07700460664800217,2472.125368662345,13.097015039850014
2020-06-10,5.733212617956958,0.3119716433729489,-0.0770900193455604,2490.7760327479114,11.819768754049376
2020-06-11,5.740793870127326,0.31113630995652264,-0.07716899698671113,2488.8783802398684,10.242429754063087
2020-06-15,5.7474137888796735,0.31040637297955853,-0.07723749592924488,2498.7989238257046,8.814677886809385
2020-06-16,5.753162992750867,0.30977277932853703,-0.077297348552353,2503.6565328289303,9.771446840379605
2020-06-17,5.759486714634156,0.30907611523338296,-0.07736342417579316,2522.502711058403,8.626245989257896
2020-06-18,5.765099682374208,0.3084588020206976,-0.07742310069762273,2520.217093290387,8.099020804716627
2020-06-19,5.770336040804134,0.3078828567854658,-0.07747870104541624,2533.273536845748,8.89743882276921
2020-06-22,5.776052647437418,0.3072548648409814,-0.07754015261007635,2515.152345348958,9.865710723642662
2020-06-23,5.782280575671628,0.3065695958891377,-0.07760599035151908,2516.307132822314,10.95505646278161
2020-06-25,5.7891280428197325,0.30581617543665995,-0.07767839218165853,2503.322515430556,10.283432637331114
2020-06-26,5.795533243877058,0.3051103379744249,-0.07774507625024919,2513.926750743389,9.857616145073834
2020-06-29,5.801684514748994,0.3044330273961592,-0.07780966565519126,2505.592555807691,10.470874188390788
2020-06-30,5.808139274061189,0.30372175456651895,-0.07787688708555932,2480.1860409168025,10.604606055518872
2020-07-02,5.814565473886236,0.30301197379991274,-0.07794214545567776,2487.769004141217,12.100038040416706
2020-07-03,5.821806105841198,0.30221295433368556,-0.07801634423797951,2463.8741813607903,13.70954008912304
2020-07-06,5.829848712374797,0.30132321035245113,-0.07809656258730528,2471.7332151018604,14.704126751121137
2020-07-07,5.838384749854242,0.3003797724531567,-0.07818253471703966,2489.012752052118,13.507252932741999
2020-07-08,5.846261258327272,0.2995107372508853,-0.07826333307862633,2503.150727353665,12.491428072208022
2020-07-09,5.853536376614409,0.2987094164907757,-0.07833924640473577,2509.225769447386,10.887989190896219
2020-07-10,5.85987675201125,0.2980116369052809,-0.07840593803277005,2509.0075525529937,11.635375395739889
2020-07-13,5.866574653683242,0.2972746070115245,-0.07847645088392464,2522.885221358489,9.667692234931579
2020-07-14,5.872163302473005,0.29666064063379893,-0.07853623811802432,2526.465216314776,8.631616310289768
2020-07-15,5.877143682527293,0.2961137805401366,-0.07858977232999885,2524.3943237344197,8.854229870669572
2020-07-16,5.8821933198285326,0.29555938982766905,-0.07864408167674777,2526.6290860184886,9.236849020418658
2020-07-17,5.887393959358283,0.2949888301616951,-0.07870036107668045,2532.2523459540866,9.57794172580899
2020-07-20,5.89274261431935,0.29440250113744015,-0.07875867360685554,2542.7952493239854,10.2031317993452
2020-07-21,5.8983677235982475,0.2937869151329411,-0.07882096013158352,2551.3408882385224,10.7539181857782
2020-07-22,5.904221745328909,0.293147220372746,-0.07888663667470426,2547.8629517543295,11.255984080627401
2020-07-23,5.910250951520834,0.2924885386705307,-0.07895435192604155,2550.2239655636217,11.825080405035315
2020-07-24,5.916500493749479,0.29180629678965386,-0.0790249748139186,2550.90638961,12.239320567060608
2020-07-27,5.922872735614582,0.2911111677191838,-0.07909739263844828,2548.073343922562,13.218091107179442
2020-07-28,5.9296073348199005,0.29037697020073827,-0.07917424846650901,2545.598084697604,13.743407390407247
2020-07-29,5.936461218116988,0.2896303981746915,-0.07925292549443608,2546.171589261734,14.619926336001576
2020-07-30,5.943547464014098,0.2888598921578775,-0.07933538128410215,2531.417008883785,13.87416572945761
2020-07-31,5.950147964526289,0.2881417577030765,-0.07941158623267466,2535.9092240668974,14.81365233297456
2020-08-03,5.957000320120137,0.28739798286434515,-0.07949218158905848,2556.1068669048777,14.626271613902553
2020-08-04,5.9636677175994395,0.2866771530845371,-0.07957322995288389,2562.0807529138165,14.768435641845334
2020-08-05,5.970262958539761,0.28596579958694857,-0.07965484171221544,2566.4042353424625,16.613741466984532
2020-08-06,5.977451719438513,0.2851923824029731,-0.07974544673006956,2562.644370328072,16.617820037877884
2020-08-07,5.984454112026114,0.2844402385724947,-0.07983461786368068,2569.1050647555635,15.695930103302459
2020-08-10,5.990939602884119,0.2837457234141293,-0.0799190114308569,2571.000113306212,15.160632808862285
2020-08-11,5.997076683974163,0.28309002236242997,-0.08000011261373628,2577.0746276325385,16.629528992769572
2020-08-12,6.003614610786232,0.28239362459437156,-0.08008833728156367,2577.8472855831087,18.47055553212058
2020-08-13,6.010596685919415,0.28165231229473914,-0.0801845102135538,2576.335983899942,19.566703226997895
2020-08-14,6.0177368509865055,0.28089635205702107,-0.08028455842821192,2568.9688771197425,19.19140115986999
2020-08-17,6.024502219350824,0.28018187542052686,-0.08038066707959299,2530.3849382493877,20.632238749879804
2020-08-18,6.031406747343969,0.27945098051257716,-0.0804765251700697,2558.5814766160715,19.234037605665556
2020-08-19,6.037798901756623,0.27877884501050876,-0.0805694787942315,2570.750155043838,18.896812823410226
2020-08-20,6.043948427897526,0.27813536334340383,-0.08066167450384151,2564.512700293667,16.735237835132864
2020-08-21,6.049268844115804,0.277580095624399,-0.0807425056345387,2557.9534971630524,17.109634843727186
2020-08-24,6.054527347465091,0.27703268930921854,-0.08082340646395773,2568.1447587991647,17.961419021275194
2020-08-25,6.0598763859159535,0.27647904848934834,-0.08090846625751454,2570.0373869383207,17.86015313997047
2020-08-26,6.0650315774481545,0.2759479450101162,-0.08099247786463976,2570.3012107500695,18.739779883983676
2020-08-27,6.070216374862644,0.27541674266825555,-0.08107936759000592,2578.5019706415587,16.812398605636126
2020-08-28,6.074762302954718,0.27495404413762237,-0.08115816101693066,2594.9658140858423,14.844287497862773
2020-08-31,6.07870124263549,0.2745564550181907,-0.08122938575429445,2600.7190717464414,14.053072176231996
2020-09-01,6.082325934938131,0.27419302790525346,-0.08129700105599866,2612.8372600844427,13.860899239620172
2020-09-02,6.0857980475741575,0.2738478123030337,-0.08136431645430119,2584.7290700430567,14.383361655415206
2020-09-03,6.089210784992872,0.2735090538167122,-0.08143054365589072,2585.8813972395906,13.381843542004802
2020-09-04,6.0922929083351836,0.27320513690921927,-0.08149201717227193,2600.9858917204024,12.324715381964758
2020-09-07,6.095097333477219,0.2729306803335585,-0.08154982972691821,2594.879921559092,13.002916845500145
2020-09-08,6.0979628663236545,0.27265128647791587,-0.08160967376322084,2582.0292916326184,11.88060528056274
2020-09-09,6.100523498909485,0.27240191803650826,-0.08166323524281692,2592.210857860995,10.950464977730867
2020-09-10,6.10286436598839,0.2721752066857817,-0.08171333199232272,2602.74653945909,11.326629622651495
2020-09-11,6.105239496423078,0.27194677411401524,-0.08176558297265892,2596.6678712291177,12.086340815790475
2020-09-14,6.107682744827161,0.27171300903582774,-0.08182025578726658,2596.9919883105595,12.760455680304993
2020-09-15,6.110177739467175,0.2714759420264077,-0.08187743580813946,2599.094037616936,14.677651399363834
2020-09-16,6.11295553422684,0.271213634996818,-0.08194245560035411,2605.425884218763,14.185170954961057
2020-09-17,6.115593370613746,0.2709662435675153,-0.08200567073964396,2605.5900944797963,14.052475341226112
2020-09-18,6.1181347808517295,0.2707295692814159,-0.08206794324338088,2601.4567667254264,13.466809741203356
2020-09-21,6.120499863781831,0.2705107526210385,-0.08212701334668687,2592.601241226891,10.455474388526941
2020-09-22,6.12230883741686,0.27034401337043323,-0.08217261047573947,2594.3722614933167,11.189132061549012
2020-09-23,6.124192682171152,0.27017159964002535,-0.08222111333126264,2592.322475342851,12.501049840039258
2020-09-24,6.126212768336796,0.2699883862226239,-0.08227445966105,2590.571193125458,12.436979447989206
2020-09-25,6.128142374434927,0.2698153800468275,-0.08232702599369714,2590.410106013975,11.829010907370652
2020-09-28,6.12992752355179,0.26965679884100624,-0.08237685356584779,2587.862667899362,13.111489118395259
2020-09-29,6.131839261747833,0.2694882780074994,-0.08243124244776022,2596.3495053357865,12.085063818233266
2020-09-30,6.133562515376421,0.26933837395480725,-0.08248200020309483,2602.0517972713183,11.673795388978125
2020-10-01,6.135203563948054,0.2691967823512035,-0.08253134708096456,2616.1717534497525,10.459108664766914
2020-10-02,6.136675000753652,0.2690709129846579,-0.08257662479873194,2617.1421123517234,8.989878178103972
2020-10-05,6.13793356619816,0.26896369670931936,-0.08261572136124415,2620.5439896394714,9.976402281134632
2020-10-06,6.139300065138958,0.268848202769963,-0.08265895393962978,2631.197253456605,9.949567490596834
2020-10-07,6.140626717703961,0.26873791973232486,-0.08270254012431226,2641.546102951145,7.6104633125372745
2020-10-08,6.141632625641417,0.2686554488962662,-0.08273660793450772,2658.4366408899273,7.070071041721504
2020-10-09,6.142555945513283,0.2685809572550442,-0.08276898658587811,2657.77714085656,6.633846624424544
2020-10-12,6.1433976204234435,0.26851396260606747,-0.0827992518248161,2659.051367509799,7.035916446601376
2020-10-13,6.144267490561402,0.268445534468673,-0.08283121008876985,2666.4716946897734,6.103882731414578
2020-10-14,6.14502071359816,0.26838669597303993,-0.08285926536007285,2665.546329920745,7.148015697214327
2020-10-15,6.145874566848317,0.26832084898838815,-0.08289176983220478,2657.698191994025,6.004888308489087
2020-10-16,6.146577495209048,0.2682670274405661,-0.0829188059287901,2665.407119710256,5.032359945985454
2020-10-19,6.147160260056724,0.26822298897410757,-0.08294173779006775,2668.6247298343037,4.708240494102656
2020-10-20,6.1476959953745425,0.26818300083147706,-0.08296324433895351,2669.540337751409,5.0015974795517115
2020-10-21,6.1482532012917375,0.2681418776990206,-0.08298600486272573,2674.59098531048,4.17405933477939
2020-10-22,6.1487168491877044,0.2681078938594822,-0.0830051568518339,2666.3217566044004,5.1324729679240955
2020-10-23,6.149272287282911,0.2680674009580011,-0.0830282439623477,2673.2908477764877,5.364517382865119
2020-10-26,6.149854252755436,0.2680250572237184,-0.08305253507453712,2670.9225772769028,4.293176586196856
2020-10-27,6.150325952179832,0.267990451902585,-0.08307197659187221,2665.445854577242,3.6610815130677654
2020-10-28,6.1507154145237415,0.26796235271193386,-0.08308840343939543,2652.3488508433097,1.5499902715896186
2020-10-29,6.1508794742850315,0.26795048455675574,-0.08309527809058471,2642.9813832947475,2.4993977302596004
2020-10-30,6.151144698975875,0.26793102856907236,-0.08310614641936465,2633.982353468353,2.1491277820106847
2020-11-02,6.151372869129868,0.26791415391398243,-0.08311536447069151,2611.9003988207023,4.81027535491112
2020-11-03,6.151869776670314,0.26787699083619443,-0.08313499598548399,2618.364348832137,6.418344767137585
2020-11-05,6.152536674826123,0.2678269236912193,-0.08316122634027993,2671.158368855842,7.121690475643394
2020-11-06,6.1533207743455725,0.2677683277697274,-0.08319264740062961,2679.9738069740597,8.046578383145642
2020-11-09,6.154219730132842,0.26770074219717777,-0.0832283926832947,2691.079479343535,11.024219943471735
2020-11-10,6.155460901081991,0.26760687399454774,-0.08327738426037286,2682.1144391360845,11.800225830999956
2020-11-11,6.156791163581428,0.2675051732376347,-0.08332888327561705,2689.331440065977,12.110763109437816
2020-11-12,6.158164072384492,0.26740017025241547,-0.0833820662567982,2692.2345974522905,12.391022790636331
2020-11-13,6.159566081521908,0.2672930267543636,-0.08343647117289071,2697.370199006685,12.154423635066713
2020-11-16,6.16094608437861,0.26718763194859335,-0.08349012356919401,2700.0010247367363,14.064401153339933
2020-11-17,6.162539885224189,0.2670654747936469,-0.08355174817544216,2698.1943565102692,13.120835518595197
2020-11-18,6.164037862003691,0.2669501224681826,-0.08360918885327001,2698.7043607921296,14.154037943443054
2020-11-19,6.165650212110793,0.2668256398994809,-0.08367074319779715,2692.7438709542516,13.137013618766048
2020-11-20,6.1671387268328335,0.2667106883912167,-0.08372747248929265,2695.399441395146,13.19435454140978
2020-11-23,6.168643861001818,0.2665940354483023,-0.08378450788035186,2700.3905913307235,12.837750575128526
2020-11-24,6.170121461482421,0.26647926646845765,-0.08384033693765694,2698.2580517234132,14.734763712560639
2020-11-25,6.171818820172718,0.26634637710197606,-0.08390355670170457,2694.691135290343,16.32205112302294
2020-11-26,6.173665370988314,0.266202082936087,-0.08397250622436292,2691.2755515598105,16.622023270003595
2020-11-27,6.175518693463934,0.2660577152357707,-0.08404203136888569,2690.2319283762126,16.818180873233434
2020-11-30,6.177366123028707,0.26591455899710786,-0.08411193719827438,2686.7149089009645,15.664672485522324
2020-12-01,6.179077226650733,0.26578219938843206,-0.08417682231228003,2685.0306671396675,17.234787614299574
2020-12-02,6.180948637505104,0.26563696466378617,-0.08424735586965064,2688.1876423857125,18.65280346163951
2020-12-03,6.182958602236671,0.26548118568740287,-0.08432332078505311,2687.1970481852986,17.694011391378783
2020-12-04,6.1848466530583455,0.26533562572649744,-0.08439529219677884,2695.303262528172,18.158132492028333
2020-12-07,6.186766064854441,0.26518884990782143,-0.08446956802215919,2696.5965616861063,18.48565133533382
2020-12-08,6.188692152581299,0.2650425293902523,-0.08454491377482372,2705.237433570411,17.535339432424802
2020-12-09,6.190490676599742,0.26490809608517435,-0.08461721150940696,2702.246200130591,18.851494724825237
2020-12-10,6.192363001533075,0.26476982071551747,-0.08469381670609474,2697.0010081367063,20.8123389709479
2020-12-11,6.19435439639905,0.2646245269898876,-0.08477667361074245,2700.8510355979965,21.31657602784194
2020-12-14,6.196355958753483,0.2644802252475521,-0.08486144779717099,2700.434492439724,20.529863216915277
2020-12-15,6.198232125176564,0.26434738718798634,-0.08494290917686084,2700.026908008119,20.299171477376742
2020-12-16,6.200028792980717,0.2642227977033393,-0.08502308133600452,2699.4692102362465,21.13307266482314
2020-12-17,6.201837967859849,0.26409974125313723,-0.08510578741082267,2708.098981405637,21.21676580285601
2020-12-18,6.203619720878589,0.2639810236255065,-0.08518943072714316,2696.615962482962,21.402159059595217
2020-12-21,6.205304820052986,0.2638729844233178,-0.08527186475348209,2685.037544004,18.6717112062569
2020-12-22,6.2067004921562186,0.2637871513492257,-0.08534298866757353,2682.6878723300765,20.64243602029403
2020-12-23,6.208137041096658,0.2637037251845711,-0.08542022745618257,2675.4544711810395,21.553180404688742
2020-12-24,6.2095476938494745,0.2636258261284676,-0.08549926806696244,2670.293127205816,21.21815268225098
2020-12-25,6.210875096968296,0.2635557457903465,-0.08557620470965817,2678.7546348359365,21.188777717180752
2020-12-28,6.212169350890206,0.2634902565442204,-0.0856537035921383,2684.9641602120855,21.377784042472104
2020-12-29,6.213437423588562,0.26342909585920804,-0.08573221683027779,2693.8659431921933,21.560243495990818
2020-12-30,6.214661782920207,0.2633746537741293,-0.08581198792308899,2693.798519914211,22.095991058185938
2021-01-04,6.215825506605791,0.2633292693500781,-0.08589307676958616,2703.069038173163,23.952069025377277
2021-01-05,6.216999034141983,0.26329070592274045,-0.08598099178186606,2719.1153659282336,23.53834052396948
2021-01-06,6.2181151580708764,0.26325913113254784,-0.0860691304186557,2716.404661681271,24.09896240987748
2021-01-08,6.219181802046928,0.26323500727689236,-0.0861583453942671,2707.352444559871,27.608801245736725
2021-01-11,6.220237224441435,0.26322396253645186,-0.08625711118039248,2693.7553876810307,29.27974143182903
2021-01-12,6.221181600917345,0.2632299379631183,-0.08635835719178181,2694.0437615935566,28.863905237622454
2021-01-13,6.221993352810681,0.26324998092940266,-0.08645773379591258,2685.3933591541013,29.22725038290599
2021-01-14,6.222637381879189,0.2632897468514372,-0.08655615104450294,2688.2430806468337,29.856188420284013
2021-01-15,6.223153269814329,0.2633471529066775,-0.08665617625893252,2670.0202500198934,29.248083417130943
2021-01-18,6.223483371463687,0.2634215644603075,-0.0867509300785056,2668.11455799683,30.12634669654708
2021-01-19,6.223673759116116,0.26351508241585125,-0.08684720651176105,2682.3737207842883,28.365036285594392
2021-01-20,6.223763048836443,0.2636164550819589,-0.0869400251175271,2678.1414620026067,29.447979099941435
2021-01-21,6.223701327991048,0.2637387140151908,-0.08703464335158607,2671.266587245623,28.12910610801891
2021-01-22,6.223514522583687,0.26387008194551465,-0.0871239130354116,2651.002591619851,27.609079323190056
2021-01-25,6.2231287539194255,0.2640203018947122,-0.08720808814674347,2651.6832092146124,28.125410614425594
2021-01-26,6.222572668759671,0.2641924634951457,-0.0872930815728153,2668.5285541058515,27.06478237914707
2021-01-27,6.2219241185891905,0.2643742424491394,-0.08737700810962921,2659.9286799197503,25.70337036633916
2021-01-28,6.221130784381035,0.264567272955411,-0.08745535056545765,2667.0938606948816,25.305301371331446
2021-01-29,6.220247308429027,0.26477042914153015,-0.08753304470997646,2672.3901662202848,22.627303506170392
2021-02-01,6.219323934577041,0.2649694411252946,-0.08760338976437718,2678.241334325825,22.884370344782834
2021-02-02,6.218225923740254,0.26519075577382767,-0.08767452153939981,2679.152928128575,25.422105051210387
2021-02-03,6.216845915303381,0.2654546296659151,-0.0877521630773365,2673.1092302194647,25.0775674335425
2021-02-04,6.21529552062924,0.2657366891603793,-0.08782739313097244,2686.042572878339,25.53784642313377
2021-02-05,6.2135595704167566,0.2660439893891701,-0.08790487879435135,2708.37594518473,25.26805985084881
2021-02-08,6.21171797375156,0.26636559748191946,-0.08798389262102693,2709.876954020793,27.160755210199827
2021-02-09,6.2095383559828585,0.2667343356119796,-0.0880675555502131,2696.826541401404,27.070093214791434
2021-02-10,6.207140800853205,0.26712680360052643,-0.08814839483171609,2693.2642188510235,26.228239182947032
2021-02-11,6.2046149718340615,0.2675309704249248,-0.08822578094057391,2679.738185100847,27.412447192915156
2021-02-12,6.201796302856377,0.2679721554227455,-0.08830370166540273,2656.882003433828,28.988791958797822
2021-02-15,6.198609127515197,0.2684591448147073,-0.08838148507205643,2639.1249442994895,31.93388238479975
2021-02-16,6.19488534822542,0.26901662728840886,-0.08846247274347885,2623.8583088509768,33.210699229053354
2021-02-17,6.190775316115671,0.26962142223446744,-0.08854285664271597,2613.7321216651485,31.49013900515918
2021-02-18,6.186583049940756,0.2702290775819645,-0.08861706829368528,2638.276622532238,28.878449324108058
2021-02-19,6.182551884640844,0.27081300580062195,-0.08868874212006529,2622.9654036922616,31.82331704157204
2021-02-20,6.177909968300898,0.2714763822147283,-0.08876350748980266,2633.354217647604,30.8718734799994
2021-02-22,6.1732183387705675,0.2721442001980985,-0.08883718032294782,2627.346252360638,30.699560323069576
2021-02-24,6.168338853469195,0.27283279104846936,-0.08890878259124024,2635.8403532710295,28.44025230127012
2021-02-25,6.163580190455804,0.2735010616950404,-0.08897615931886578,2611.835955885485,30.550312408269022
2021-02-26,6.158191997849362,0.2742472095531324,-0.08904325413621918,2596.641012309024,28.8834299441358
2021-03-01,6.152835686713715,0.2749822048593124,-0.08910410947595819,2609.0789819519423,29.78372917889578
2021-03-02,6.147185737537804,0.27575652107977644,-0.08916784643431752,2614.578478282258,30.426377648468538
2021-03-03,6.141264940307217,0.276565672606035,-0.0892329329069209,2639.0268894412393,29.443167618624667
2021-03-04,6.135394976832188,0.2773691623986413,-0.08929911913645171,2645.280550897336,28.43855064248193
2021-03-05,6.129502235617627,0.2781729334830396,-0.08936339500023618,2632.967395049611,29.668525573810633
2021-03-09,6.123102993342337,0.27903900195412923,-0.08942734729388703,2632.4158192847253,32.14933501445187
2021-03-10,6.115974874819541,0.27999921754597584,-0.08949490534615719,2618.091972452925,32.27419190913348
2021-03-11,6.108499770433774,0.28099875226408144,-0.08955932249262323,2612.833589584308,34.279887321801894
2021-03-12,6.100342876930515,0.28208431581281257,-0.08962529390920457,2610.1062176237756,35.607508081504015
2021-03-15,6.091622939553469,0.2832400812143362,-0.08969190200353573,2602.51725177768,37.731651828689
2021-03-16,6.082160909564035,0.28448861909883055,-0.08975940874267091,2608.76989414746,37.60623380595811
2021-03-17,6.072502720026206,0.28576101362945594,-0.0898268656321417,2596.850465511812,35.083249751488
2021-03-18,6.063090411563068,0.2869948169618173,-0.08988722757713401,2586.8151852744268,35.48899898034972
2021-03-19,6.053313008630531,0.28827128037640404,-0.0899454232549702,2569.5183070332005,35.249474210307575
2021-03-22,6.043333855535453,0.289567928175523,-0.08999932259305705,2564.193817183109,36.06888748499178
2021-03-23,6.032897781784085,0.290919986277008,-0.09005234393874782,2526.4233253775596,37.23788745822496
2021-03-24,6.02183736964067,0.2923423821797425,-0.09009882228293216,2541.6121235871865,37.130680470663904
2021-03-25,6.010628373616409,0.2937846716384156,-0.09014708028634721,2563.1449972863975,34.182810712667
2021-03-26,6.000111405322214,0.2951404257881547,-0.09019502556547618,2594.555696831768,34.50588107480053
2021-03-29,5.989426763512452,0.2965218918880963,-0.09024797599811928,2598.2328462142964,35.83578566264145
2021-03-30,5.9782035362175785,0.29797142216080397,-0.090302426606312,2583.493545284825,36.45205370975102
2021-03-31,5.966544741669281,0.29947163337954125,-0.09035401830597527,2601.1731612030967,36.15856309857821
2021-04-01,5.954843525608016,0.3009787883071871,-0.09040752812178202,2591.0549539047074,36.14300208816543
2021-04-02,5.94290424267266,0.3025121846490675,-0.0904582271269714,2597.5684711751182,36.98272209125986
2021-04-05,5.930521110201782,0.3041014375943623,-0.09051007740155431,2603.970122843741,35.367528570201024
2021-04-06,5.918424161042854,0.3056529901703437,-0.09056011962350702,2570.75571679805,35.909062738630816
2021-04-07,5.905828557786317,0.30725941752689023,-0.09060385639483691,2567.4031711811676,36.33776102214685
2021-04-08,5.892919564353315,0.3089033041620096,-0.09064654264451329,2563.870512349606,36.817752031685934
2021-04-09,5.879697525026274,0.31058466762723436,-0.09068821387051293,2567.29375879948,35.78617515239628
2021-04-12,5.866661541606766,0.3122414787399511,-0.09072866960600397,2580.3851104027267,36.51644422371558
2021-04-13,5.853267797505634,0.31394457471701576,-0.09077128969387373,2583.7953918460003,36.477524928188096
2021-04-14,5.83976025845288,0.3156612775115617,-0.09081365838434655,2632.9444714403776,35.851326862325664
2021-04-15,5.826428243159238,0.3173632441688389,-0.09086305232612203,2627.61313046972,35.808044137840135
2021-04-16,5.8129033909339745,0.3190867279544691,-0.09091045670986145,2658.123157398089,35.37521728385011
2021-04-19,5.799450580894182,0.3208049442757548,-0.09096163278976707,2645.5320894642537,35.09872037589936
2021-04-20,5.785866763338282,0.32253548686876965,-0.09100932634691819,2639.724994409682,34.57500336297039
2021-04-21,5.772298756990692,0.3242612952040944,-0.09105455351940639,2658.14475544719,33.992702718735025
2021-04-22,5.758840899578984,0.32597478349507286,-0.09110126205813347,2678.8067814907067,34.40125748809966
2021-04-23,5.7451886663733305,0.32771530791898307,-0.0911510363622427,2684.51842174958,33.99684542509558
2021-04-26,5.731608181369004,0.3294464861853935,-0.09120049549620744,2692.9911861484634,34.08807346170528
2021-04-27,5.717916833416445,0.3311919182906249,-0.09125063974643162,2691.679655288292,33.767775557019554
2021-04-28,5.704228246266968,0.33293536696886744,-0.09129936008391025,2690.6568694302728,32.983140312411564
2021-04-29,5.690691119770144,0.3346578280757383,-0.09134608435415925,2699.311440620046,32.29484920716341
2021-04-30,5.677318307143131,0.336359472756146,-0.09139249263517527,2703.338564347269,31.097156928093163
2021-05-04,5.664268580020258,0.33801917459272546,-0.09143715643066397,2714.6645091551277,31.77355757722409
2021-05-05,5.65088789015254,0.3397214140275481,-0.09148355485181685,2719.0992578565774,33.998786159507844
2021-05-06,5.636553596963864,0.3415439399684281,-0.09153248629026044,2727.764285636962,34.112394507935086
2021-05-07,5.6221132294872875,0.34338016297978247,-0.09158212584457319,2734.254077314814,34.68719057800955
2021-05-10,5.607371957381941,0.34525431265967343,-0.09163264018181828,2735.379875645426,35.073743610408
2021-05-11,5.592409705571938,0.3471554829760947,-0.09168300459469249,2729.2509762744908,33.81143880674389
2021-05-12,5.577800064406544,0.3490094281039624,-0.09172998444216128,2726.0023015562033,34.04757574540371
2021-05-13,5.562968222057164,0.35088944583402293,-0.09177579997638212,2717.2047057677837,33.864776263598
2021-05-14,5.548094374163977,0.352772035361921,-0.09181921067192786,2730.8811537214265,33.202427906574016
2021-05-17,5.533438043720984,0.3546282444586886,-0.09186322437176793,2729.747875916265,33.331361189477306
2021-05-18,5.5186365738203405,0.35650135632105884,-0.0919063811113028,2736.2593925499114,34.78108142968135
2021-05-19,5.503199661807857,0.3584546591420604,-0.09195132345688403,2729.349505703215,33.17312394051588
2021-05-20,5.488326172206324,0.3603346417365829,-0.09199273605699781,2742.06257014022,32.60674791290625
2021-05-21,5.473705749698732,0.36218411119805094,-0.09203491548413945,2747.7453654379324,33.21758435271156
2021-05-24,5.458824851363649,0.3640665946676914,-0.09207798891292739,2746.150341374348,33.368881696660765
2021-05-25,5.443823297223036,0.36596304796237616,-0.09212025695860238,2747.021530999827,34.20935942421022
2021-05-26,5.42844498155691,0.36790627746491994,-0.09216285450391912,2754.979428584691,34.70336516837329
2021-05-27,5.412885150666357,0.3698730818785062,-0.09220662770945871,2750.040666616161,35.949989590529526
2021-05-28,5.396826869883146,0.3719013615719612,-0.09225035873814755,2755.921040296117,35.364908698514874
2021-05-31,5.380975302237102,0.37390362868051236,-0.0922937001924803,2751.3699683257437,35.26461518603681
2021-06-01,5.365124508817374,0.3759041903500995,-0.09233554337039315,2752.851680414101,36.75237306768766
2021-06-02,5.3486197376267635,0.37798626107561084,-0.09237824542193723,2749.2515512144964,38.86252053994548
2021-06-03,5.331211650731599,0.3801802780829925,-0.09242146946429551,2747.9076157298064,38.48536894823245
2021-06-04,5.313888540838312,0.3823622143167866,-0.09246325198976087,2738.5547004214814,39.03063537178979
2021-06-07,5.296293036143393,0.38457575351159345,-0.09250313806218904,2731.606852192791,39.92533357908845
2021-06-08,5.278311533721035,0.3868356520413633,-0.09254182518379477,2717.0850574220954,40.12921640415621
2021-06-09,5.2601840752920825,0.38911024559433627,-0.09257734171566576,2720.796568148631,41.2556912557106
2021-06-10,5.241588568147596,0.39144319563069185,-0.09261351160540825,2731.3730310196815,40.13867591608429
2021-06-11,5.223463749738665,0.39371841529991647,-0.09265008564861787,2749.991646075335,39.69242435635976
2021-06-14,5.205556960329751,0.3959689167748472,-0.0926888579631321,2756.480025219251,40.0401949110065
2021-06-15,5.187481901837448,0.3982406346492489,-0.09272816622793367,2739.485352267779,39.52985719875346
2021-06-16,5.169515597657715,0.400494547544325,-0.09276328931201863,2730.69072227229,40.24546861950067
2021-06-17,5.151180884853732,0.4027918330049701,-0.09279647538984334,2744.7920725836525,39.13877259216716
2021-06-18,5.1332734304061,0.40503712141368603,-0.09283047926617466,2761.0210255227626,37.7370894624014
2021-06-21,5.1159500072158055,0.40721124808513887,-0.09286544430237303,2757.3776319924564,38.29988158874107
2021-06-22,5.098328591066243,0.40942094064913614,-0.09289933953169097,2758.7270834540213,38.53055718781449
2021-06-23,5.080568629518896,0.4116471639175312,-0.09293277961588392,2770.9876367802976,38.475897512791214
2021-06-24,5.06278742553341,0.41387695014663356,-0.09296726700313576,2775.177787165122,37.77279487040326
2021-06-25,5.045236697212387,0.4160774215124746,-0.09300101234759724,2776.9441887268886,37.98764899761045
2021-06-28,5.02753439682058,0.41829597769996685,-0.09303427310316568,2762.676481645186,38.47332561074457
2021-06-29,5.009547358971029,0.4205466154524795,-0.09306465000180744,2749.030790041649,37.89769156941916
2021-06-30,4.991671715997152,0.4227796684810407,-0.09309140808775006,2758.255897883454,39.285481196579376
2021-07-01,4.973216706621045,0.4250856858205526,-0.0931197074000607,2757.188245312517,39.93676371424808
2021-07-02,4.954447028814022,0.427429719326383,-0.09314731837609558,2764.330115597031,39.83206919428142
2021-07-05,4.935670431179841,0.4297746692892589,-0.09317511130671265,2773.9387741117175,39.96667973478614
2021-07-06,4.916810534558567,0.43213058927621373,-0.09320368977935972,2770.4721165544115,40.203540645297565
2021-07-07,4.89778700133654,0.4345051401257207,-0.09323085648584405,2774.703650235367,40.37895541275531
2021-07-08,4.878659698782481,0.4368923106595172,-0.09325794206907637,2768.441577435005,39.4676352020886
2021-07-09,4.859836815274906,0.4392392980523219,-0.0932825493585932,2780.09863111716,38.675295791602004
2021-07-12,4.8413516685476194,0.441545325690763,-0.09330790670027077,2782.077750776287,39.30631517823624
2021-07-13,4.822549369582927,0.44389005356759115,-0.09333297026705882,2788.604620843217,39.031183231263
2021-07-14,4.80385609176492,0.4462214080910864,-0.09335817567278114,2792.588053953252,37.25081988280117
2021-07-15,4.785879179499095,0.4484631720315943,-0.09338224470497618,2801.717359017856,35.63002662524395
2021-07-16,4.768581260291748,0.45062089485135554,-0.09340608627704795,2810.5739539172023,34.14164017087686
2021-07-19,4.751924232104523,0.4526993177077475,-0.09342972568195579,2811.0505430567714,31.389313120771178
2021-07-20,4.736449563200701,0.4546297052467861,-0.0934512290426518,2832.0589545407393,30.802361796197996
2021-07-21,4.721316710519045,0.45652008564948415,-0.0934748321943436,2853.8671412960143,30.453164624520966
2021-07-22,4.706395861122564,0.4583864935032501,-0.09350058832876071,2876.328869432566,30.528884923394205
2021-07-23,4.6914856101376845,0.46025401702447577,-0.09352876248230237,2880.4226607205283,29.652500340551313
2021-07-26,4.676926404453658,0.462077273772144,-0.0935560566484082,2881.6393487369583,30.13772877732579
2021-07-27,4.662129052730595,0.4639296962186559,-0.09358322587321315,2895.95016465509,28.9076050258833
2021-07-28,4.6478937333952315,0.4657130307529945,-0.0936106472548514,2904.982110427746,30.19976909403672
2021-07-29,4.633107095568491,0.4675659639730306,-0.09363970393425036,2905.5267414048203,30.93426213522332
2021-07-30,4.618004832090715,0.46945789556477757,-0.09366888171843388,2914.1446206865667,29.423226741280374
2021-08-02,4.6035821321532335,0.4712653085724387,-0.09369737519197363,2908.380327551543,30.247752129071117
2021-08-03,4.588816593633862,0.4731145092232243,-0.09372540872586635,2908.151132895442,30.450235446425687
2021-08-04,4.573991692639302,0.47497072532289963,-0.09375315579920857,2907.529255257687,31.060418157762413
2021-08-05,4.558948731607222,0.47685388237774246,-0.09378095173982723,2913.0558124313347,31.605786049125605
2021-08-06,4.543710323573309,0.47876182430709546,-0.09380943718858241,2910.775232353474,30.733557084832675
2021-08-09,4.528837882400877,0.48062304156647784,-0.09383639110600761,2903.9640669661676,32.06465064860875
2021-08-10,4.513455418798884,0.4825470296092474,-0.09386320563554794,2899.0044766292363,33.229183712432246
2021-08-11,4.49757368734811,0.4845320871783632,-0.0938895851369212,2904.7196646843954,33.485170604967315
2021-08-12,4.481619337663097,0.4865265442178385,-0.09391642293408194,2904.7302625468697,33.88024527242144
2021-08-13,4.465527553182557,0.48853771407179175,-0.09394304891717231,2918.4821203791166,32.70596975584314
2021-08-16,4.449989570013538,0.4904812385487812,-0.09397030001498324,2935.1841236331366,32.71092496842858
2021-08-17,4.434519345048652,0.49241823591803385,-0.09399935015443868,2944.5620188807925,33.908200089421484
2021-08-18,4.418570172846559,0.4944158076101299,-0.09402994683505281,2939.666708252118,33.52432059666546
2021-08-19,4.402763485565212,0.4963941349095442,-0.09405894375586886,2936.4088158276986,31.248073470780046
2021-08-20,4.387929295377225,0.49824999331103514,-0.09408541587280096,2938.0670074722634,30.449713714917117
2021-08-23,4.373491097561811,0.5000564042133366,-0.09411124955647086,2937.6549937193836,32.18060011477715
2021-08-24,4.358367823833036,0.5019481096898354,-0.0941379065125646,2934.5644238794,32.51949653431152
2021-08-25,4.343128302270773,0.5038535329861711,-0.09416397038549473,2937.7671434505564,32.29911733014157
2021-08-26,4.327993392975909,0.5057457520338771,-0.09418976546852027,2924.382764943495,31.705399381069732
2021-08-27,4.3130631695532715,0.5076098865927604,-0.09421281414453105,2940.434176719849,32.20428570642247
2021-08-30,4.298017736322044,0.5094904109914813,-0.09423799075216863,2940.0830295655414,33.6186754079703
2021-08-31,4.282430838141194,0.5114381843879973,-0.09426365940436691,2948.315534326021,32.922000863651334
2021-09-01,4.2671778548792325,0.5133450090564677,-0.09428954535340739,2950.402902768123,34.592465194306676
2021-09-02,4.251310636786898,0.515328665542002,-0.09431650575815623,2942.2666282196387,35.63590606385014
2021-09-03,4.235019229484545,0.5173635225939961,-0.09434242527956682,2950.166488340902,35.64319219999184
2021-09-06,4.21879691215551,0.5193906511777304,-0.09436910504751728,2944.2835712429683,36.81596566798832
2021-09-07,4.202134863129244,0.5214713893398797,-0.09439520195325424,2941.794982488708,36.31677339416337
2021-09-08,4.1856753548527035,0.523525872800761,-0.09442006473118696,2944.5790779360877,36.432742801930516
2021-09-09,4.169207854210528,0.5255813172979322,-0.09444491357133045,2947.5124007112395,35.48916703578067
2021-09-10,4.153139457251443,0.5275868896851059,-0.09446911986328253,2961.298961779843,35.16568410216383
2021-09-13,4.137276449290242,0.5295685302647453,-0.09449468064523787,2963.7182753399875,36.35439082132097
2021-09-14,4.120999704546776,0.5316018645166475,-0.09452091441370152,2955.5902730385646,37.22132045827995
2021-09-15,4.104376422982812,0.5336765956523307,-0.09454588356952599,2945.0954617332395,38.044082197843785
2021-09-16,4.087401600513418,0.5357927652043495,-0.09456904283718022,2944.9387365196335,37.35769609864792
2021-09-17,4.070724049952038,0.5378714206501622,-0.09459135449195896,2941.978160129643,37.15839412697013
2021-09-20,4.054145829088761,0.5399367896007472,-0.09461265261203862,2919.4157984608014,35.9727518804581
2021-09-21,4.03798091130873,0.5419467544921639,-0.09462960386675437,2927.2846641543088,35.63696242528125
2021-09-22,4.022012759206719,0.5439331278790143,-0.09464719667933277,2935.5072148756303,37.3180069043292
2021-09-23,4.005456211458527,0.5459935591064471,-0.09466628878756024,2922.135093744331,38.67052240927427
2021-09-24,3.988342922558859,0.5481203909778788,-0.0946832437416135,2906.0791764797186,38.9580171346781
2021-09-27,3.971067254141722,0.5502640594221124,-0.09469713087759771,2904.368744508889,40.52003581556616
2021-09-28,3.953185390271568,0.5524818316067668,-0.09471046835414056,2907.861896278515,39.80925315617569
2021-09-29,3.935587427300792,0.5546642878224856,-0.09472352499254133,2916.6403232448242,39.14537105092813
2021-09-30,3.918285372487814,0.5568108944650043,-0.09473721343467809,2906.2513509188616,41.19632146416385
2021-10-01,3.9001787948175988,0.5590547856560484,-0.09474910787968018,2904.7809209851152,40.698734643780135
2021-10-04,3.8822347188172768,0.5612774156812426,-0.09475985638311141,2882.409741820789,42.683392313336995
2021-10-05,3.863398134697891,0.5636053226406732,-0.09476610378744363,2852.46982694088,48.07693880253421
2021-10-06,3.842373973247636,0.5661961516126084,-0.09476596251516724,2849.6432970388205,46.39411200464958
2021-10-07,3.8218892717370476,0.5687186776728839,-0.09476414811857979,2881.3811887470983,46.735878491608275
2021-10-08,3.8013972457980447,0.5712472025043605,-0.09476737203931002,2900.319932079805,46.121810670761135
2021-10-11,3.7811608281966653,0.5737465554760972,-0.09477295988697795,2894.8829468594017,47.84259255259844
2021-10-12,3.7602043523909128,0.5763323638120232,-0.09477644451531762,2897.344304421331,47.162351174262085
2021-10-13,3.739457482301355,0.5788915335392738,-0.09477922935169847,2913.703164021476,45.6538213090508
2021-10-14,3.719284673238449,0.5813817222351014,-0.0947838158264759,2922.9809366186355,45.71186375669796
2021-10-15,3.6990296645436787,0.5838821886763261,-0.09478869198261125,2918.752898307888,46.0151012602245
2021-10-18,3.6785292756573145,0.5864104251911435,-0.09479132308323276,2903.605591235599,46.31222686798062
2021-10-19,3.657733599928144,0.5889704600519325,-0.09478964459440539,2915.5482213041914,46.670872007979725
2021-10-20,3.63676615878081,0.5915523607328073,-0.09478878982883639,2912.9444354166417,47.18852676593372
2021-10-21,3.6155344734113584,0.5941649509227943,-0.09478622208430919,2899.7062308856284,45.484737559485325
2021-10-22,3.5948126308913486,0.5967109348142652,-0.0947800513871645,2835.2232986375257,48.02925759028789
2021-10-25,3.5727416437156405,0.59940847156843,-0.09475973836469995,2766.8898296175316,53.78205356980792
2021-10-26,3.5480815963954426,0.6024060386868583,-0.09472115547535877,2762.419503019985,53.33912880969678
2021-10-27,3.523498515433113,0.6053918673305272,-0.09468048033902328,2781.6889206745013,52.0489932775958
2021-10-28,3.499434686194091,0.6083172751027085,-0.0946433643726973,2729.3578144642443,53.5035083270093
2021-10-29,3.4745224610234917,0.6113332778372471,-0.09459276367601778,2738.598734285449,51.53735185972075
2021-11-01,3.4503207105644935,0.6142637227400092,-0.09454418711658534,2725.1074915491477,54.91095353454114
2021-11-02,3.424643377632615,0.6173681524238738,-0.094488242979114,2734.350472655278,53.87676313176284
2021-11-03,3.3993277503080908,0.62042934642245,-0.09443370295210565,2737.3496331130555,52.88036096582771
2021-11-05,3.374379304657704,0.6234455454750837,-0.09437945620870479,2749.183145215094,51.85456113631781
2021-11-08,3.349810348482228,0.6264168883134359,-0.09432716217065784,2774.0431891538738,52.062160260981315
2021-11-09,3.3252145737128167,0.6293952248279733,-0.09427860179397908,2804.4131218858483,49.31216686021634
2021-11-10,3.301767196200926,0.6322391314283287,-0.09423695427231327,2816.335158674038,48.15246641186148
2021-11-11,3.278762355867116,0.6350302928292069,-0.09419711889130626,2832.6241391616722,47.896430807083966
2021-11-12,3.255904606130293,0.6378055909692781,-0.09415955738651204,2818.4539582630864,46.23832998641686
2021-11-15,3.233554577208464,0.6405151104981183,-0.09411891975092843,2803.6039600334802,47.49372803534702
2021-11-16,3.2105740269971976,0.6432969061277061,-0.0940731719724333,2782.0301073859755,48.09401196133043
2021-11-17,3.187156156752867,0.646125910701459,-0.09402109271456785,2789.7713101682407,48.72258471070836
2021-11-18,3.163416225167902,0.6489937560377623,-0.09396838665233734,2765.90083900574,48.011452264196805
2021-11-19,3.1397584181413483,0.6518455195702056,-0.09390997478251993,2757.389360329999,45.6620547603519
2021-11-22,3.116956512140471,0.6545911820149035,-0.09385092937638191,2695.1715128468095,43.692896037971884
2021-11-23,3.0946367853590937,0.6572662080482172,-0.0937809413778389,2686.6137380261684,47.40972786469928
2021-11-24,3.070644724806372,0.6601387712108346,-0.09370299316100683,2719.8616012811394,45.24856699102495
2021-11-25,3.0476246843605037,0.6628997542650913,-0.09363304441325675,2755.7729571226982,43.25635897530245
2021-11-26,3.0255287958126353,0.6655549679770478,-0.09357100098184878,2764.009670340481,37.878678243934985
2021-11-29,3.0058031462537476,0.6679257767696671,-0.0935160875683115,2804.7979857322484,38.31798296115678
2021-11-30,2.9860581247153397,0.670304718708701,-0.0934668381828283,2811.5018615264953,38.38119950194938
2021-12-01,2.9663372244452044,0.6726811690373323,-0.09341808137325816,2812.3290363342344,40.78331336225103
2021-12-02,2.9456224171272845,0.675176947790699,-0.09336644461164378,2813.171949403594,40.323452351957975
2021-12-03,2.9251599030067097,0.6776418931853612,-0.09331501485108595,2819.3745506554546,38.79177561173215
2021-12-06,2.9054288160002866,0.6800191502500322,-0.09326584417527134,2796.9348979773545,36.22412172536911
2021-12-07,2.886774995635603,0.6822626375050564,-0.09321547926954873,2791.023215219341,38.77347844616952
2021-12-08,2.8669893448338293,0.6846405760326615,-0.09316046218101191,2792.82038678703,35.118248844542
2021-12-09,2.8488384269734306,0.6868216650600686,-0.0931096509645396,2812.655800525849,35.57613410382723
2021-12-10,2.8305706084324638,0.6890191382089117,-0.09306083323086498,2822.0066556975917,33.246673689027226
2021-12-13,2.8133924171808293,0.6910862745862325,-0.09301567657002088,2813.500106410394,28.605291030766054
2021-12-14,2.7983136334830863,0.6928991677629132,-0.09297449836991062,2810.5083678116252,28.780616398527293
2021-12-15,2.783193177213423,0.6947164240210706,-0.09293256885931914,2813.7519382567393,28.7185252813686
2021-12-16,2.768137085983845,0.6965259473130829,-0.09289083718721722,2826.9306133359814,32.66544223999561
2021-12-17,2.7513645763027545,0.6985432040954813,-0.09284576959946624,2857.151956361809,30.31403498542211
2021-12-20,2.735762356968553,0.7004230984536118,-0.09280719081167621,2857.1147559342603,28.41801304548026
2021-12-21,2.721064066569475,0.7021937575125643,-0.09277053342944294,2857.7494788175272,29.22826256723137
2021-12-22,2.7060218859239815,0.7040055125650706,-0.09273271175189403,2878.773973956616,30.1508917996236
2021-12-23,2.6906687884563163,0.7058570862760016,-0.09269642918228958,2889.9531514794544,28.188929225496384
2021-12-24,2.676258584731272,0.7075959054842427,-0.092663325503735,2911.280557999018,27.185268689629627
2021-12-27,2.6623969655544504,0.7092707024702842,-0.0926336134861809,2903.693289355863,28.823178870582367
2021-12-28,2.6477996133697013,0.7110330720736715,-0.09260104820791921,2912.7409242757635,29.690902768472927
2021-12-29,2.6328564036785678,0.7128378616756028,-0.09256838635126226,2910.3505768458417,28.543620475251117
2021-12-30,2.6184470136212123,0.7145775242356959,-0.09253626047540002,2924.864512729672,29.484972159120137
2022-01-03,2.6036732299609384,0.71636250829334,-0.092504648671424,2957.256482109868,30.272772189560527
2022-01-04,2.5886855281339525,0.7181771085099935,-0.09247627292996966,2957.9409445670626,30.95224254272395
2022-01-05,2.573427658784193,0.7200240551538701,-0.09244704753751999,2973.5514434408697,28.299445042907468
2022-01-06,2.559366829957395,0.7217273755509754,-0.09242140095058508,2926.2446745588677,28.26302710199069
2022-01-07,2.545195718115215,0.7234378543119211,-0.09238951602291885,2930.3973991391226,28.721107966725977
2022-01-10,2.5308379884171,0.7251708473508129,-0.09235723348841547,2887.64117902251,29.471764953344138
2022-01-11,2.5160630089216847,0.7269485240462477,-0.09231845803241155,2846.492838133245,32.9808369545179
2022-01-12,2.4996471143919377,0.7289174214810372,-0.09226932181883361,2837.694507153342,34.96695963379257
2022-01-13,2.4823598965453035,0.7309889324352217,-0.09221575954979119,2750.954391621702,33.580186250697054
2022-01-14,2.4653672335457855,0.7330119707143827,-0.09215026664303907,2701.873916166585,33.129084169234304
2022-01-17,2.4483876249087335,0.7350257052842688,-0.09207730358725487,2677.51278327466,32.97228764844999
2022-01-18,2.431392715623441,0.7370371318756258,-0.09200029009852764,2684.175637225486,24.020945344730826
2022-01-19,2.418543068740359,0.7385580650191104,-0.09194223998512038,2730.254342589939,25.879114864434506
2022-01-20,2.404892178315397,0.7401784822203974,-0.09188519612151606,2716.555927733898,29.429324981098425
2022-01-21,2.389519407838824,0.74200086484063,-0.0918186531350777,2697.6047135015046,27.49273393490761
2022-01-24,2.374977154082339,0.7437219058397377,-0.09175293414678254,2630.6314924440826,22.984918613368666
2022-01-25,2.3624132380474516,0.7452013272539777,-0.09168887302408191,2627.439211437225,24.027227188158218
2022-01-26,2.349300456361477,0.7467445097910719,-0.09162123148402256,2639.73036047228,27.197082333790835
2022-01-27,2.334634850931442,0.7484712556075374,-0.09154647682405213,2713.6364803400625,27.35419887806476
2022-01-28,2.3200395617737004,0.7501978416285007,-0.09148013802547636,2715.969839623026,28.44767085057962
2022-01-31,2.3048937211483533,0.7519891137002082,-0.09141094777333675,2741.089600052232,28.79476832616956
2022-02-01,2.2896065749823222,0.753799444795568,-0.09134350475982624,2748.0351544891237,29.11661607399001
2022-02-02,2.2741573213844744,0.7556291163778672,-0.09127556313028712,2773.653716728628,27.766490049800364
2022-02-03,2.259362338320782,0.757383573610453,-0.09121281682105606,2778.955711074956,24.90951137387063
2022-02-04,2.2459051864631876,0.7589792488637315,-0.09115568948726534,2793.3796128671843,24.2584424978058
2022-02-07,2.23277157255951,0.7605374763482462,-0.09110089850727363,2795.2706313476697,24.16615268220561
2022-02-08,2.2196601246414094,0.7620926546471599,-0.09104585464109845,2803.8448756192925,26.670702465860852
2022-02-09,2.2053472360945534,0.7637907295910664,-0.09098620776442044,2811.4394363116357,29.432985573182393
2022-02-10,2.1897100454112977,0.7656460652769055,-0.09092126949857986,2813.757572885111,29.924483730541663
2022-02-11,2.1738192334141373,0.7675309821272812,-0.09085485364472333,2714.3849929709922,30.66016829536389
2022-02-14,2.1572719091099093,0.7694797904453174,-0.09077205910545195,2632.735097418721,32.234344557237726
2022-02-15,2.13971394767317,0.7715353634593354,-0.0906722586027391,2720.6352296736072,32.33269792040163
2022-02-16,2.122332247329187,0.7735816013988597,-0.09058464603007858,2754.3671720896573,32.38648924331957
2022-02-17,2.104969650017184,0.7756292550834851,-0.09050083268116428,2740.8368774718656,28.102479533134517
2022-02-18,2.0895707159890295,0.7774428372353623,-0.09042414153803463,2736.1743934752626,24.01658344920399
2022-02-21,2.076157048392396,0.7790214793330653,-0.09035629321477832,2553.3909828212995,18.935173674204897
2022-02-22,2.0650112366446343,0.7803166530440244,-0.09028369707849312,2503.8922976038466,23.197791013295888
2022-02-24,2.0514759600117687,0.781883698370116,-0.09018992054106147,1777.0210724370136,15.818547788940185
2022-02-25,2.0406425769887817,0.7830729179766736,-0.090051042439346,2092.844754626434,18.04411170674589
2022-03-24,2.0290582178639887,0.7843753924468875,-0.08993294197830176,2042.017539491889,26.272666621737507
2022-03-25,2.0123186782405202,0.7862505598731085,-0.08975586292335233,2099.0573853193805,18.34502559928961
2022-03-28,2.0001411306347676,0.7876201533337732,-0.08963267120664951,2116.007133980568,14.872013471308154
2022-03-29,1.9900308368824258,0.7887584782582298,-0.08953176897937228,2277.9468191158835,5.730738741951091
2022-03-30,1.9860252937883152,0.7892143898357744,-0.08949669675979424,2416.1540580627334,4.009510139222727
2022-03-31,1.9832232828309329,0.7895361289818692,-0.08947497313594242,2588.9648227479925,4.424362055658482
2022-04-01,1.9801805652062034,0.7898891951195737,-0.08945505091695893,2506.5679503866995,10.09635703569327
2022-04-04,1.9733132189386782,0.7906817623944793,-0.08940592356908332,2455.2507230675187,13.539931942964323
2022-04-05,1.9641304953627465,0.7917378016323939,-0.0893366386072175,2491.9087563416724,6.857443845945443
2022-04-06,1.959318497898416,0.792292227947597,-0.08930140504775488,2487.4361970299483,4.984803353674061
2022-04-07,1.9557709182451737,0.7927007382184397,-0.08927523301735914,2512.108517068553,4.907490345015342
2022-04-08,1.9522838002586222,0.7931028064514685,-0.08925004171364077,2780.5039668564846,-6.7535946394921
2022-04-11,1.9572519094342329,0.7925210633192579,-0.08927710191537823,2816.2108425296906,-9.198559945071283
2022-04-12,1.9641118349305664,0.7917164235529277,-0.0893130557361016,2818.4356244562077,-9.843958189030433
2022-04-13,1.9715175200856374,0.7908479646449003,-0.08935199426531774,2873.862715530356,-12.020153699882163
2022-04-14,1.9806721584765392,0.7897714946373687,-0.08939717065186105,2881.548227135398,-16.547292967205063
2022-04-15,1.9936705941466546,0.7882429725039981,-0.08946112088895466,2880.832881573419,-15.823301812788682
2022-04-18,2.0061211715925884,0.7867794066158287,-0.08952278013997975,2987.046633357307,-21.573705149457655
2022-04-19,2.0236239309915347,0.7847110036191292,-0.0895984888697782,3031.9323530358083,-23.564917347856472
2022-04-20,2.04299590685689,0.7824169954447739,-0.08967746970665964,3093.668543807158,-24.661289113676798
2022-04-21,2.06336117230801,0.7799981747719797,-0.08975326337172562,3164.8479782874997,-28.241419000830938
2022-04-22,2.0871569026811496,0.7771623313084488,-0.08983220388834381,3151.494880284526,-29.16916940069826
2022-04-25,2.111977141405439,0.7742068836705429,-0.08991682568449974,3137.343012410642,-30.316194584022462
2022-04-26,2.1380035955328425,0.7711100730769186,-0.09000766105775698,3197.133971273139,-27.483176468931013
2022-04-27,2.161070633701068,0.7683573610673777,-0.09008010848399711,3134.235465038822,-22.6516314092575
2022-04-28,2.179583533136794,0.7661550364697507,-0.09014499448871435,3092.616724562503,-22.924170296686075
2022-04-29,2.1983921650335736,0.7639222979911083,-0.09021553887416453,3125.7202142315027,-21.772588958312266
2022-05-04,2.2160651020040025,0.7618209321183516,-0.09027834949348605,3117.795753919733,-23.883403939580315
2022-05-05,2.235662186097826,0.7594916006757026,-0.09034875171903649,3065.4660693724645,-21.551896332283004
2022-05-06,2.2531127669106645,0.7574227619769264,-0.09041667526703766,3070.0643018107194,-22.0527726865983
2022-05-11,2.271018632740557,0.7552996479221075,-0.09048598070521445,3059.605004497601,-21.97881764178976
2022-05-12,2.288818990125832,0.7531900524619519,-0.0905558183378823,3044.5945685026277,-24.525583019412245
2022-05-13,2.308936149966817,0.7508074235429887,-0.09063622544926836,3061.503076140007,-24.62852583805555
2022-05-16,2.3290369174013312,0.7484242580727513,-0.09071408312187586,3036.543882238252,-22.12857473157802
2022-05-17,2.3467602646681613,0.7463252609784359,-0.09078497633236356,3071.2592064161267,-21.0714616683657
2022-05-18,2.363423027012307,0.7443480877075881,-0.09084785541003375,3037.3478361060097,-19.4922632524379
2022-05-19,2.3786345266789275,0.7425459343598003,-0.09090802934231053,3072.0891748896665,-20.686872636517496
2022-05-20,2.3947546811303817,0.7406322574524793,-0.09096797057551641,3073.3618994162616,-22.779676534326633
2022-05-23,2.412618343427625,0.738510979781165,-0.09103377745480169,3051.362634699741,-24.563210749727705
2022-05-24,2.4319908512654163,0.7362125633104646,-0.09110715609097582,3048.1611224897265,-24.753977633354907
2022-05-25,2.4514050504539027,0.7339088834545444,-0.09118038670947373,3204.9214256245427,-26.98167320766782
2022-05-26,2.472538225626185,0.731379816109124,-0.09123894508187315,3235.0389798936585,-25.40862675851524
2022-05-27,2.492135943252672,0.7290305249391288,-0.09128927674361953,3204.6859457559785,-24.87282558253755
2022-05-30,2.51123134114673,0.7267448178819407,-0.09134159534455671,3187.5502769891273,-24.694834860225555
2022-05-31,2.5301081518944444,0.724486925339777,-0.09139491352916222,3204.3724243687575,-26.483264489330736
2022-06-01,2.5505070309148397,0.7220446334469788,-0.09145016075210975,3316.2382218625817,-28.39477018432367
2022-06-02,2.5724532068114856,0.7194016522933742,-0.09149428773981667,3333.4071984156476,-29.79645567717405
2022-06-03,2.5955728055504923,0.71661431179677,-0.0915377361754473,3360.1304165476154,-31.311297066516886
2022-06-06,2.6199836455551107,0.7136666870751815,-0.09157901564253242,3366.5570989404814,-32.21086311834015
2022-06-07,2.6451659786597945,0.7106244314288959,-0.09162008089084567,3363.69303604077,-31.871904616559544
2022-06-08,2.6699565623978088,0.7076294536242816,-0.09166039321773245,3354.921883681161,-30.882146279493682
2022-06-09,2.6937595236238367,0.7047546433471994,-0.09169987599125703,3365.0338228171736,-31.828619835996363
2022-06-10,2.718371878778746,0.701780155379784,-0.09173873132275208,3360.6902472034453,-31.992542249263657
2022-06-14,2.74304592718586,0.6987981813626112,-0.09177761142428748,3347.4423867076302,-31.597030344947065
2022-06-15,2.767223360185529,0.6958771500341346,-0.0918166198345177,3347.000134799316,-30.715270194064594
2022-06-16,2.790455863239652,0.693069381340885,-0.09185320627358605,3356.165402737724,-29.39114389097378
2022-06-17,2.812359335996257,0.6904201045595544,-0.0918855880083253,3347.1254815271113,-29.67159393958523
2022-06-20,2.8344019255861794,0.6877544269029651,-0.09191858933423926,3345.9340862190807,-28.1396483599896
2022-06-21,2.854963719385108,0.6852670265413503,-0.0919485940942674,3363.357802876135,-29.867408160294694
2022-06-22,2.876874964537449,0.6826129243317816,-0.09197716877081842,3344.1027127910384,-29.023711176053425
2022-06-23,2.897894065549039,0.6800681644168473,-0.0920058897378243,3383.297417061514,-28.92909775314969
2022-06-24,2.918609806064734,0.6775534807157748,-0.09202767803372977,3392.8203388815327,-29.512624862760095
2022-06-27,2.939556512041616,0.6750073496348183,-0.09204646604389025,3412.2699493251566,-29.165627693728602
2022-06-28,2.9599908475180317,0.6725192653419444,-0.09206068827421336,3390.734284455593,-28.960815035179245
2022-06-29,2.9798468094413235,0.6701006928348132,-0.09207390332414014,3360.2514802861638,-29.21511934584612
2022-06-30,2.9995610069445418,0.6677001648623855,-0.09208805248147989,3304.890393726839,-33.285230754244544
2022-07-01,3.022321247515271,0.6649341407974618,-0.09211000497066368,3271.896261981291,-32.55868085916052
2022-07-04,3.0441990496145976,0.6622777749469784,-0.09213369054370145,3232.1730414498784,-31.790161859309364
2022-07-05,3.065221797806211,0.6597289988669166,-0.0921603412922518,3207.3804546796523,-30.577615238900847
2022-07-06,3.0851357494543277,0.6573169064751537,-0.09218788478089607,3203.7468460714554,-30.64745416060117
2022-07-07,3.1048927465919016,0.6549225268440577,-0.09221404945913608,3213.7084244629236,-30.714000590389002
2022-07-08,3.1244546796328865,0.6525482373877893,-0.09223659335622955,3211.1759086622137,-30.788282448036142
2022-07-11,3.1438311657708735,0.6501946734710575,-0.09225732126168146,3195.1455058378583,-32.324208833394806
2022-07-12,3.1641724855537747,0.6477244038188547,-0.09227971089077139,3160.613610041388,-32.48874227393907
2022-07-13,3.1844858623842516,0.6452613932223428,-0.09230599730870984,3140.1100054046033,-33.96154923136822
2022-07-14,3.205743756963573,0.6426854179310004,-0.0923351793795471,3123.1114425376254,-33.934474066557655
2022-07-15,3.2267399261644143,0.640141721683755,-0.092364739227493,3108.2411538258925,-32.131392141069234
2022-07-18,3.2461300279104,0.6377926640466796,-0.09239228866272593,3076.247209214471,-31.851380678364684
2022-07-19,3.2650890844171396,0.6354987105799922,-0.09242227247185877,3061.2504402333407,-32.3387602406643
2022-07-20,3.2841477149409957,0.6331928071939723,-0.09245272419597349,3062.4369630718656,-32.23566639822781
2022-07-21,3.302844412215127,0.6309279444921773,-0.09248011667533874,3084.7947016232383,-33.427012211886854
2022-07-22,3.322090155219102,0.6285901667103683,-0.09250221382593792,3150.9741993354414,-33.45708763841302
2022-07-25,3.341007002673312,0.6262783457751729,-0.09251034086701683,3138.313997666002,-32.16230110870579
2022-07-26,3.3588285420153485,0.6241002897252494,-0.09251807656052166,3137.554767839031,-30.123291472932145
2022-07-27,3.3751416819030577,0.6221051988978414,-0.09252389477816884,3132.2452675309805,-29.883524040529906
2022-07-28,3.391125076257129,0.6201494721444669,-0.09252878664730642,3139.3058547419473,-30.266112914953613
2022-07-29,3.407226009824851,0.6181770868416456,-0.09253154223111748,3137.460778239812,-29.43943665036034
2022-08-01,3.422683628336221,0.6162825881562095,-0.09253335510844965,3131.0820976828354,-30.372633741753987
2022-08-02,3.4385858448499853,0.6143330581845743,-0.09253480210795628,3116.267112726904,-31.414736841035882
2022-08-03,3.455015230722634,0.6123197395120532,-0.09253724030760725,3104.185243371363,-31.578825569917534
2022-08-04,3.47140879381993,0.6103111878572438,-0.09254016421283602,3097.5740936224797,-31.669753942035626
2022-08-05,3.487707788306136,0.60831365447673,-0.0925426384143815,3059.635691240396,-32.85834630961644
2022-08-08,3.5046382116716464,0.6062435630250793,-0.09255010634173402,3052.7889416096646,-31.5904230543093
2022-08-09,3.5205681876640993,0.6042947452533398,-0.09255629664767863,3057.992599079,-30.124095112474848
2022-08-10,3.5354595453275492,0.6024707001712014,-0.09255994532721235,3043.246467541058,-29.30247277216389
2022-08-11,3.549784863443859,0.6007172315821864,-0.09256474422885727,3003.351715502114,-28.97568443317079
2022-08-12,3.563865030688448,0.5989988058367259,-0.09257449500003413,2995.916626996953,-28.32477443965319
2022-08-15,3.577462240378601,0.5973392866594087,-0.09258396877576741,2993.7721408277894,-27.67919874485384
2022-08-16,3.590577945393158,0.5957376957301186,-0.09259237963390729,2988.383318064651,-26.102853450869635
2022-08-17,3.602749687300144,0.5942513525254074,-0.09260021415325885,2980.545349090983,-26.571826841437773
2022-08-18,3.615109434924374,0.5927424108466532,-0.09260857438902599,2975.1489074839033,-26.245372307911207
2022-08-19,3.627218001765142,0.5912641117248331,-0.09261679778276533,2952.1124621636654,-25.641044230709255
2022-08-22,3.638969767657684,0.5898319235328123,-0.092627317886043,2940.1174239216416,-24.216972360646018
2022-08-23,3.6499280750174887,0.5884974531174161,-0.09263815722161241,2933.612234899613,-22.95914323259772
2022-08-24,3.6601909763551252,0.5872479833640661,-0.09264864676970656,2936.9978043413125,-23.45176436030011
2022-08-25,3.6706003648943044,0.585979345756408,-0.09265806910151293,2938.3042213720983,-23.549781412660252
2022-08-26,3.6809646582556357,0.5847151883604236,-0.09266653617350508,2938.04409906036,-22.775495414598023
2022-08-29,3.6908652578440657,0.5835069303355658,-0.09267403917019955,2944.461168336086,-22.01187692016141
2022-08-30,3.7002922327246526,0.5823549055154387,-0.0926797279102095,2935.892826439022,-21.433780578505456
2022-08-31,3.7093729828543758,0.5812454576548265,-0.09268553663494018,2939.3805704722536,-18.347422443008366
2022-09-01,3.716978761541612,0.5803157141260128,-0.09268990886850881,2941.885306709298,-16.8638561665831
2022-09-02,3.723850351731089,0.5794750071984904,-0.09269321137811928,2971.2575596539023,-16.821414825853097
2022-09-05,3.730622629884014,0.5786434525534214,-0.09269357500269872,2984.6482989974115,-16.625352446520925
2022-09-06,3.7372420116991614,0.57782904224678,-0.09269238327763614,2978.982863009035,-18.585298689828544
2022-09-07,3.744667829444968,0.5769153492844422,-0.09269104703375723,2979.7033594105374,-19.402379689396565
2022-09-08,3.7523727897128447,0.5759664109134808,-0.09268886872788655,2945.93240162425,-18.86202145432405
2022-09-09,3.7597933272012742,0.5750550256433447,-0.09268932971797078,2939.1421377907914,-17.456867131184406
2022-09-12,3.7665664926347686,0.574223357301527,-0.09268999109955986,2945.376464557104,-16.83066563892186
2022-09-13,3.7730221784912272,0.5734297191071547,-0.09268972846869618,2921.399632543375,-16.242544404315762
2022-09-14,3.779196907901909,0.5726721177915792,-0.09269100075994224,2926.399923435121,-16.761547849527748
2022-09-15,3.7855518349632753,0.5718917043718065,-0.09269164428808616,2925.245926390316,-16.362929423201212
2022-09-16,3.7917033759693033,0.5711360164692167,-0.09269205526676248,2890.2995505608365,-15.74644920359638
2022-09-19,3.7975952692169552,0.5704147629365559,-0.092694966839763,2840.060146979659,-14.4194181033516
2022-09-20,3.802952408474005,0.569762432014243,-0.09270103861909382,2684.412160706549,-17.461631547041346
2022-09-21,3.809630393012348,0.5689634498186578,-0.09272259549521188,2705.9542113871084,-21.25846065563063
2022-09-22,3.8179119914575845,0.5679699874852102,-0.09274674555192809,2619.832854767495,-16.373672617582503
2022-09-23,3.824140037979547,0.5672302730600244,-0.09277220827936572,2587.2009535306347,-19.222741583020444
2022-09-26,3.831551119218566,0.5663532127198744,-0.09280567134757671,2530.492436439617,-23.59787477886288
2022-09-27,3.840878024193897,0.5652566839115822,-0.09285500813513219,2575.3821332539933,-24.148732152156192
2022-09-28,3.8503732106105093,0.5641338078614,-0.09289879166835416,2508.2742611735043,-21.704734191180453
2022-09-29,3.8587923946269163,0.5631461831221922,-0.09294553384650939,2449.769570536471,-20.24678469770742
2022-09-30,3.866550769053309,0.5622424922640374,-0.09299501003069363,2411.06031189979,-18.81953386484383
2022-10-03,3.873640265550961,0.5614205072050751,-0.09304407084609531,2519.4591014060015,-18.952445036298858
2022-10-04,3.8806521600801416,0.5605955214564,-0.09308083538049854,2539.003363230433,-19.400658162331364
2022-10-05,3.8877826486815077,0.5597541256096172,-0.09311585832199071,2528.3964051447797,-19.716702813308807
2022-10-06,3.895004771352424,0.5589028010556047,-0.09315224835688028,2567.3436330839636,-21.294914558330312
2022-10-07,3.902827580811676,0.5579757964305605,-0.09318687070028535,2561.489324062354,-24.077372420363872
2022-10-10,3.9118149179899016,0.5569114435287017,-0.09322727709867466,2520.9056138578712,-23.957089489504433
2022-10-11,3.920786140352118,0.5558545387587762,-0.09327303076754027,2561.7917004463097,-23.90247811091084
2022-10-12,3.929708926336663,0.5547976575069613,-0.09331288590810408,2576.730718770573,-24.258674537353887
2022-10-13,3.938783088511249,0.5537207419640358,-0.09335128957278394,2595.4004478038764,-24.66673103742385
2022-10-14,3.948009834047395,0.5526229456896027,-0.09338758370860833,2599.386446360527,-24.94459595526394
2022-10-17,3.9573434477626264,0.5515117106863288,-0.09342356481977548,2622.335400131532,-23.24208413999831
2022-10-18,3.9659110641847346,0.5504884707233779,-0.09345343421256551,2623.1027048317733,-22.519236617906525
2022-10-19,3.974152900796397,0.5495038342817187,-0.09348187122095981,2631.7701245135636,-24.82626117029607
2022-10-20,3.9833469290190173,0.5484040490653727,-0.0935122143738423,2640.0784528100944,-23.27841629690772
2022-10-21,3.991858905081909,0.5473845631911677,-0.09353903656729155,2648.173903736387,-22.825687651537187
2022-10-24,4.000117130196685,0.5463939641378209,-0.09356364241405875,2648.8974686570446,-22.08267687135528
2022-10-25,4.008013559181697,0.5454462154053984,-0.09358669382552293,2650.056612225257,-19.5998308047129
2022-10-26,4.014872370253827,0.544622516069631,-0.09360628405552882,2631.5168404384985,-19.41605816793327
2022-10-27,4.021626945788951,0.5438129510614229,-0.09362721787790292,2610.6210251238936,-17.083330779607454
2022-10-28,4.027486807515764,0.5431124417849451,-0.09364717195561387,2613.7286955618483,-17.064842893572397
2022-10-31,4.033317196265334,0.5424150174814784,-0.09366660752604178,2582.3822102140175,-16.100335905720165
2022-11-01,4.038781055831381,0.5417640108830059,-0.0936873736855416,2579.449834368974,-15.704892918302315
2022-11-02,4.044092609957889,0.5411313476616404,-0.09370774702153042,2552.2808728652867,-14.827555888879685
2022-11-03,4.049086430546915,0.5405386585259808,-0.09372899353987275,2559.8076280273413,-15.778046115855515
2022-11-07,4.054425446399459,0.5399043464181597,-0.09375104480837793,2545.1952717848394,-13.21766056672442
2022-11-08,4.058835262343206,0.5393814409312458,-0.0937702441628042,2508.970135750667,-12.027649570263998
2022-11-09,4.062827325600813,0.5389103845009355,-0.09378990027476833,2538.3851557568632,-14.64809841460002
2022-11-10,4.067730366098421,0.5383293833818761,-0.0938116393805072,2562.1020548521874,-13.741921567308513
2022-11-11,4.0722913725732965,0.5377871167928916,-0.09383008464755735,2566.402854061285,-13.597352945156583
2022-11-14,4.076791370181528,0.5372517447151473,-0.09384792567215741,2540.999072298336,-11.657976404942039
2022-11-15,4.080604292383437,0.5367996228960945,-0.09386453474327318,2559.247410293421,-13.128367696771425
2022-11-16,4.084914714836695,0.5362871586244482,-0.09388198446633231,2594.9332328293053,-14.171587468104052
2022-11-17,4.089570619673171,0.5357308506077001,-0.0938981043238801,2600.781891094549,-14.912895711193997
2022-11-18,4.094471806610213,0.5351446604637558,-0.09391451782413476,2606.797976745419,-15.362831347806038
2022-11-21,4.099516089032365,0.5345407577138088,-0.09393082914492436,2597.577619581864,-16.602684606255803
2022-11-22,4.104989733093802,0.5338861304891536,-0.09394921469859518,2600.5662439687153,-15.555313959292539
2022-11-23,4.110066161732559,0.5332786160522694,-0.09396589492653866,2596.480668895613,-14.811998159770424
2022-11-24,4.114864500449586,0.5327045885418575,-0.09398187689461242,2603.7527577580445,-15.08602368591504
2022-11-25,4.119730773649154,0.5321216701304088,-0.09399735992926449,2607.1107083780735,-15.800660365295672
2022-11-28,4.124829833897381,0.5315104611272976,-0.09401319603199486,2593.044784911026,-16.027289128571155
2022-11-29,4.129972241301271,0.5308949601022932,-0.09403011499274042,2580.4709966255155,-15.31313458443263
2022-11-30,4.134820807549077,0.5303153096526354,-0.09404680963236858,2584.4835702076152,-15.862107808821657
2022-12-01,4.139846897846874,0.5297140176976809,-0.0940637039568468,2578.2783373166412,-15.164706294804642
2022-12-02,4.144621508493632,0.529143218466511,-0.09408016168074329,2567.043434693508,-15.060260744659605
2022-12-05,4.149349244489224,0.528578827452532,-0.09409726156330303,2553.9186812847693,-13.533660402644177
2022-12-06,4.153555621843114,0.5280775602686165,-0.09411335028529959,2553.142384257335,-13.97894557146494
2022-12-07,4.157902457616038,0.527559555939699,-0.09412997809188609,2559.7172949016926,-14.331164446649613
2022-12-08,4.162356892673446,0.5270281660439147,-0.09414646165517294,2577.525276773978,-15.250879605959666
2022-12-09,4.167097631593523,0.5264610362557891,-0.0941624576209181,2570.8757260430466,-15.287620559083603
2022-12-12,4.171835260012752,0.5258946985668869,-0.09417887317161384,2569.826742543552,-15.435544193572404
2022-12-13,4.176611601858969,0.5253237375615849,-0.094195431359602,2572.5800404357337,-15.478625899946262
2022-12-14,4.181379959200371,0.524753347931648,-0.09421160693707856,2564.6702096779004,-15.786053432918667
2022-12-15,4.186247255402837,0.5241717448031683,-0.09422872678043674,2556.7609365662665,-16.8166264752036
2022-12-16,4.191458618241704,0.523549693945704,-0.09424770855787429,2553.6534448387392,-16.48240271950131
2022-12-19,4.19654981926407,0.5229421998088805,-0.09426645931483771,2546.6228380465313,-16.360602434796768
2022-12-20,4.20160361655972,0.5223397934514801,-0.0942856673549902,2535.0008435904256,-16.395688571122946
2022-12-21,4.206676902182797,0.521736117498711,-0.0943059631108287,2541.468848531762,-16.735945781018934
2022-12-22,4.211878395412463,0.5211166754792609,-0.09432622041895147,2547.0608126324414,-16.652559315773562
2022-12-23,4.217079947952455,0.5204969018945141,-0.09434608103854344,2555.3361358207603,-16.879037155799615
2022-12-26,4.222389403558984,0.5198637143258378,-0.09436572208422386,2563.1815566220707,-16.540832057983767
2022-12-27,4.227607483483414,0.5192408933619919,-0.094384430148214,2537.395254041007,-15.231180614274177
2022-12-28,4.232414032395493,0.5186695081385683,-0.09440387513189016,2555.898312140625,-16.281098123661565
2022-12-29,4.23761262809819,0.5180500977920101,-0.09442341958117942,2556.6154182301366,-16.01943785951423
2022-12-30,4.242748003514805,0.5174383342851231,-0.09444276793935451,2563.6910574489884,-15.975835163872432
2023-01-03,4.247884499189835,0.5168259407911429,-0.09446157713734916,2592.0251586622717,-16.178282732359484
2023-01-04,4.2531397529984964,0.5161972965683289,-0.0944786342249748,2600.559026057442,-16.617158915734485
2023-01-05,4.258556945632842,0.5155485776903027,-0.09449548732904174,2610.4549796126885,-17.383367388316962
2023-01-06,4.264243187700902,0.5148666933074966,-0.09451222682229787,2582.284171967838,-16.492924233171603
2023-01-09,4.269633443825445,0.5142228877695934,-0.09453060055717084,2568.0705013645234,-15.753870508989454
2023-01-10,4.274767757002501,0.5136108683873404,-0.09454927747885596,2570.29671211588,-15.982073594052814
2023-01-11,4.279977950128086,0.5129895765075919,-0.09456799423841887,2557.5474553747517,-14.489172218329504
2023-01-12,4.284658468639708,0.512432385911461,-0.09458572925750185,2562.479973732205,-14.694747962606202
2023-01-13,4.289406936723649,0.511866700935754,-0.09460330812233282,2568.376995882646,-14.345129101891418
2023-01-16,4.294037145063843,0.5113146890186279,-0.09462001173039823,2574.207308512458,-13.569509625637345
2023-01-17,4.298400716583046,0.5107940775265406,-0.0946353460159324,2583.8836388122863,-14.979143526377815
2023-01-18,4.303269952590531,0.5102124810278587,-0.09465176326057455,2585.547906805316,-15.056302216666994
2023-01-19,4.308177729113892,0.5096262303024339,-0.09466822070598457,2582.507412498741,-16.018440469779005
2023-01-20,4.313443857858607,0.5089975374075484,-0.09468619301785597,2586.6699871385817,-16.23631886660465
2023-01-23,4.318800603918645,0.5083577522760414,-0.09470415978424766,2587.282268079788,-15.536467475507465
2023-01-24,4.323931202789174,0.5077450975507999,-0.0947214222691579,2581.903703467213,-15.846977674564878
2023-01-25,4.329191292831319,0.5071175439646105,-0.09473962888075112,2588.277345668818,-16.154657705771193
2023-01-26,4.334571785967627,0.5064751433739438,-0.09475773673088489,2584.4115665435575,-16.154221407618863
2023-01-27,4.339960847996097,0.5058321011713516,-0.09477621590847092,2588.466387341054,-15.419029170822562
2023-01-30,4.345093325011399,0.505219416632176,-0.09479351956873004,2575.5692904134335,-14.410767040705574
2023-01-31,4.349879264531291,0.5046491750793836,-0.09481067490614477,2595.3397958454825,-14.24629624364977
2023-02-01,4.354617771860534,0.5040832099184496,-0.09482625551804276,2597.3793345686536,-14.138456007606571
2023-02-02,4.3593300659346585,0.5035203206106518,-0.09484165485957834,2611.1708710752373,-14.0791579420405
2023-02-03,4.364024655694322,0.5029585845282134,-0.09485601667365952,2600.4165204260125,-13.540773859117273
2023-02-06,4.368538336562734,0.5024193359778037,-0.09487062069525078,2608.9792699393133,-12.901952645531878
2023-02-07,4.37282600911267,0.5019065533051307,-0.09488394095384364,2603.936719802137,-12.91301425434359
2023-02-08,4.377132678114826,0.5013919501928354,-0.09489772540866527,2598.982264082542,-13.35185194905667
2023-02-09,4.381612795219521,0.5008570854540889,-0.09491247987332252,2582.343003932283,-12.387703858285427
2023-02-10,4.38576935593169,0.5003620636549523,-0.09492731984033724,2583.330641797475,-12.454876529997794
2023-02-13,4.389969996566935,0.4998618725201603,-0.09494234588617316,2553.01259560021,-11.309877440394168
2023-02-14,4.393788594865887,0.4994091228558202,-0.09495787752488005,2571.81062345094,-13.203951346747278
2023-02-15,4.398315175686728,0.49887128734680225,-0.09497509842758134,2538.7944730832696,-14.665798158567888
2023-02-16,4.403419414482,0.4982675792751452,-0.09499718083758225,2554.4217270531954,-15.677197027100597
2023-02-17,4.4089298549279325,0.4976146554800425,-0.09501979691890423,2560.2689749696824,-15.287025652229257
2023-02-20,4.414315697928621,0.4969761633219378,-0.09504150918110948,2539.4647758904994,-14.014558471900818
2023-02-21,4.4192477894972875,0.4963931653056048,-0.09506301096276377,2547.4769085913867,-13.152500321451566
2023-02-22,4.423871445179183,0.4958461735644235,-0.0950826710548667,2556.391396514436,-13.456131834251128
2023-02-24,4.42863375596134,0.4952822956505611,-0.09510238247190855,2571.2119865342315,-14.124933628042424
2023-02-27,4.4336633423024825,0.4946857550843125,-0.09512215166639236,2585.622988109605,-13.324563932713641
2023-02-28,4.438412767144637,0.49412161731506554,-0.0951399372557494,2579.7841312193273,-12.660909386435737
2023-03-01,4.442933903918071,0.4935851408262209,-0.09515734956181317,2587.450949107042,-11.895914363643012
2023-03-02,4.447175215541962,0.4930814850593909,-0.09517326762462341,2593.475625327171,-13.078034048782838
2023-03-03,4.451887384303577,0.49252164511365326,-0.0951906355390345,2596.418940948315,-12.487158209911131
2023-03-06,4.4563863028335735,0.49198705761587525,-0.0952070926911076,2604.272781746313,-11.90938153330996
2023-03-07,4.460675241492104,0.4914770382220297,-0.0952223645741341,2607.756981523081,-11.970324832215129
2023-03-09,4.465004073718152,0.49096218915832035,-0.09523764896646618,2613.725681535436,-12.380246474272127
2023-03-10,4.469507744331618,0.4904262977779021,-0.09525325970707653,2624.5497772241865,-13.270839069113038
2023-03-13,4.474374967068572,0.48984654058200233,-0.09526948361777958,2622.902164294879,-13.474851220380668
2023-03-14,4.479341963654505,0.48925515772996925,-0.09528624553796719,2626.4655203280727,-12.798398369459063
2023-03-15,4.484060176589552,0.4886933034676999,-0.09530202739698039,2608.540735733349,-13.282166959755914
2023-03-16,4.488982732622587,0.48810842925002396,-0.09531975497041674,2608.9122934561074,-13.442088273175889
2023-03-17,4.4939837950063595,0.4875143114320878,-0.09533780420345123,2586.199660302467,-10.185588697806047
2023-03-20,4.497716064578998,0.48707216568025463,-0.0953524730894605,2594.0335479573064,-7.589475784240962
2023-03-21,4.500464440645788,0.48674633523712113,-0.09536301317886885,2596.3797872702207,-7.634853276940479
2023-03-22,4.503233625556201,0.48641799722202034,-0.09537357491040975,2605.0981206692486,-8.107875822158539
2023-03-23,4.50618020815492,0.4860682923122211,-0.09538447232258916,2612.996140668696,-8.59726262784325
2023-03-24,4.50930755071898,0.485696793357989,-0.09539569422275587,2618.681492029028,-8.674269578811
2023-03-27,4.512460582412192,0.4853220038381795,-0.09540676301767985,2624.543099699784,-7.005527922967458
2023-03-28,4.514982110586626,0.48502208600421104,-0.09541541605617261,2633.070706750543,-7.249357423679214
2023-03-29,4.517592152342147,0.4847113498133362,-0.09542407753762226,2634.7589752409817,-6.599805783945667
2023-03-30,4.519960895019269,0.4844293185321258,-0.09543190417344613,2633.1512383815502,-6.35061275418164
2023-03-31,4.5222354635668935,0.4841585654286226,-0.09543947719312816,2631.9466326865872,-6.887549710745732
2023-04-03,4.524708793105668,0.48386421979516037,-0.09544776835089823,2624.271390170432,-5.752125741866521
2023-04-04,4.526765361055376,0.48361973220184956,-0.09545490618933902,2614.3575466405473,-5.122005856185163
2023-04-05,4.52858745721597,0.48340336819395724,-0.09546147407393242,2621.1805414436863,-4.5926077788363
2023-04-06,4.530222636529605,0.48320910642099374,-0.09546725957614623,2614.936313927043,-4.460388320198961
2023-04-07,4.531814769876172,0.4830201484067925,-0.0954730660600354,2621.482377602669,-4.314062095892924
2023-04-10,4.533358212475275,0.4828368835269845,-0.09547859605878935,2628.63336398165,-3.092229030317417
2023-04-11,4.534461755391667,0.4827057877542566,-0.09548247562441223,2628.1878962265746,-3.5955532845368454
2023-04-12,4.5357531382042575,0.4825524373392975,-0.09548706170758824,2629.1980210455145,-3.45078690609375
2023-04-13,4.536994403647247,0.4824050587818727,-0.09549148027626386,2638.3135518658237,-3.564153767823486
2023-04-14,4.53828063384819,0.4822522279582536,-0.09549593544924542,2644.245726285124,-3.380764707170969
2023-04-17,4.53950175479126,0.48210707170615497,-0.09550009502310905,2642.502032392521,-1.7556100931554464
2023-04-18,4.540131827942112,0.4820322068508638,-0.09550226909824683,2653.747621696814,-1.4367463350729248
2023-04-19,4.540647504601065,0.48197087340363587,-0.0955039842400023,2657.169573919693,-1.9050185737684022
2023-04-20,4.541333958835637,0.48188921762813636,-0.09550625232147694,2660.049400118533,-0.8345484154370864
2023-04-21,4.541633319444265,0.48185360391834736,-0.09550723582300802,2661.422106219201,-0.8067907067062063
2023-04-24,4.541923310905085,0.48181910970422115,-0.09550819112478297,2669.3789651053708,-1.2717926360085285
2023-04-25,4.542381746274821,0.4817645426623316,-0.09550966262052334,2682.1582696159635,-2.0617079253820836
2023-04-26,4.54312787319678,0.4816756232910902,-0.09551194642327693,2692.4152269841347,-2.6773443509632733
2023-04-27,4.54409995727051,0.48155966690201363,-0.09551480954386123,2697.55129519742,-1.904367686682329
2023-04-28,4.544788902644731,0.48147745465431113,-0.0955168050405281,2709.726505441954,-2.759928180639626
2023-05-02,4.5457908075404045,0.48135775415833887,-0.09551956245806081,2724.746671575857,-5.293580980592127
2023-05-03,4.5477365385691915,0.48112494800402505,-0.09552456959494611,2729.029639611324,-7.204379049519072
2023-05-04,4.550401102323097,0.48080595705559165,-0.09553125445155541,2724.859206457007,-7.352644348825288
2023-05-05,4.553111216138982,0.4804816134120945,-0.09553815737176834,2723.69125995147,-6.8088209070647165
2023-05-08,4.555604236855382,0.48018325550140994,-0.09554451397338647,2718.1583909990727,-7.010937685975993
2023-05-10,4.558167316445628,0.47987668660919053,-0.0955512191908326,2722.5657077815818,-6.388668867915371
2023-05-11,4.5604871562599145,0.47959905340182224,-0.09555713276713546,2713.4188682272274,-4.359771711343496
2023-05-12,4.562047492701472,0.4794124816218587,-0.09556127630562022,2711.875755244758,-5.409752086209307
2023-05-15,4.563985379339738,0.47918077351211324,-0.09556643462675665,2702.592271550698,-3.3864624166258017
2023-05-16,4.56518079109937,0.4790379705444301,-0.09556974674415092,2709.25696062509,-2.7884752802354917
2023-05-17,4.566157888462876,0.4789211476668957,-0.09557235722305212,2707.7429216554888,-2.705682325658021
2023-05-18,4.567101159567548,0.4788083733965032,-0.09557488394828456,2706.140777155726,-2.7060963632754897
2023-05-19,4.568040077816203,0.47869612417551133,-0.09557740614925041,2707.449170323491,-3.002426461575225
2023-05-22,4.569078790233478,0.4785719115218786,-0.09558016615588978,2701.422400681568,-2.52320409664073
2023-05-23,4.569946428624276,0.47846822012540374,-0.09558253549987855,2690.15707837091,-1.8027600975731306
2023-05-24,4.570561806827775,0.4783947659590555,-0.09558430539106587,2696.601266821182,-1.5431004699569262
2023-05-25,4.571085419114472,0.4783322113392293,-0.095585759230478,2697.732576205063,-1.7701004401347031
2023-05-26,4.571683911514081,0.4782606924127247,-0.09558740426335276,2694.0232677007025,-0.4451805537276754
2023-05-29,4.571832810975002,0.4782429051023803,-0.09558781970693438,2693.2125540327083,1.4401925280354444
2023-05-30,4.571357477992772,0.47829968626390423,-0.09558649132239783,2692.790191166447,0.22132466365569758
2023-05-31,4.571284250037436,0.47830843359854464,-0.09558628644657217,2688.6540360919457,1.078084555281289
2023-06-01,4.570930803958295,0.4783506388391097,-0.09558528148211023,2685.083322656398,1.3648245860522046
2023-06-02,4.570485872154107,0.4784037501636557,-0.09558399732267554,2683.5850561008474,1.337574295159727
2023-06-05,4.570051929711887,0.47845554688291275,-0.09558274063224766,2677.391754916015,0.6255433129362942
2023-06-06,4.569849135689786,0.4784797369756702,-0.09558213701114045,2676.0011821639487,0.19614407762731378
2023-06-07,4.569785713298682,0.4784873018720946,-0.09558194765800596,2677.717432979943,0.6338445875959664
2023-06-08,4.569582028028032,0.4785116039385669,-0.09558134596361519,2676.934673203749,1.2236132291211232
2023-06-09,4.569191496750169,0.47855819758668316,-0.09558019026917237,2674.0392774504953,1.271511710251394
2023-06-13,4.568787106224903,0.47860642876542886,-0.09557897739496042,2671.528352184633,3.209834840242065
2023-06-14,4.567778717925402,0.4787266596665822,-0.09557591498049288,2663.817337504572,3.8051656571310932
2023-06-15,4.566590298158331,0.4788682190115176,-0.09557216997038498,2664.777377856495,5.080823008652691
2023-06-16,4.565016079128211,0.4790557379598775,-0.09556721642652298,2660.2666855646885,5.282301778157361
2023-06-19,4.563384843132056,0.479249925965816,-0.0955619631014786,2658.4378644020967,5.89188627258479
2023-06-20,4.561574706823861,0.4794653445911953,-0.09555606954797778,2635.9359397866224,6.364117491677623
2023-06-21,4.559628639021014,0.47969626816985717,-0.09554906960428351,2644.1345293076274,6.624680732044297
2023-06-22,4.557610805475851,0.47993594171700177,-0.09554204344953594,2637.127479167925,6.776408127545652
2023-06-23,4.555553283685685,0.4801800929439632,-0.09553464620145645,2627.9649184035725,6.35834521329659
2023-06-26,4.553622636632177,0.48040889561693245,-0.09552741748608617,2626.128929571392,4.9883716276637236
2023-06-27,4.552101655747513,0.48058909156885854,-0.09552166733674967,2621.6676733696995,5.910830278161194
2023-06-28,4.550311587683067,0.4808010306619902,-0.0955147659073259,2629.9428910827796,5.7406991394806095
2023-06-29,4.548575857674048,0.4810067416035227,-0.09550827797939611,2627.773217991626,6.417478527209464
2023-06-30,4.546647076055687,0.481235256474809,-0.0955009934813755,2606.2178644734126,7.334464939875995
2023-07-03,4.544455768017033,0.48149411206754583,-0.09549196738509634,2609.6600334581212,7.0610717173645865
2023-07-04,4.542348008000058,0.481743186282957,-0.09548337446546759,2597.268778522559,8.122040476590154
2023-07-05,4.539943138741072,0.48202689251315173,-0.09547309654381853,2601.613040736556,7.817725237334372
2023-07-06,4.537635369498507,0.48229930785587877,-0.09546338932794514,2590.9103989175564,8.826611726055301
2023-07-07,4.535053373178832,0.48260366417255174,-0.09545209664643985,2583.179242252612,9.652088932472381
2023-07-10,4.53225156362844,0.48293358105334644,-0.09543949081255429,2562.3129015145305,11.491457515256155
2023-07-11,4.528960423025943,0.48332002635462035,-0.09542359182905755,2556.2846158352104,11.894034892724537
2023-07-12,4.525578290849884,0.48371683757399064,-0.09540692353692186,2555.6254919563335,13.351115377334665
2023-07-13,4.521824635394147,0.4841571972921294,-0.0953883708776303,2551.4660425191214,13.096939246385219
2023-07-14,4.518148611051052,0.48458814901421204,-0.09536990375640078,2539.5341068980133,14.301280385070726
2023-07-17,4.514169815645205,0.4850537707519962,-0.0953490952704709,2504.3975685260843,16.499474231525625
2023-07-18,4.509633731604365,0.4855818515562534,-0.0953226501291554,2495.6569906165664,18.38646140510154
2023-07-19,4.504635253549711,0.4861629390733147,-0.09529269257214384,2484.1352199918533,18.48912153862754
2023-07-20,4.499629987744194,0.48674375660196967,-0.09526163866659884,2496.7081881421295,16.85306331978582
2023-07-21,4.495051163527948,0.48727600639077495,-0.0952341305098314,2481.1101393255017,17.831931507674792
2023-07-24,4.4902396709659,0.4878339167891345,-0.0952038566193013,2493.562433967654,17.802143631351484
2023-07-25,4.485452819223604,0.48838993179972146,-0.09517468095461243,2504.499979263126,18.80055997746146
2023-07-26,4.480431126297421,0.48897406929702836,-0.09514491166607622,2506.198714601212,18.522924087951065
2023-07-27,4.475487035515076,0.48954920480148145,-0.09511563379862847,2517.72060844097,18.67281818256017
2023-07-28,4.470514007003037,0.49012856882985123,-0.09508704603956869,2505.841985444758,20.063835528161068
2023-07-31,4.46520601731951,0.4907456983041899,-0.0950553086421767,2496.6063142068783,23.107114746539015
2023-08-01,4.459174671367053,0.4914457581753767,-0.09501811304573199,2497.515835557019,23.86868407222844
2023-08-02,4.452964243118685,0.49216645989333097,-0.09497970022093208,2495.7596531246472,24.469517571965184
2023-08-03,4.446594684800682,0.4929050795953273,-0.09493982437617457,2490.865802719115,26.373729028828173
2023-08-04,4.43974848588308,0.49369792737184154,-0.09489602742789258,2485.837153674117,24.40235658354819
2023-08-07,4.433332748220552,0.4944399400195058,-0.09485409441425953,2496.3943547801923,23.541378552410386
2023-08-08,4.427101040038725,0.49516144837662684,-0.09481419889317537,2488.697536049558,23.972879601009154
2023-08-09,4.420740023492116,0.49589669048138857,-0.09477233016704668,2460.586898992929,25.966695233099625
2023-08-10,4.4138731061171965,0.49668662827500015,-0.09472349196472944,2451.9122094545023,28.424663324326517
2023-08-11,4.406391595575963,0.49754564501522763,-0.09466878788427163,2457.3479188036517,28.41120200578864
2023-08-14,4.398874505075045,0.4984089422550964,-0.09461412012092187,2418.191047271095,29.47694945497803
2023-08-15,4.391078232175287,0.49929853314004297,-0.09455182005444891,2404.506113941922,29.55883047820127
2023-08-16,4.383235152229643,0.50019112953286,-0.09448692916248223,2419.631252847813,26.02994759680439
2023-08-17,4.376212045362731,0.5009918740801227,-0.09443033458974576,2458.100535318752,24.446496636205506
2023-08-18,4.369553234038624,0.5017551218168483,-0.0943807280678027,2463.249163349556,26.305533613551503
2023-08-21,4.362432648559391,0.502571573340055,-0.09432800622319681,2466.6054902528954,27.297616599323703
2023-08-22,4.355059277931923,0.5034170336285507,-0.0942734987014246,2472.580388898669,27.973594476716414
2023-08-23,4.347507675433916,0.5042832689444348,-0.09421807391954926,2475.912073496758,27.072363904934104
2023-08-24,4.340160477343388,0.5051260657003425,-0.09416421591561003,2458.453350527977,27.615600244203087
2023-08-25,4.3326704410936605,0.5059826308210051,-0.09410678970136707,2464.6503213803608,28.104582325970462
2023-08-28,4.325046004021175,0.506854930886347,-0.09404876121418128,2453.9287569107096,30.35097253707235
2023-08-29,4.316878198426863,0.5077874838565186,-0.09398476827760578,2467.5513686397267,30.143592583862144
2023-08-30,4.308738660856547,0.5087181811594714,-0.0939224271428179,2469.894595626028,30.07356693234524
2023-08-31,4.300593556769662,0.5096493204699779,-0.0938599317127626,2476.9435345227357,30.321501278065167
2023-09-01,4.292366625773515,0.5105902594303591,-0.09379732892776371,2458.9202920999805,31.41336912716046
2023-09-04,4.2838567999671415,0.5115604323843763,-0.09372958167254385,2466.7881670525253,32.51928331997684
2023-09-05,4.27505532230571,0.5125644146743124,-0.09366016150090607,2461.1664991656144,32.63751156643438
2023-09-06,4.266195100378763,0.5135736429230258,-0.09358894296931033,2407.7920229025794,34.79029621867442
2023-09-07,4.256807315616783,0.5146338931763057,-0.09350463666092089,2384.5269037423013,32.90141516232963
2023-09-08,4.247840726681596,0.5156424156464943,-0.09342010527741461,2319.1165435636926,35.52057177646033
2023-09-11,4.238255643716779,0.5167090287910192,-0.09331850447773446,2346.6663112272972,33.05555992607285
2023-09-12,4.229222151624664,0.5177180689714768,-0.09322659986810322,2394.0714476602384,32.23999655875354
2023-09-13,4.220354355345536,0.5187152981514078,-0.09314307568438125,2406.165886679664,30.843846528987907
2023-09-14,4.211802718986467,0.5196781937437913,-0.09306381486292638,2398.62003994359,30.88734137624536
2023-09-15,4.203219062051065,0.5206430558351369,-0.09298272946876716,2402.6246340238513,31.211923633706682
2023-09-18,4.194529547790231,0.5216198453180666,-0.09290076709966628,2435.3978074630622,28.73379414207062
2023-09-19,4.186423424355664,0.5225349785077906,-0.09282825883666336,2425.925843338066,27.120538678817674
2023-09-20,4.178700634805144,0.5234051168417498,-0.09275756816119475,2420.003466515384,26.78287624182194
2023-09-21,4.171050211153149,0.5242658958996402,-0.09268642100462689,2436.981911701345,23.89176897468941
2023-09-22,4.164123787689656,0.5250467449611153,-0.09262358519361512,2433.54644967178,25.29327313276628
2023-09-25,4.156817713531813,0.5258695576233409,-0.09255655225500106,2429.4623154963433,25.352428007421945
2023-09-26,4.1494876610372655,0.52669416432032,-0.09248846673855303,2439.396384145658,25.109228653253936
2023-09-27,4.142204983142646,0.5275142083857198,-0.09242164479057191,2440.460149978912,25.698016418195046
2023-09-28,4.134755432952959,0.52835273225584,-0.0923530549254,2418.72336371987,28.50043318802491
2023-09-29,4.126584020053023,0.5292691092396515,-0.09227453345999731,2428.4100413143165,29.025162418789918
2023-10-02,4.118268679628016,0.5302024582157878,-0.09219551636975207,2409.331916089721,30.00823917543436
2023-10-03,4.109703357251565,0.5311606310990582,-0.09211100308012646,2405.6205454869832,30.68894036085674
2023-10-04,4.100964304850561,0.5321371645822851,-0.09202378250602339,2381.02943446674,31.634239990063495
2023-10-05,4.0920073318196515,0.533133827988276,-0.09193027260871475,2398.211607283235,30.587308913401113
2023-10-06,4.083312633845674,0.5341033171165219,-0.09184153031355012,2401.980099358103,30.929061437287906
2023-10-09,4.074541798430603,0.5350813483240275,-0.09175210743447745,2410.9903330007455,31.647977038944795
2023-10-10,4.065592417416328,0.5360801001114599,-0.09166172104467066,2401.851594704027,32.27420074600804
2023-10-11,4.056502429114578,0.5370925979397936,-0.09156804402900673,2441.4066669883123,30.831132854250164
2023-10-12,4.047760878357598,0.5380715385704089,-0.09148318658307004,2464.5775985036526,28.81152542843317
2023-10-13,4.039532395777533,0.5389957087018918,-0.0914059901402302,2477.8905177572187,28.83256855470082
2023-10-16,4.031297508206279,0.5399219025561135,-0.091330069018944,2477.2748532256455,30.57816316942028
2023-10-17,4.022634057725559,0.5408957003910548,-0.0912496534332402,2452.3135718674116,32.411696336505955
2023-10-18,4.01353869424418,0.5419137306637684,-0.09116102225657664,2442.1927787009026,33.04477960697194
2023-10-19,4.004293686229686,0.5429463167019843,-0.09106883524480285,2442.3586726683893,33.27935967912477
2023-10-20,3.9950003528804303,0.5439837153936973,-0.09097564228509246,2442.4438061068317,33.852414201950445
2023-10-23,3.985578660828857,0.5450348352554797,-0.0908806147335332,2478.642373493331,31.672081253103812
2023-10-24,3.976674561354082,0.5460329799890034,-0.09079556454812852,2475.524050873329,31.891669517335195
2023-10-25,3.9677349264535073,0.5470340947728782,-0.09070921326078807,2483.313549533347,31.48883275789305
2023-10-26,3.958909198543229,0.5480230601104992,-0.09062459311544896,2484.7688642904805,29.7460720122382
2023-10-27,3.9505280550841224,0.5489618886637138,-0.09054395733197008,2478.4752890122386,30.08723606378789
2023-10-30,3.9420885927569147,0.549905886138816,-0.09046144104947043,2471.895020664425,30.550447046597906
2023-10-31,3.9335650002554243,0.5508578746950895,-0.09037672380071286,2475.7586901394566,29.292487702817805
2023-11-01,3.9253798210401687,0.5517721637793103,-0.09029547730551557,2537.6670175808326,26.357003412401504
2023-11-02,3.917924822980112,0.5526122454028488,-0.09022873462272929,2568.5429078252664,24.47602063642462
2023-11-03,3.9109583515403425,0.5534004862142619,-0.09016953834424453,2618.100582287101,22.555642885080786
2023-11-06,3.9044883454716004,0.5541374578255256,-0.09011940222426287,2614.7699135266544,23.72446169218254
2023-11-07,3.897751257883313,0.5549042898423528,-0.0900666351043258,2620.526539460455,23.8812105550511
2023-11-08,3.891006866356265,0.5556723809428064,-0.09001422119543935,2621.1825178071595,23.815490831026764
2023-11-09,3.884316362685609,0.5564342256951744,-0.08996210326463416,2698.701571636933,20.054771303771247
2023-11-10,3.8785874445655852,0.5570934882122307,-0.0899242843579262,2699.50052673806,20.098513331928892
2023-11-13,3.8728747988067043,0.5577508231407085,-0.08988651006388693,2659.5984259500883,22.13385179905949
2023-11-14,3.8666868282788878,0.5584587678084684,-0.0898415569198322,2639.8480478801685,21.688443491267996
2023-11-15,3.860648235494428,0.5591474949016306,-0.08979558691058759,2647.794018908603,21.42598619983438
2023-11-16,3.8547023980344925,0.5598262663658709,-0.0897509279548808,2660.31931778907,19.875835155396725
2023-11-17,3.8491729606952587,0.560458507871864,-0.08971037802679956,2662.658819535525,20.418732451772215
2023-11-20,3.843536105988427,0.5611031484744602,-0.08966914052171811,2680.083617584525,19.673878044547454
2023-11-21,3.838106321778344,0.5617255420140785,-0.08963082285846982,2682.6478394349742,19.974003023739574
2023-11-22,3.832628558487227,0.5623535662743409,-0.08959228312819408,2707.5669259188408,19.319303581153235
2023-11-23,3.827328818813064,0.5629632304031869,-0.08955701046720897,2698.805631313869,19.35094408528728
2023-11-24,3.8220490992353326,0.5635697110304634,-0.0895209963332846,2691.975215034741,19.531561138777942
2023-11-27,3.816753741412171,0.5641772853681617,-0.08948417225468691,2698.978966929349,18.231747601593362
2023-11-28,3.8118068054357823,0.5647453871904519,-0.08945025454927452,2708.097048062136,18.029743516291497
2023-11-29,3.8069335151465786,0.5653057196332998,-0.08941750508809243,2702.345669369682,17.435753537045407
2023-11-30,3.8022385795681344,0.5658450523350584,-0.08938545120719014,2688.763223109197,17.74149440868895
2023-12-01,3.797503882474952,0.5663878424823104,-0.08935200918917162,2673.3304654737735,17.54214604527451
2023-12-04,3.792853121447896,0.5669197351145905,-0.0893178839926763,2631.7543783894994,18.339691027924165
2023-12-05,3.788057905470051,0.5674645943186598,-0.08927917159018123,2611.8581707054645,19.812401572891147
2023-12-06,3.7829529781987175,0.5680427537194166,-0.08923607124589222,2601.401130872128,18.378513926746386
2023-12-07,3.7782234573137057,0.568577427148889,-0.08919516271393499,2583.5684945259522,18.968396096809002
2023-12-08,3.773396449303134,0.569121471370007,-0.08915175777222913,2562.301728915797,20.204032383932223
2023-12-11,3.768324242952899,0.5696910133367609,-0.08910401968534126,2553.338025818258,18.518189499418725
2023-12-12,3.763680404294428,0.5702116031122537,-0.0890594427805148,2523.151947159268,19.687203277630296
2023-12-13,3.758825422011949,0.5707529488360779,-0.08900992556457953,2495.6357722987836,21.500903042712704
2023-12-14,3.7536247944402144,0.571329886448652,-0.088953931574567,2477.7164048555273,21.436012374283074
2023-12-15,3.748491250521577,0.5718973904957501,-0.088896655779991,2501.01009251022,21.306587649749844
2023-12-18,3.7434149364730342,0.5724609836785315,-0.08884235643772809,2585.050361439754,19.00193690178884
2023-12-19,3.7388257537059104,0.5729782875012757,-0.08880093097904279,2603.266926319187,18.452701443106424
2023-12-20,3.734380495427877,0.5734809669539804,-0.08876235173585705,2619.001118672983,18.543668342268393
2023-12-21,3.729938821515757,0.5739846345367074,-0.08872514587800033,2625.8860707760623,17.04887101562742
2023-12-22,3.7258531613851202,0.5744484904592333,-0.08869144607538776,2597.4271700070317,19.063203608193092
2023-12-25,3.72137434469387,0.5749544445114556,-0.08865196375778789,2598.8136064693244,19.247490173419624
2023-12-26,3.7168897122043054,0.5754612019786034,-0.08861253662723789,2568.689734773675,20.478544298487368
2023-12-27,3.712196975122928,0.5759885311414422,-0.08856833808442743,2558.932502179142,21.046178332653632
2023-12-28,3.707429081156172,0.5765233096195059,-0.08852240783415989,2579.926402855941,20.23560038635761
2023-12-29,3.702854971412797,0.5770384307153706,-0.0884803472167019,2610.7958764769073,18.70365002192511
2024-01-03,3.698614525086404,0.5775187755907143,-0.08844407848504714,2592.5421788891013,20.73979067685976
2024-01-04,3.693995822287141,0.5780401708405669,-0.08840276867406273,2606.7525661515683,20.305626269311784
2024-01-05,3.6894848420822024,0.5785507532595615,-0.0883637238811994,2600.4128716351497,20.61046283115182
2024-01-08,3.684944493516157,0.5790640151817743,-0.08832376021035336,2592.633485156033,21.82902126676445
2024-01-09,3.680202206796698,0.5795993267762161,-0.08828120691025204,2543.790470254878,24.04913206879913
2024-01-10,3.675106401598316,0.5801689931575209,-0.08822994750007779,2584.6000292613235,22.444477449939072
2024-01-11,3.670320874921213,0.5807083497551522,-0.08818609441887862,2564.136267493637,24.067119221771005
2024-01-12,3.6652754437160144,0.5812746389555036,-0.08813748847791696,2531.7612168540954,25.810442896264775
2024-01-15,3.659974090690662,0.5818656514864405,-0.08808241098022573,2552.748385251196,24.762785803764253
2024-01-16,3.654891439734085,0.5824347885686985,-0.08803202283686062,2569.4254333337512,23.74167231133695
2024-01-17,3.6500243982182807,0.5829816982919868,-0.08798560995250908,2587.1906339685493,23.115396220884765
2024-01-18,3.645303543587232,0.5835142215612681,-0.08794254126116989,2555.6610907011427,24.38464597541319
2024-01-19,3.6404197861254426,0.5840615352404555,-0.08789438003484805,2574.0787901468807,23.00983218230559
2024-01-22,3.63580995877007,0.5845802345204989,-0.08785092143928146,2562.7721813263474,23.778072163959287
2024-01-23,3.6311131527780334,0.5851075076061389,-0.0878053800452331,2561.9565037116536,23.957607999945463
2024-01-24,3.6264204873716626,0.5856342313900289,-0.08775974611891367,2576.8413703728415,22.72427928081706
2024-01-25,3.6219679548619053,0.5861356481627005,-0.0877180270900007,2578.124982940145,22.482037174119096
2024-01-26,3.617590249612416,0.5866288077521034,-0.08767712927890853,2568.8248875245713,23.13840524366
2024-01-29,3.6131350898888077,0.5871296654418707,-0.08763445108484696,2531.359418528339,25.490279126256652
2024-01-30,3.608338527243307,0.5876642749334609,-0.08758388914620216,2536.355380740271,26.01073273364316
2024-01-31,3.60347997122479,0.5882063614491511,-0.08753319672365231,2544.787253216269,26.304860885234937
2024-02-01,3.5985884500929317,0.588753088539687,-0.08748308811711293,2504.637243726625,28.95639909890817
2024-02-02,3.593330191447417,0.5893350751126771,-0.08742353001637682,2506.0293876025125,28.743502209549465
2024-02-05,3.588133714883552,0.5899102828688247,-0.08736469731586731,2505.3889870208454,28.793972381788556
2024-02-06,3.582957787485651,0.5904829845994046,-0.08730583774961861,2513.756539774147,28.827113873603682
2024-02-07,3.577793889878954,0.591055388155554,-0.08724810917342317,2517.654839537583,29.34974043535432
2024-02-08,3.5725701034837414,0.5916348442500297,-0.08719009171313195,2504.8225350564417,29.422741716388767
2024-02-09,3.5673716535745745,0.5922094661610453,-0.08713033573211641,2509.744283669483,29.191647973766255
2024-02-12,3.5622247376289256,0.5927789059941195,-0.08707166594766724,2517.403521165964,29.041688099944363
2024-02-13,3.557110285037438,0.5933456357081093,-0.08701423094775994,2511.6867421676875,29.578260909684474
2024-02-14,3.5519381440878943,0.5939177304698281,-0.0869551213961638,2513.907717811268,29.604598327765874
2024-02-15,3.54677102376253,0.5944893303255216,-0.08689613705715456,2494.341845787511,30.921509636502087
2024-02-16,3.541438131139962,0.5950760323024296,-0.08683206745910915,2471.5763121316286,31.190770201365957
2024-02-19,3.536100187205566,0.5956594437681901,-0.08676415297030321,2465.8574135229624,31.579384201477723
2024-02-20,3.530721017573811,0.5962461365130729,-0.08669451904091026,2477.1740431480403,29.481818561438654
2024-02-21,3.525653407697971,0.5968002391205267,-0.0866303074530539,2472.368108501901,26.98351791563671
2024-02-22,3.520987399532816,0.5973095403701082,-0.08657030437379355,2463.7855887099386,27.539507268785446
2024-02-26,3.5162569766698253,0.5978244276663647,-0.08650805113213397,2450.855973670808,31.10399119812104
2024-02-27,3.511020624031786,0.5983920777790022,-0.08643686487862406,2453.264226119452,30.804907430454275
2024-02-28,3.5058377099764266,0.5989540148564791,-0.08636649352017955,2455.0736734331913,31.44412059485253
2024-02-29,3.5005742274838347,0.5995246950558233,-0.0862950368647466,2437.9157097230527,33.58952432239639
2024-03-01,3.4950397106563997,0.6001215267130731,-0.08621670242416529,2472.0507556822304,32.14372692353864
2024-03-04,3.489681303734713,0.6007046597943408,-0.0861461025760305,2415.975875041453,36.45624668927767
2024-03-05,3.483815180886432,0.6013324921148008,-0.08605835881337413,2411.0936869647694,36.904261242347644
2024-03-06,3.477918858555033,0.6019622588482636,-0.08596886778343756,2391.6451241226855,38.422710234420855
2024-03-07,3.47187334113182,0.6026037147121966,-0.08587289729339787,2400.094824575151,38.14787507768238
2024-03-11,3.4658705238941434,0.6032418871972967,-0.08577884018194236,2399.716793161933,38.36257717832896
2024-03-12,3.459862837630376,0.6038800870701317,-0.08568421364285427,2389.0272880657126,39.49610440399178
2024-03-13,3.4537467945541906,0.6045271745417009,-0.08558527612677357,2373.636981399282,39.898393310439026
2024-03-14,3.4476205074190016,0.6051716381782473,-0.08548251917625428,2368.953318940815,39.17538913236691
2024-03-15,3.44160982621563,0.6058024656861896,-0.08538026373790826,2358.534457023787,39.92036411307418
2024-03-18,3.4355316529687934,0.606437646276228,-0.08527418690589493,2360.2269967066286,39.66029558171873
2024-03-19,3.4294958564394764,0.6070682409284913,-0.08516871973774756,2368.23316250955,37.86522592818535
2024-03-20,3.4236894482833957,0.6076760083708055,-0.08506841631377914,2363.543071032876,38.22891742659322
2024-03-21,3.4178564327514445,0.608285115294914,-0.0849662443083066,2360.3965056258603,39.24313106575001
2024-03-22,3.4119141701359963,0.6089044783206508,-0.08486103135306977,2383.8704969623836,37.318281516181464
2024-03-25,3.4061947837463538,0.609504889801449,-0.08476401421383693,2372.9923862596647,38.29079347247883
2024-03-26,3.400380695548181,0.6101125350208481,-0.08466273183267357,2343.767144689875,40.182014559075995
2024-03-27,3.3943959133650603,0.6107311760180515,-0.08455171769810604,2384.4036346419434,38.57091777567947
2024-03-28,3.3885615779301363,0.6113423630979806,-0.08445150653498203,2385.864477117106,38.84988153236997
2024-03-29,3.3827010966837827,0.6119560994218483,-0.08435068074482677,2383.3516446432086,39.825359278818674
2024-04-01,3.3767329416851797,0.6125800642415007,-0.08424698967293325,2377.817955718253,41.44438567771145
2024-04-02,3.370577574431126,0.6132218077425653,-0.08413831269634954,2372.046870755482,42.12577506642039
2024-04-03,3.3643584262119024,0.6138683078154396,-0.08402667226371409,2370.4382820563205,43.24734905371066
2024-04-04,3.358013347771379,0.6145269107957242,-0.08391183141484236,2370.848663871771,43.72785795763052
2024-04-05,3.351618814562558,0.6151901095190632,-0.08379560029667872,2355.800766827781,44.128062432548475
2024-04-08,3.3452156323784012,0.6158499557172923,-0.08367505415623075,2355.4365866160992,45.08478043594988
2024-04-09,3.3387009489912582,0.6165205074512478,-0.08355169156762068,2360.0314158973597,44.67010807573462
2024-04-10,3.3322234240861186,0.6171876322693035,-0.08342950180565768,2357.102427056637,45.90413893444962
2024-04-11,3.325612595869777,0.6178670454439665,-0.08330341910387049,2349.616293469945,46.38688068171572
2024-04-12,3.3189616416996652,0.618547924198725,-0.08317401411341685,2347.669190140275,47.22006041206712
2024-04-15,3.3122204696263204,0.6192367583884983,-0.08304165073287843,2367.5942084365715,46.654776719226845
2024-04-16,3.305502664598916,0.6199275260990068,-0.08291408257703413,2349.9410252617754,47.36284710014118
2024-04-17,3.29874724575102,0.6206168106994562,-0.08278057399390178,2360.429696362062,46.33225489932944
2024-04-18,3.292090292202302,0.6212979342162458,-0.08265094663826285,2379.4896177454716,45.23366583437058
2024-04-19,3.285530565935554,0.6219731090343937,-0.08252721067749573,2402.1856895483147,44.48841382668603
2024-04-22,3.279021187016433,0.6226478936549389,-0.08240919776915327,2399.269270743188,45.00956780571388
2024-04-23,3.2724649254214384,0.6233261100283315,-0.08228896698211993,2388.206179100438,44.01687886493624
2024-04-24,3.2660674213375462,0.6239845400906228,-0.0821683613859563,2386.681340292824,43.66936809332498
2024-04-25,3.259730497665271,0.6246356768339385,-0.08204788242195835,2388.8243366665424,43.99384446995269
2024-04-26,3.253365814764346,0.6252894970364536,-0.08192673428295323,2367.9541000577383,45.68567861665409
2024-04-27,3.246862109905806,0.6259516126169589,-0.08179706166655176,2368.6648317785207,46.3208282362876
2024-04-29,3.240297375954854,0.6266193522459717,-0.08166562329547082,2357.2210397245212,47.55001509771306
2024-04-30,3.2336381607741402,0.6272928743495996,-0.08152853504197252,2360.8933171414606,46.97106280944645
2024-05-02,3.227061075158119,0.6279582599560427,-0.08139331868984488,2352.167805930101,46.36838372331289
2024-05-03,3.220605661754281,0.6286082708457129,-0.08125757402251783,2351.679948797856,46.35367375392141
2024-05-06,3.2141789447154894,0.6292544789515959,-0.0811215385967069,2361.4075860144767,45.50855262556674
2024-05-07,3.207846571087406,0.6298929575144708,-0.08098925407464326,2357.410535723573,45.39724617578944
2024-05-08,3.201559750330986,0.6305250411335555,-0.0808561562322122,2357.1246948683015,45.624031154269694
2024-05-10,3.19527111495258,0.6311564638423481,-0.08072219917822782,2366.6609539695605,45.76570396421771
2024-05-13,3.188963759570064,0.6317914988086907,-0.08058957075815881,2339.7866187885843,47.75321699163773
2024-05-14,3.1825265632805535,0.6324314493518064,-0.0804461703211037,2299.59592662502,50.63211583801175
2024-05-15,3.175920113499821,0.6330754559622811,-0.08028638599062243,2294.767449924309,51.244955131051675
2024-05-16,3.169301076404659,0.6337181878223586,-0.08012381169939657,2271.7336647483276,53.4625319023136
2024-05-17,3.1625605868641826,0.6343642177748063,-0.0799498508046462,2272.890760215232,54.072076903000266
2024-05-20,3.1557940339174606,0.6350119540550894,-0.07977442352640621,2261.0580968986733,53.383497963052065
2024-05-21,3.1491771993566724,0.6356402775944296,-0.07959784172285841,2241.7504248711193,52.93317052441737
2024-05-22,3.142712557762555,0.6362465257192578,-0.07941776554596312,2233.344975374404,54.236807926304856
2024-05-23,3.1361928415897045,0.6368537623908106,-0.0792320024467524,2203.8782196544453,56.21507437646933
2024-05-24,3.1296320861163562,0.6374527820879926,-0.0790331481883927,2176.7002986382845,56.038936647585636
2024-05-27,3.1232346382308416,0.6380252454858191,-0.07882770676437477,2162.041242939561,52.59745903432926
2024-05-28,3.1172564829469973,0.6385533286861453,-0.0786289218881028,2162.959973105344,52.703241903179496
2024-05-29,3.1113118153164776,0.6390773194974828,-0.07843010420845155,2142.478332351698,54.86877742926595
2024-05-30,3.105286046228497,0.6395990330656056,-0.07821925077675076,2152.455860554716,52.48535684973996
2024-05-31,3.0994830850107062,0.6401036864017773,-0.07801838042094333,2131.941500366733,50.9042344476424
2024-06-03,3.0939369733314126,0.6405769067406895,-0.07781739717514007,2114.1039360020923,48.59345117821545
2024-06-04,3.0887067104553925,0.6410151079362943,-0.0776198516642573,2160.933766960603,47.47930032499244
2024-06-05,3.083468007021281,0.6414695753455942,-0.07743732059224501,2175.95657511849,47.624269561770994
2024-06-06,3.078212444851175,0.6419294503688144,-0.07725806018743273,2174.1047797508663,46.83652921115511
2024-06-07,3.073079455869737,0.6423766923351657,-0.07708105730385094,2171.6474662221926,48.88328102463717
2024-06-10,3.067807834251937,0.6428338858846698,-0.07689715519091171,2135.3537670582396,48.96548052467238
2024-06-11,3.062698319468099,0.6432624404530118,-0.0767044677614826,2127.7178105437038,49.03762069790998
2024-06-13,3.0576532857685224,0.6436812174902193,-0.07650986414694502,2123.837305232818,49.33771019961979
2024-06-14,3.0526378961227043,0.644094554874653,-0.07631343870290229,2132.2224228769846,50.82432139799033
2024-06-17,3.0475157162152207,0.6445184221121668,-0.07611449955106907,2085.7271005013777,52.6412539413565
2024-06-18,3.0424732452523537,0.6449147710060988,-0.07589793355320822,2074.0963013508217,50.144908795787835
2024-06-19,3.0377174783807397,0.6452818862658064,-0.07568702978097976,2068.1240656331315,46.38725259807737
2024-06-20,3.0333267280625815,0.6456166571593902,-0.07548815188678347,2038.3932432323813,53.230001638301246
2024-06-21,3.028584586070819,0.6459626371061675,-0.07525789846191115,2037.3794766642866,52.86057583631847
2024-06-24,3.0239285739104975,0.646299546682568,-0.07502902096878927,2050.099524585632,51.11705372577855
2024-06-25,3.01940126819994,0.6466307751203075,-0.07481000982696417,2067.977866789981,50.455672179396
2024-06-26,3.0148986129496627,0.6469662772807214,-0.07459816473577319,2109.281905757159,49.420520386470045
2024-06-27,3.010358317000299,0.6473206759659389,-0.07440042565425081,2104.4372079417303,49.69893081681482
2024-06-28,3.0058638590188593,0.6476676980113139,-0.07420087670187166,2104.4499840695644,49.88999614522225
2024-07-01,3.0014026111329564,0.648010371933825,-0.07400099064064185,2118.3631375141545,50.408111979276285
2024-07-02,2.9968971806949796,0.6483606194280012,-0.07380320747021983,2118.7075881454602,51.851535247303616
2024-07-03,2.992330516041114,0.648714007025581,-0.0736010932861367,2117.4596832333523,51.26946809721191
2024-07-04,2.987856916969641,0.6490578358642304,-0.07340072381595068,2099.108388864793,49.292433712523916
2024-07-05,2.9836427266012087,0.649372102929416,-0.0732024085961621,2091.301180847024,50.58997856657197
2024-07-08,2.9794171881702196,0.6496818038162586,-0.07299815253381944,2083.221258681623,50.37192938317405
2024-07-09,2.9752906150769607,0.6499785235309468,-0.072792950677059,2071.807721268078,47.410880297845196
2024-07-10,2.9714610196898485,0.650246787144286,-0.07259542014909728,2062.5326166489594,44.27650627095363
2024-07-11,2.96792166045523,0.6504889029482438,-0.0724070527879965,2072.160674038739,44.40048194564186
2024-07-12,2.964382312237707,0.6507333576578901,-0.07222094315097673,2056.752744388218,44.55845546394943
2024-07-15,2.9609338483193186,0.6509630014879308,-0.0720311126254125,2016.8741086002908,44.4552234359314
2024-07-16,2.957689467194104,0.6511590936498826,-0.0718327028703905,1977.3201024471173,48.93187988912175
2024-07-17,2.954398362452688,0.6513346340698478,-0.07160821569328168,1985.1997050772204,48.46063055834264
2024-07-18,2.9511535396226733,0.6515090940385163,-0.0713881824985211,2013.1438744712354,48.057972298819315
2024-07-19,2.947853475069295,0.6516994051027996,-0.07117712449181628,2020.4122588556452,48.89238504738913
2024-07-22,2.9445206680335034,0.6518930259102371,-0.07096532691027853,2043.6723675782064,47.99534641573404
2024-07-23,2.9411831812422693,0.6520967639675895,-0.07076293683375,2024.4667186446804,49.57074730411779
2024-07-24,2.9378887034281846,0.6522852845219232,-0.07055061105830414,2044.8710500879854,49.23972833732919
2024-07-25,2.9345663453640327,0.6524840411588799,-0.0703450034338976,2061.865433458109,47.50574652677943
2024-07-26,2.9313133879952855,0.6526850379347091,-0.07014996699650887,1990.9002156797458,50.345556066858556
2024-07-29,2.928277771567135,0.6528317999250133,-0.06992742044300392,1972.1981286387504,47.39644855085798
2024-07-30,2.9255246212562698,0.6529507949653952,-0.06971150991953204,2004.9331332672286,46.87671878618724
2024-07-31,2.922699140305506,0.6530895371047867,-0.06950634092519875,2052.1801507659775,43.39286923234506
2024-08-01,2.919899108864603,0.653249607741665,-0.06932535381576688,2060.605553864993,42.46734385887911
2024-08-02,2.9171503553062723,0.6534089500448035,-0.06914982575944019,2044.3743166755098,41.80377714362273
2024-08-05,2.9145382683223273,0.6535507401774214,-0.06897341863407769,2050.5743112777363,37.947695162405104
2024-08-06,2.9121437055998274,0.6536816887780678,-0.06881260965950371,2044.0340175723254,38.488399687303044
2024-08-07,2.9097768537519766,0.6538063990990972,-0.06864892572154133,2068.998311467169,38.95323084924711
2024-08-08,2.9073214760664716,0.6539458633766924,-0.06848909788499784,2089.042607716446,36.54628151017505
2024-08-09,2.9049569182134847,0.6540871545914074,-0.06834206608962132,2099.1566648905123,35.68734757339138
2024-08-12,2.9026342177945335,0.6542286839647755,-0.06820031061269528,2103.0044036101494,35.27170913748394
2024-08-13,2.900345660682099,0.654368484709916,-0.06806096014647924,2104.6976987392345,37.0553121109956
2024-08-14,2.897973174923785,0.6545130003598238,-0.06791607516047256,2149.031683972395,33.60017078449366
2024-08-15,2.8956636805538913,0.6546695545044477,-0.0677908080038282,2102.6750485613775,34.97615820104003
2024-08-16,2.8934520515886284,0.6548013579066516,-0.0676528305520288,2064.2898024185006,37.005957045687566
2024-08-19,2.8912959131848237,0.6549122011030857,-0.06750074799610987,2058.678743274177,34.826281617186595
2024-08-20,2.8892929908820943,0.6550113097384141,-0.0673556138222296,2057.697174468152,34.53971917493386
2024-08-21,2.887328156347876,0.6551068389476074,-0.06721154116445874,2068.257015625699,33.83926557902037
2024-08-22,2.885378888327326,0.6552051099578563,-0.0670720819544087,2057.596071778286,32.47255072975812
2024-08-23,2.8835527705645005,0.655291566232507,-0.06693584989446179,2054.630385664266,29.58389102861525
2024-08-26,2.881892935550673,0.6553680405758731,-0.0668099288588008,2040.2730262299383,35.459811724655225
2024-08-27,2.880019106262367,0.6554464853200492,-0.06665992944194803,2049.3556901167517,33.23114250823147
2024-08-28,2.8782339039749023,0.6555241535577843,-0.06651993388650002,2038.7003097251593,32.43633638158367
2024-08-29,2.8765420763195304,0.6555916917691224,-0.06638121400883971,2035.0975040868373,33.078144637360765
2024-08-30,2.8748523498136294,0.6556561637608015,-0.06623969031348526,2012.4793641492142,31.694269626483162
2024-09-02,2.873316557752648,0.6557031308334221,-0.06609950344430908,2013.3155363269257,26.411879016401095
2024-09-03,2.8720206889945366,0.6557420190070461,-0.06598047503075827,2008.4524686035859,25.687813849790665
2024-09-04,2.8707833958946636,0.6557762045624551,-0.06586389478683917,2037.935432419593,27.832803657914052
2024-09-05,2.869376867524597,0.6558273283967426,-0.0657435502599838,2059.217640890278,27.31145790236016
2024-09-06,2.867944862554151,0.6558871064604268,-0.06562869281948772,2053.0480158180226,27.77928133135925
2024-09-09,2.8665271243271513,0.6559427715165858,-0.06551145970836321,2045.320560434527,32.163634996448366
2024-09-10,2.8649620790531753,0.655999312377173,-0.06537713418184765,2039.2670293090564,30.997067162171298
2024-09-11,2.8634884516773873,0.6560482912165897,-0.06524638846686644,2058.5798354245508,29.6053693953414
2024-09-12,2.8620287823543094,0.656104247993591,-0.06512425460398934,2018.500269905591,29.551629939703126
2024-09-13,2.860721602957092,0.6561354966449915,-0.06499609742839074,2000.9645870295897,33.884928167416064
2024-09-16,2.859336164061307,0.6561571240400681,-0.06484880517374259,1989.0958657476665,37.96217906111341
2024-09-17,2.8578832580443336,0.6561697778229101,-0.0646843305588256,1981.5353480611604,39.99447462364314
2024-09-18,2.856418745552756,0.6561748913463599,-0.06451093383585196,1963.1271616413917,40.170746641763586
2024-09-19,2.8550581346269226,0.6561629312611355,-0.06433318359234112,1955.769377106395,41.06520085112844
2024-09-20,2.853729340590858,0.6561422911888384,-0.06415066322359095,1954.4280539773658,42.36134168959398
2024-09-23,2.852397599789762,0.6561171227218712,-0.06396325728105566,1958.1617176613229,44.0059814552924
2024-09-24,2.8510310648588915,0.6560912652785169,-0.06377090322222428,1965.8262766174253,46.09429297800154
2024-09-25,2.8495988294279386,0.6560679568604542,-0.06357305711997784,1973.9055151980197,43.37616356049783
2024-09-26,2.848223215884953,0.6560495764679963,-0.06338701096762933,1972.0586182501324,43.48711411584887
2024-09-27,2.8468833522337778,0.6560263274636338,-0.06320044297808317,1957.3174758392124,46.044779923827846
2024-09-30,2.845589199527721,0.6559851602742428,-0.06300155912656479,1946.4865859258193,46.806046374105435
2024-10-01,2.8443716435360886,0.65592963675508,-0.06279766751953096,1946.6149372329733,44.56839645956103
2024-10-02,2.843231751365982,0.6558730838898359,-0.0626022014937582,1935.8485988259667,42.92388370030456
2024-10-03,2.8422090948961998,0.655806012074527,-0.06241054346799019,1917.3753536242223,45.11451786113383
2024-10-04,2.8412665665644297,0.6557166145026282,-0.06220641685902199,1918.641928388059,46.17735380964456
2024-10-07,2.840323361887415,0.6556237462784182,-0.061998750289862334,1896.793945875692,47.292751860306524
2024-10-08,2.8395086541149808,0.655505405506599,-0.061781403301320995,1893.589706947543,47.25312404104891
2024-10-09,2.83873986280186,0.6553809274103061,-0.061563544456903416,1892.768813760693,45.22692787496116
2024-10-10,2.8380291896446725,0.6552571155787285,-0.06135344162919654,1901.5063800351838,45.2290683320717
2024-10-11,2.837293166417522,0.6551386938599941,-0.061145622680363866,1915.9774051548484,43.76578724723432
2024-10-14,2.836516119898987,0.6550343391139346,-0.06094684704380904,1918.7384098838604,44.5408079451471
2024-10-15,2.8357345154656444,0.6549283646883233,-0.06074591062995042,1917.3535650978843,46.33659910590144
2024-10-16,2.834961280876992,0.6548144858507798,-0.0605381122551012,1925.091212183234,44.58847364657053
2024-10-17,2.834192082441897,0.6547086040141643,-0.060338784888189244,1922.2980337190509,43.76178675340088
2024-10-18,2.833471056416542,0.6545993143536285,-0.06014195543302343,1929.8677501006268,42.595263320842115
2024-10-21,2.8327462251751094,0.654496746652686,-0.05995136945354975,1928.0581596452541,43.549092964562576
2024-10-22,2.8320380764027533,0.6543881947406818,-0.05975687135749109,1923.63463161678,43.228342571703074
2024-10-23,2.8313757225029303,0.6542741449502159,-0.05956251576433226,1932.3433231085564,41.534372660046984
2024-10-24,2.8307038809655256,0.6541695625190262,-0.05937647148097807,1915.0839934859862,41.94782104839791
2024-10-25,2.8301361595714116,0.6540467242531629,-0.059184973922820204,1878.4216085739724,41.62741675547728
2024-10-28,2.829786898406113,0.6538899216222744,-0.05898633479758689,1846.766169955329,39.436169120549124
2024-10-29,2.829638131794206,0.6537105548502443,-0.058789699057633885,1853.9776123985112,40.22067918267855
2024-10-30,2.8294675663233853,0.6535324813853268,-0.05859169971621107,1869.8711379540503,39.86953148341872
2024-10-31,2.8292283723673766,0.6533679712452602,-0.05839886440635669,1836.9117299130955,39.37523280561352
2024-11-01,2.829183565285017,0.6531744433297675,-0.05820087330121854,1848.3275824612258,39.29944152927298
2024-11-02,2.8290924754763362,0.6529896293405056,-0.058005942290259856,1853.1860813320366,39.995655381525786
2024-11-05,2.828989263019713,0.6528046131959505,-0.05780936153861413,1864.6340950266851,40.32297312264661
2024-11-06,2.8288381139147654,0.6526268093170107,-0.05761414657392163,1894.5222920644298,40.55627696511897
2024-11-07,2.8285379806213964,0.6524730944444468,-0.057424776850445655,1955.1648236901092,37.61653070874096
2024-11-08,2.827962788125549,0.6523773164975522,-0.05725956813149062,1962.0098758023496,39.37544523733458
2024-11-11,2.827347288041669,0.6522814546537341,-0.05708937801729636,1962.4898484029982,41.92735836399777
2024-11-12,2.826718892096449,0.6521781886086555,-0.05691024580468093,1989.4459520399769,38.56923316631045
2024-11-13,2.8260170182777102,0.6521018934646684,-0.05674898087876877,2000.4978557942757,38.16510685049388
2024-11-14,2.8252846565854215,0.6520331350988309,-0.05659149865799692,2007.7356088359638,34.35384560240615
2024-11-15,2.824596659175994,0.651973981924861,-0.05644898016143713,2011.18206316157,36.19900705031016
2024-11-18,2.823874263883128,0.6519131399064195,-0.056300611665410394,2007.114024464545,35.556324495607214
2024-11-19,2.8231994627641974,0.6518481538561632,-0.05615391240943224,1957.0547425975415,34.41167192434287
2024-11-20,2.822792082614374,0.651745401014378,-0.05600222413491706,1985.4579773342878,30.795515676772567
2024-11-21,2.8223149190720727,0.6516702274524516,-0.055869457416940424,1986.6591395173516,29.292436176244486
2024-11-22,2.8218635879283265,0.6515979375018679,-0.05574271403839395,1999.6299385202276,29.076383098666582
2024-11-25,2.821373295520703,0.6515334496075679,-0.055618993233887075,1987.4404540134028,27.334129427101495
2024-11-26,2.8209648512355456,0.651463848894687,-0.055500162454843786,1992.1392285391926,23.703703270131005
2024-11-27,2.820595832695026,0.6514044304765859,-0.05539626188576925,2002.2593773825406,24.45340639420641
2024-11-28,2.820186289455831,0.6513484537335619,-0.05529087383740379,1995.9736328679792,27.650984864915106
2024-11-29,2.8197565199211345,0.6512816541817079,-0.05517232033083426,1989.487916459002,29.581083588005086
2024-12-02,2.8193296352877573,0.6512059754600694,-0.05504535663356959,2009.7865952239633,28.707197378423288
2024-12-03,2.818833911135715,0.651145002975787,-0.05492468650212442,2017.1215610517,25.904162100962623
2024-12-04,2.8183555178072783,0.651093332414488,-0.05481540621693936,2015.0536843070702,23.352544865560066
2024-12-05,2.8179278464494644,0.6510448502623458,-0.05471548833509925,2020.4389599890521,24.27150979179322
2024-12-06,2.817467213811776,0.6509974391791384,-0.05461268241593031,2046.7522541396786,23.914850704100775
2024-12-09,2.816927016248786,0.6509645262154878,-0.0545146281061733,2029.0819888509002,26.80069184671372
2024-12-10,2.8163993896490056,0.6509168873815938,-0.0544035459990782,2030.5553205884241,24.23941246126431
2024-12-11,2.815918662869088,0.6508733890869431,-0.0543022641739807,2067.857831686724,21.504484568484816
2024-12-12,2.815375692649155,0.6508523199746834,-0.05421567891226907,2037.9657210050912,22.309711802741994
2024-12-13,2.8149124865778075,0.6508149127389975,-0.054122608783410034,2057.1624114082906,20.807184995115847
2024-12-16,2.814421386984463,0.6507887857426069,-0.05403736157687841,2031.6529870232853,19.12959621840482
2024-12-17,2.814040745809456,0.6507528699600255,-0.053955816428920236,2017.6826837125645,17.815849795866345
2024-12-18,2.813724492556194,0.6507130088393002,-0.05387817194208463,2037.3499467625052,18.25901602366493
2024-12-19,2.8133501184718477,0.6506805146774755,-0.05380080510293693,2025.1492365374447,19.32207051227457
2024-12-20,2.8129945584064684,0.6506403712204971,-0.05371816483209437,2187.6479704533244,20.605327531433982
2024-12-23,2.812141063148102,0.6506735282307048,-0.053647844724279664,2319.0644588056084,16.53319896903007
2024-12-24,2.811149262285157,0.6507473536288928,-0.05360103183770229,2299.829128336418,17.00695355339319
2024-12-25,2.8101771685372348,0.6508158707892704,-0.05355137006601889,2301.454533601274,18.743601496385743
2024-12-26,2.809112772425912,0.6508910448153746,-0.05349715848250649,2305.675797108713,19.989549418406625
2024-12-27,2.8079758529439567,0.6509720799807823,-0.053440000996551475,2297.9304862514205,19.99710245796802
2024-12-28,2.8068643695845568,0.6510492407389288,-0.05338209461479253,2277.7856259977984,22.341188222191953
2024-12-30,2.805701091735423,0.6511243860972933,-0.05331595473619998,2316.332271491072,24.465735571871395
2025-01-03,2.804321979103498,0.6512246258403389,-0.0532485607253443,2313.595263940241,22.255609876328776
2025-01-06,2.803070442868325,0.6513145522767471,-0.05318638131405935,2326.393137523759,21.056925184952256
2025-01-08,2.8018510969247648,0.6514049156657902,-0.05312851999291195,2342.40110793152,21.27683812908485
2025-01-09,2.800580281142412,0.6515025619704153,-0.053071652271076505,2301.444022557805,20.494783832194983
2025-01-10,2.7994695841905677,0.6515785958601248,-0.05301276776698779,2302.8824608925197,22.654544813602186
2025-01-13,2.798253646639589,0.6516619049190566,-0.052948388675390035,2312.2898599207947,23.951155505139667
2025-01-14,2.796952049712435,0.6517533610730677,-0.05288173065037669,2310.113833037022,23.782211902549722
2025-01-15,2.795671631525692,0.6518423505060561,-0.0528152054724224,2287.243427762012,24.296345788683183
2025-01-16,2.794444799784348,0.6519207268204802,-0.05274469340854935,2294.1534393234897,26.900404746183604
2025-01-17,2.7930821531308885,0.6520096292086973,-0.05266822219750809,2285.1311672309216,28.899384080841408
2025-01-20,2.791672442066429,0.65209788990595,-0.05258546606925278,2309.099949045031,26.86977890288238
2025-01-21,2.790271951724155,0.6521931198704454,-0.05251071481398533,2298.8374522536637,27.660613721207604
2025-01-22,2.788880061460533,0.6522839076603097,-0.05243263647527542,2302.03349522179,29.13018017201361
2025-01-23,2.7874209911864027,0.6523796103983261,-0.05235131896672813,2296.3622528346323,27.423275504028965
2025-01-24,2.7860699688972326,0.6524657265909007,-0.05227355584052931,2298.228475208056,28.27010159349481
2025-01-27,2.784685285909799,0.6525540505230556,-0.05219391865062317,2323.227074047705,24.455763807986173
2025-01-28,2.7833942942952423,0.6526435547495795,-0.05212672998703229,2323.708850457244,26.176306443170215
2025-01-29,2.7820294139301702,0.6527378776982429,-0.052055398616921066,2312.3929532773404,27.602879770845988
2025-01-30,2.780649748934638,0.6528290678671074,-0.051979203279138825,2303.0537039224196,28.849361825388065
2025-01-31,2.7792625742637176,0.652916902154444,-0.051898792382358255,2296.42379095656,28.377872220701406
2025-02-03,2.7779319950634647,0.6529981582988189,-0.0518187092219415,2269.514517419515,28.933742328606726
2025-02-04,2.7766964445772846,0.65306286137193,-0.05173374341193562,2260.994044567548,29.04545268530594
2025-02-05,2.775501838168483,0.6531211322695778,-0.05164736781624817,2278.602121762333,28.61218604209079
2025-02-06,2.7742660091138647,0.6531880270041535,-0.05156452260481146,2291.489755000066,29.61524237754729
2025-02-07,2.7729525262403194,0.6532636583854037,-0.05148093205999289,2297.633669234093,29.1124011509146
2025-02-10,2.771648768084593,0.6533403586380319,-0.051399545344040065,2294.2227000912194,31.303295006200837
2025-02-11,2.770286563986626,0.6534183401370348,-0.05131237595658312,2282.012315862009,32.252572828905656
2025-02-12,2.7689548412421257,0.6534884762818369,-0.05122113989044449,2293.01665136821,31.949761385057982
2025-02-13,2.767599470825106,0.6535638899368692,-0.05113225530984139,2430.7566104223733,31.93299511145833
2025-02-14,2.7656723751628363,0.6537286038146785,-0.05106257175976818,2355.0016985295165,35.244063814847415
2025-02-17,2.7639365894547643,0.6538522922159881,-0.05097544304551947,2362.9995335025706,40.008914648243234
2025-02-18,2.7619816058345497,0.653994222495373,-0.05087985813502453,2374.991120125158,37.21146038761902
2025-02-19,2.7601030732714045,0.6541345616139131,-0.05079190211391095,2370.7013189816244,37.96086304979826
2025-02-20,2.758231801123733,0.6542718691972885,-0.05070180582797974,2385.1723149615036,38.04537220838664
2025-02-21,2.7563046927119954,0.6544183303129658,-0.05061397934911256,2377.4936033830177,38.09879426502319
2025-02-24,2.7544370230828203,0.6545565117138165,-0.05052508763492975,2371.620875738373,39.29840278419115
2025-02-25,2.752572192982289,0.6546912309084849,-0.05043306701627494,2378.012295761632,39.87059721803084
2025-02-26,2.750673398520218,0.6548302824616437,-0.05034117763339675,2395.260487085293,36.770093176231015
2025-02-27,2.748840980166315,0.6549705157063164,-0.05025840791052243,2390.346188407904,35.237733165048994
2025-02-28,2.7471199824418355,0.655099801128497,-0.050178209493848665,2378.591333355526,34.55358871946361
2025-03-03,2.745505812485237,0.6552161290338363,-0.050098030122228805,2387.1122839381014,31.779724865324766
2025-03-04,2.74398952320093,0.655327832488769,-0.050025042827773855,2408.140876327473,34.61131081930875
2025-03-05,2.74228211528433,0.6554609412791887,-0.04995002250237941,2461.623757206828,32.57996842308617
2025-03-06,2.7404529179055204,0.655620862921707,-0.04988672057396958,2497.1536598556654,28.454249795160933
2025-03-07,2.738711692310122,0.6557819225017782,-0.04983515044547988,2503.112406987057,26.51769018283545
2025-03-10,2.737070489920795,0.6559349632204544,-0.049787703591370365,2538.8507776338133,26.0731835127044
2025-03-11,2.735343077806133,0.6561035275434541,-0.049745147704303654,2501.180690608238,27.97755923909646
2025-03-12,2.733658370118952,0.6562600466061894,-0.049695752730145676,2511.781806647461,26.76140863723053
2025-03-13,2.7320145047381628,0.6564150087892603,-0.049649727630045055,2493.9923867469793,25.163573737752955
2025-03-14,2.7305332056984954,0.6565510083477111,-0.04960457313056685,2521.520849474889,26.71241646347604
2025-03-17,2.728887346672902,0.6567082496651138,-0.04956043542595091,2537.7630185655185,27.876006398515397
2025-03-18,2.727134102227574,0.6568793111555762,-0.04951688639489603,2550.021673303941,27.743620146546675
2025-03-19,2.7253597939081606,0.657055053765784,-0.049475349379380286,2535.0646804737567,27.404638819567005
2025-03-20,2.7236765175124766,0.6572189472066743,-0.04943302379657909,2518.6974073476667,27.968528120817492
2025-03-21,2.722039662412206,0.6573749527915829,-0.04938841882932421,2494.98894293633,27.92080738617715
2025-03-24,2.7205087362097586,0.6575156397271489,-0.049341411574230234,2457.514360925666,29.344513730642106
2025-03-25,2.7190744128643343,0.657638181071883,-0.04928801722395216,2445.8511591340134,29.38726823918738
2025-03-26,2.717701673364447,0.6577521121190968,-0.049233479975545905,2426.640601901212,29.65702451096157
2025-03-27,2.716411840510201,0.6578533968401393,-0.04917638637473654,2409.2230893732326,28.00765581249307
2025-03-28,2.7152679821389105,0.6579378113181826,-0.04912026772181817,2401.2001672994,26.005738347207874
2025-03-31,2.714239794663413,0.6580110356704647,-0.04906709923541241,2378.116262737806,26.712055554881474
2025-04-01,2.7132878096054878,0.6580712546598968,-0.049010199265253955,2396.551883264062,23.6956320746329
2025-04-02,2.7123797537443135,0.6581340830239233,-0.048961291712937,2377.5343084531332,23.08507976500924
2025-04-03,2.7115684137945824,0.6581845641389197,-0.048911844404198525,2332.9990120714515,22.570990609250252
2025-04-04,2.7109361568229535,0.6582099550952746,-0.04885919185167692,2306.9629526512736,20.590146313482194
2025-04-07,2.710450170329273,0.6582196379660721,-0.04880871756975023,2279.307272859104,19.768406502546565
2025-04-08,2.710080674714873,0.6582148714440155,-0.048758002788605245,2294.7050792923874,19.684661213496923
2025-04-09,2.709678375447498,0.6582163434996509,-0.04870942430857988,2243.9465956949284,18.126251537599856
2025-04-10,2.709464973517297,0.658194345585911,-0.04866048661406458,2266.666384716402,21.953544581544506
2025-04-11,2.7091478547478616,0.6581789744568158,-0.048605206543359585,2292.1137005203627,23.463334273406367
2025-04-14,2.708735326569248,0.6581754911525439,-0.048549944758685286,2291.4534941496036,23.05246461248536
2025-04-15,2.708348672718267,0.6581703842370286,-0.048496133802361036,2268.3103310659176,23.684575323590074
2025-04-16,2.708054915438542,0.6581508248154935,-0.04843910155816727,2274.1036687859805,25.844306892472257
2025-04-17,2.707732966193315,0.6581317595487353,-0.048378857905776694,2268.551226021199,26.306162591067906
2025-04-18,2.707446541760968,0.6581075224447213,-0.04831764727107011,2246.818905661542,27.859436858092312
2025-04-21,2.707257265897528,0.6580662659801024,-0.04825110165438264,2248.5784161459496,29.969227624673177
2025-04-22,2.7070666133998933,0.6580219530670266,-0.04818106553974959,2246.4068822598247,31.520697489488757
2025-04-23,2.706897542620508,0.6579724211578604,-0.04810822369720992,2234.7114121126856,31.70514922181762
2025-04-24,2.706804265577855,0.6579123070517067,-0.048033953547566975,2236.1091514595596,31.67648806759289
2025-04-25,2.706723537650037,0.6578516888391517,-0.04796059876774592,2240.359519343289,34.18114253738982
2025-04-28,2.7066341175238664,0.6577887132458263,-0.04788351089488231,2224.434553737739,36.407699426419924
2025-04-29,2.706648035075182,0.6577070280057025,-0.04780008495125372,2194.5736557003347,34.771507546241274
2025-04-30,2.7068428977071792,0.6576022088119737,-0.0477157166478117,2194.7358193103014,32.97591328860403
2025-05-02,2.707048721939711,0.6575005301745656,-0.04763585776943696,2156.302650453107,31.553889218840393
2025-05-05,2.7074601642987006,0.657371538933319,-0.04755389522935127,2142.9047649300587,27.80782631230887
2025-05-06,2.70790851963471,0.657245320947784,-0.047479460195034164,2134.5579613474392,32.1149414101565
2025-05-07,2.708479830575859,0.6570939779568565,-0.04739441503551183,2157.9687893657174,31.285031273910047
2025-05-08,2.7089379103834634,0.6569627386498383,-0.04731555157681664,2164.527112356421,31.711447905881094
2025-05-12,2.7093856165573174,0.6568336472776787,-0.04723740243481794,2158.8896675219944,35.72578738418313
2025-05-13,2.7099336320870147,0.6566840484106681,-0.04715048626879695,2135.924959107864,37.43600810892327
2025-05-14,2.7106627438878172,0.6565056714477723,-0.04705667231210752,2148.2547039016877,36.12026519429994
2025-05-15,2.711317583101128,0.6563419695353705,-0.04696845566530639,2132.848667136174,33.15759546191348
2025-05-16,2.7120257110856456,0.6561758409799069,-0.04688459047661584,2132.6755210741144,33.1820041039095
2025-05-19,2.7127526931764447,0.656008065705121,-0.04680127420768176,2138.5795230758877,34.79180778154818
2025-05-20,2.71349262045049,0.6558370327011358,-0.04671599505393033,2130.9293795181,32.49711732063609
2025-05-21,2.714247200650365,0.6556682676033577,-0.04663496494062422,2130.2102505127073,31.892145356252
2025-05-22,2.715008745148007,0.655500434373548,-0.04655569906115361,2133.6230203352407,30.864729775988643
2025-05-23,2.715745671211194,0.6553388605766324,-0.046479716703228514,2140.3026114831605,29.425623514069834
2025-05-26,2.716432412726133,0.6551878973511638,-0.046408303803860525,2109.5762247412686,27.980206087652746
2025-05-27,2.717246737377764,0.6550204211981989,-0.046336150031779315,2102.2561453582884,30.1815673624098
2025-05-28,2.718167745353966,0.6548346947286677,-0.04625842735136874,2114.223975327401,31.736279244903255
2025-05-29,2.7190788261921393,0.6546493386623835,-0.04617955621744292,2125.373648408531,32.20922363952656
2025-05-30,2.719954346491819,0.6544696814328397,-0.046101876559753,2139.812799370977,32.19988219677759
2025-06-02,2.7207659530774357,0.6543007568914824,-0.04602700189130406,2142.6382829037734,32.064755053528614
2025-06-03,2.721572753388555,0.6541336840803198,-0.045953323460185956,2156.1067696670193,31.443397881343383
2025-06-04,2.722306968241798,0.6539791991206281,-0.04588335428416676,2166.6812715285273,30.92096365418977
2025-06-05,2.722987224593502,0.6538343082004502,-0.045816373761813016,2159.88508993228,32.25749894359262
2025-06-06,2.7237413864081788,0.6536774944686146,-0.045746247503117204,2136.9907184186063,30.377730515450494
2025-06-09,2.724584361875437,0.6535100976244378,-0.04567666332182512,2141.5549492452833,27.83982035879251
2025-06-10,2.7253529453563137,0.6533576125192773,-0.04561321874911163,2158.2221837741217,26.139468886347128
2025-06-11,2.726013371603493,0.6532240985023403,-0.04555571238280247,2165.882981207252,26.193336561356052
2025-06-13,2.726648990534139,0.6530948986910502,-0.04549941421824996,2161.875510466054,27.21916626027603
2025-06-16,2.727330484473185,0.6529579145988362,-0.04544076133123028,2146.6324084286093,27.540699993631534
2025-06-17,2.7280967346477962,0.6528081105923356,-0.045379600232064714,2141.353522995091,30.241922692855304
2025-06-18,2.7289610825889277,0.6526407943077506,-0.045312486242474734,2162.4572313249514,29.104518672465396
2025-06-19,2.729696422642522,0.6524943658694475,-0.045250631313058724,2174.107409036216,28.043811838811862
2025-06-20,2.7303543586573884,0.652360719975789,-0.045192269698768855,2177.715052439632,26.326903830603943
2025-06-23,2.7309631700200234,0.6522364457440915,-0.04513755499181202,2171.2541571104766,27.100274786466837
2025-06-24,2.7316220488226497,0.6521039814734368,-0.045080645167822245,2165.8785256713513,26.73610119243208
2025-06-25,2.73230468537461,0.6519688070360358,-0.04502395957057445,2181.7147282095666,27.916815334068247
2025-06-26,2.7329468934266252,0.6518390961799976,-0.04496752107912504,2182.65814883448,28.158869106173
2025-06-27,2.7335977390303525,0.6517084253357606,-0.04491108557359022,2196.92999148555,27.72869462729335
2025-06-30,2.7341816727197545,0.6515889861804605,-0.04485768730482771,2201.687900409372,29.327140303154266
2025-07-01,2.7347804111452705,0.6514663578929114,-0.04480257335467311,2197.5170884469576,29.62083503127917
2025-07-02,2.7354138010806124,0.6513388339997799,-0.044746703021258966,2202.431187784335,27.825105983546127
2025-07-03,2.735999447138799,0.651220956682139,-0.04469487771648205,2195.338187812579,28.606153515379717
2025-07-04,2.7366418261563297,0.6510943627652201,-0.044641095964699874,2192.4576598703547,27.785820053905553
2025-07-07,2.73728765006888,0.6509684042014589,-0.044588489790873445,2186.6870808743715,26.041811108058788
2025-07-08,2.7379261198987086,0.6508452527964765,-0.04453811656260119,2189.2077262515195,25.871107019992756
2025-07-09,2.738551995809813,0.6507242148022343,-0.0444883496559721,2170.1185516946807,24.253580427405595
2025-07-10,2.7392265267026907,0.6505974786811809,-0.044439153911617096,2180.179012026064,25.33145145089277
2025-07-11,2.739886130312083,0.650472102186973,-0.04438928105428825,2179.145812197818,21.241083786648574
2025-07-14,2.740455212922943,0.6503642926287707,-0.0443466629610217,2183.464816580861,24.3042699561395
2025-07-15,2.741082713999247,0.6502450090767837,-0.04429912905150074,2206.0271688198686,24.97352883803565
2025-07-16,2.7416324746724974,0.6501371233683584,-0.044253308111658646,2218.5840440396305,25.17713752882249
2025-07-17,2.7421352441844467,0.6500363098948361,-0.04420874761566429,2221.646507325259,24.2988023024721
2025-07-18,2.7426120070351834,0.6499402975871091,-0.04416596676568328,2231.517213641141,24.786400166564306
2025-07-21,2.74305823360449,0.6498485791311948,-0.04412363519613035,2230.899018211096,26.486227165168486
2025-07-22,2.7435379871385694,0.6497504969342138,-0.04407871406817501,2227.75315891753,26.83676325131865
2025-07-23,2.7440408235641365,0.6496487576173466,-0.04403289558038466,2230.3677688617677,27.3852698046269
2025-07-24,2.744544193163307,0.6495466338563132,-0.04398664441231475,2234.0973474658394,25.674469968141402
2025-07-25,2.745006357613523,0.6494523310507208,-0.043943480735687726,2240.451353512813,23.74247696354388
2025-07-28,2.745414553159621,0.6493680087819924,-0.043904042206930574,2240.0510372239364,21.915972208582566
2025-07-29,2.7457983067528073,0.6492890866980803,-0.04386736126662075,2250.8029737124994,22.54648817397209
2025-07-30,2.746152628053225,0.6492141680007284,-0.04383094189296313,2248.8379355021298,21.228833654981628
2025-07-31,2.746495161803911,0.6491420230384455,-0.043796139021126536,2251.940597273387,21.322916035529804
2025-08-01,2.7468273372009797,0.6490712046915593,-0.04376139854970175,2248.554668577212,21.32148878222062
2025-08-04,2.74717215692812,0.6489983777266894,-0.04372622079302776,2253.2078645264264,23.106706827645507
2025-08-05,2.7475247761592496,0.6489226894486274,-0.04368880785345306,2260.109621557371,23.28472802482913
2025-08-06,2.7478535427975017,0.6488504224713671,-0.0436518652582648,2255.4978905392095,22.572493266179805
2025-08-07,2.748191710940335,0.6487772859411367,-0.04361536277746366,2280.7391958948374,26.118321865882876
2025-08-08,2.7484683828605956,0.6487104018289298,-0.04357688500730173,2293.3439527868577,27.526880407363553
2025-08-11,2.7487040246406154,0.6486486722327801,-0.04353825006384864,2297.934761140517,28.991912656772968
2025-08-12,2.7489323598246105,0.6485869800622884,-0.04349847155551657,2301.423613767801,29.362538134640804
2025-08-13,2.749150252536231,0.6485267369973939,-0.04345877906465316,2291.8227328865587,29.72294747488917
2025-08-14,2.749421195152805,0.6484583649653628,-0.0434173898234012,2294.8867180910593,29.73799432141999
2025-08-15,2.7496790836202263,0.6483919066124212,-0.04337632338381254,2315.1530888805232,30.103275436376276
2025-08-18,2.7498430140396874,0.6483394321994183,-0.04333763786648836,2308.141765881937,27.863030062727923
2025-08-19,2.750031176013119,0.6482852126813133,-0.04330059750681127,2317.177122329297,27.9859002327292
2025-08-20,2.750181240692731,0.6482367429978112,-0.04326460358834567,2297.840927211356,27.98013844974512
2025-08-21,2.7504224502555026,0.6481744955588902,-0.043226031731520655,2282.8374666729874,26.312102464413268
2025-08-22,2.750718617927746,0.6481052878348637,-0.04318757388136354,2289.1580806685433,26.542593299367432
2025-08-25,2.7509911192312426,0.6480395079869938,-0.04314959766294127,2282.8352440078156,26.476056806056334
2025-08-26,2.7512930359331498,0.64796934872184,-0.043110873131107404,2271.6872231489365,27.036414634568562
2025-08-27,2.7516532653667998,0.6478899197849122,-0.04306994069283865,2276.439836609152,27.896197965713256
2025-08-28,2.75200321938902,0.6478113273710941,-0.0430284318799735,2272.871359681867,28.151555414367667
2025-08-29,2.7523742063117025,0.647729265985429,-0.042986007823989356,2264.8790139464622,28.01478499056533
2025-09-01,2.7527833876584875,0.647641538323315,-0.042942642861364254,2269.2530388368027,27.2211582662387
2025-09-02,2.7531644871190024,0.6475587471868375,-0.042900918381797805,2264.968701745385,25.626018487908574
2025-09-03,2.7535464058814285,0.6474771740314716,-0.04286081890292265,2282.425730507787,25.636070504779852
2025-09-04,2.7538538049861994,0.6474068362659043,-0.04282281229431034,2297.372888368784,25.086354703194402
2025-09-05,2.7540938775140638,0.647347190117848,-0.04278733417870593,2297.019885298375,26.313664873785434
2025-09-08,2.7543477048699274,0.6472844493052875,-0.042750226285842685,2306.4105851239715,26.673889672725394
2025-09-09,2.754564534914675,0.6472270212342406,-0.042713825545291025,2295.0586885795615,27.92526895323535
2025-09-10,2.7548443925451105,0.647158940277845,-0.04267430031367574,2291.7502357874105,27.163071895515923
2025-09-11,2.7551358388980196,0.6470898782199136,-0.042635349218969366,2284.2622310262077,27.312002995974517
2025-09-12,2.755465629237908,0.6470149525189726,-0.04259521827927903,2263.3264213120656,25.467098923971786
2025-09-15,2.7558701435316664,0.6469304208874147,-0.04255499230579488,2256.7133850016494,24.51071627768744
2025-09-16,2.7562924452953736,0.6468441853883602,-0.04251541349707229,2248.1184747108423,24.67181029507344
2025-09-17,2.756758514206832,0.6467515301720509,-0.04247472920693684,2252.143534139095,24.94940741313343
2025-09-18,2.757216118744483,0.6466602362688731,-0.0424342848457163,2241.149358192173,24.649434442577522
2025-09-19,2.757720054040283,0.6465624553461392,-0.04239307770978667,2221.7108973637523,23.691160864395332
2025-09-22,2.758288510580755,0.6464556120991805,-0.04235093813630309,2223.994724794286,23.249393060207968
2025-09-23,2.7588388384894134,0.6463517921503663,-0.04230969850848101,2223.8533072657497,24.04820007628059
2025-09-24,2.759407205046687,0.6462444878513509,-0.042267059117106306,2212.338065740381,23.108671417653646
2025-09-25,2.7600036233992133,0.6461336070968735,-0.0422244920737592,2207.015618171818,22.73044094920069
2025-09-26,2.760612954099138,0.646020926877569,-0.04218181368146465,2207.4172965310922,23.491376292276133
2025-09-29,2.7612388723466386,0.6459049417567517,-0.04213775301900717,2192.3289130837466,22.4309903491871
2025-09-30,2.76190101363203,0.6457842767291628,-0.04209368600496035,2189.6782749717145,22.60248597637837
2025-10-01,2.762579730942271,0.6456609433569322,-0.042048967008589906,2187.63826792494,21.009494065534874
2025-10-02,2.763224111781446,0.6455441482452682,-0.0420068815675591,2177.6298089373954,20.86856954278906
2025-10-03,2.7639046998112096,0.6454220894503497,-0.04196400746319189,2181.2784101253906,19.404748513981662
2025-10-06,2.7645301651405703,0.6453096810647168,-0.04192429463027801,2179.8891826138597,21.49700182576433
2025-10-07,2.7652236631876006,0.6451852810277494,-0.04188054722976673,2180.832077013905,22.36613850865443
2025-10-08,2.7659398025441813,0.6450567307749507,-0.04183527632704229,2163.3711342009215,18.44985631402112
2025-10-09,2.7666019548079444,0.644939644981346,-0.04179560270873001,2173.0580216961034,21.412772860096663
2025-10-10,2.7673233516012683,0.644811134649875,-0.0417512157393348,2165.068411217042,19.560194337919423
2025-10-13,2.768018382558532,0.6446882351375561,-0.04170955822493244,2157.832954145221,19.396637958037743
2025-10-14,2.7687359679422445,0.6445621609158911,-0.04166752783398653,2136.539771013193,18.95355445664233
2025-10-15,2.7695168935413745,0.6444270665331102,-0.04162433716602561,2133.544694149255,19.295368265762967
2025-10-16,2.770324226585467,0.6442879222168015,-0.041580257610319346,2163.478669148239,20.536432237008494
2025-10-17,2.771066321754146,0.6441578402673747,-0.04153696054088239,2178.5070156369516,24.908480003420763
2025-10-20,2.771885022072382,0.6440130038926457,-0.041487460161420665,2165.654180936594,26.743689004535632
2025-10-21,2.7728238523891653,0.6438489327183224,-0.041433118876183214,2138.3518460940027,23.10509165311039
2025-10-22,2.7737678171737885,0.6436870427875032,-0.04138227178809301,2149.4380057318563,23.42761191182563
2025-10-23,2.774678052233712,0.643530166476789,-0.04133222036065395,2143.1994197292265,19.9454412097956
2025-10-24,2.775490107519649,0.6433908670317934,-0.041288362277574826,2136.4809684344073,19.07103492076352
2025-10-27,2.7762958619801164,0.64325334004482,-0.041245669691961716,2124.897680167232,16.56043597379586
2025-10-28,2.7770430026222295,0.6431268607532257,-0.04120731077082483,2130.931753369156,17.0891557674282
2025-10-29,2.777795330779473,0.6429995184787354,-0.041168584618412024,2151.7079754063416,17.271954597996753
2025-10-30,2.7784881980948666,0.6428811900982203,-0.041131510357146364,2156.5825590534923,18.58947802686759
2025-10-31,2.7792146666790005,0.6427570272084466,-0.04109244054759255,2149.8186613815164,17.46106987355185
2025-11-01,2.7799245917553703,0.6426363054437788,-0.041055006819777376,2153.582298811458,17.602192467766443
2025-11-03,2.7806287457165118,0.6425164817439517,-0.041017723964852745,2166.412912126395,18.673591059634642
2025-11-05,2.7813284180840863,0.6423966826756037,-0.04097968385410416,2161.7924381994562,17.801318711294243
2025-11-06,2.782014930356647,0.6422795725792021,-0.04094289536995761,2152.563774976243,18.124258596150653
2025-11-07,2.7827462054188765,0.6421555974826061,-0.04090467152264553,2160.2284508077873,18.80317561044633
2025-11-10,2.783476703929191,0.6420313645848432,-0.04086594764068479,2169.8674086023507,17.91503894922495
2025-11-11,2.7841438851058067,0.6419173658039131,-0.04082985902320556,2178.730194037666,17.782826300503185
2025-11-12,2.784777817259297,0.6418085326457661,-0.0407948757503278,2181.817526942881,16.243451557275755
2025-11-13,2.7853526156399067,0.6417097770550093,-0.04076302300988803,2185.6896828368067,16.36418563768729
2025-11-14,2.7859206454588565,0.641612060396018,-0.04073134472310744,2179.560570160929,15.880239098540638
2025-11-17,2.7864930166042003,0.6415141436096842,-0.04070009615630561,2170.113183164437,15.691661590618523
2025-11-18,2.7870886481646195,0.641412954754081,-0.04066847035369705,2173.947116238514,17.899372107761693
2025-11-19,2.7877498326136796,0.6413005170937642,-0.04063317269408328,2180.3163672838887,21.359452220058216
2025-11-20,2.7885037214666113,0.6411720095002112,-0.04059246285386548,2179.756206516289,20.57816338096796
2025-11-21,2.7892367495113537,0.6410472811447516,-0.04055312151278297,2187.2852369655448,22.756280462304247
2025-11-24,2.790011144855943,0.6409151881867463,-0.040511026377843255,2179.0267510126746,21.83604440680673
2025-11-25,2.7907936282964623,0.6407826640285677,-0.0404696673691944,2177.2468887094346,23.364512032537554
2025-11-26,2.791636831417035,0.6406403715593894,-0.04042565806637269,2164.252607657204,23.293371141574482
2025-11-27,2.7925376647011393,0.6404897298069168,-0.04038037447968138,2156.6813644999197,21.546466861034432
2025-11-28,2.7934111055519857,0.6403444905691572,-0.04033747089390611,2160.4095650375907,23.88484310165655
2025-12-01,2.7943565494949576,0.6401873469548345,-0.040290995910594256,2147.6781966490466,25.108594210824076
2025-12-02,2.795408759975919,0.6400137449261832,-0.04024090884302233,2153.834512097233,23.834955054318097
2025-12-03,2.796389274570119,0.6398519368652849,-0.04019403769876093,2162.357217532272,22.63052461915556
2025-12-04,2.7972924386132987,0.6397027365730603,-0.04015048806309854,2166.6162239657783,22.63962443410419
2025-12-05,2.798181374577415,0.6395559736720016,-0.04010759396406527,2174.9768574291857,24.65879766669088
2025-12-08,2.799107199530036,0.6394029748346739,-0.04006252707340201,2169.6811287047453,24.680533199591892
2025-12-09,2.8000629545502997,0.6392458959889453,-0.04001700983736599,2165.5436277880453,24.805613025706784
2025-12-10,2.801047688950196,0.6390849089758217,-0.03997106453105834,2158.353915051483,26.052543145367537
2025-12-11,2.802117685006186,0.6389111175690549,-0.0399224614146968,2164.262756054337,27.014614667748038
2025-12-12,2.8031996651312885,0.6387357039432049,-0.0398734307633538,2173.864458836901,26.01935639840809
2025-12-15,2.8042048088599016,0.6385727002041104,-0.03982753178935746,2164.3500423077953,27.009492284754486
2025-12-16,2.805296730641976,0.638396699356145,-0.039779039467098966,2164.7982694873904,28.15189475631459
2025-12-17,2.8064332136346546,0.6382140905922289,-0.0397291059018056,2154.3928778645904,28.09780557459942
2025-12-18,2.8076276696106213,0.6380232739815751,-0.03967805438083609,2160.6076156159743,27.421100439614943
2025-12-19,2.8087701220100922,0.637840954674581,-0.0396292088988579,2144.9284122668573,27.887251822123925
2025-12-22,2.8100170240161453,0.6376432832826091,-0.039577697505907,2129.9282234385146,27.515095115053924
2025-12-23,2.8113319309470954,0.6374359413347317,-0.03952492151006051,2127.728329907548,28.08872080574407
2025-12-24,2.8126888646274306,0.6372226585078122,-0.039471180138531445,2125.2129087279845,27.98811774713097
2025-12-25,2.8140612765868496,0.6370076793211075,-0.03941760217146257,2114.318480127747,28.36855116718333
2025-12-26,2.815514275440781,0.636780967200671,-0.039362064076980806,2111.1974184852347,30.48945474633107
2025-12-29,2.817086270994292,0.6365363099684127,-0.03930267153289646,2116.010787535732,29.584878118382306
2025-12-30,2.8185955833742637,0.6363017073889126,-0.03924579159780554,2126.2069549810867,30.11997696266635
2026-01-05,2.820075873708698,0.6360717004075669,-0.03918977391543201,2133.904377303228,29.20400882650316
2026-01-06,2.8214788061174008,0.6358538673620536,-0.03913659567346286,2142.405389415843,28.139147407042998
2026-01-08,2.822795735784559,0.6356495202797381,-0.039086544281668516,2119.373406516285,28.274705705056725
2026-01-09,2.8242464662624065,0.6354254519963922,-0.039033158880747494,2125.2483607848003,28.213250285429314
2026-01-12,2.8256672514873955,0.635206239201682,-0.03898092430266637,2101.6973984386414,28.559420685740644
2026-01-13,2.8272357814536666,0.6349650526505308,-0.03892478498738424,2093.9905001090124,28.79332546444693
2026-01-14,2.8288604373521524,0.6347154368918169,-0.03886707219533442,2095.958606671685,28.947680140104715
2026-01-15,2.8304832524170314,0.6344660196415735,-0.03880931281983558,2090.2067265133674,29.236977650819206
2026-01-16,2.8321546624790552,0.6342092573890112,-0.03875013000154103,2109.25739951841,29.60722577643562
2026-01-19,2.833738186012616,0.6339655987021793,-0.038693161184571515,2100.936448910252,30.905911096289707
2026-01-20,2.8354327829851314,0.6337049187334105,-0.038632554221972884,2094.171310276169,30.747183220598927
2026-01-21,2.83716116066649,0.633439107181224,-0.03857103626724565,2093.1683390685257,32.36059175407293
2026-01-22,2.8389764129654225,0.6331598684059743,-0.03850642455139947,2096.0021692938426,32.061886220879465
2026-01-23,2.840762866255259,0.632885093179995,-0.038442805072257176,2092.1247662904148,32.74973102701062
2026-01-26,2.84261037407067,0.6326011503593578,-0.03837736754690859,2078.7193108873385,33.16612711979694
2026-01-27,2.8445679001740607,0.6323008624382114,-0.038309010037064724,2081.6173067052746,33.61677917649071
2026-01-28,2.84653429490506,0.6319993915322559,-0.03824043975855496,2078.777824641898,34.117747791555296
2026-01-29,2.848548307604533,0.6316907976376673,-0.038170490851089936,2096.8296392621073,33.428102484499234
2026-01-30,2.8504130579671063,0.6314045485298835,-0.038104713868708846,2095.9165125311756,32.76960143032453
2026-02-02,2.852253583337324,0.6311219465638744,-0.03803978507193199,2099.657685756881,31.857684173027188
2026-02-03,2.8540295423469626,0.6308492549458827,-0.037977039628536345,2105.7411325044063,32.3120851368073
2026-02-04,2.8557929935249144,0.6305784372148002,-0.03791452390617671,2096.824950551647,32.405425606443195
2026-02-05,2.8576190441529428,0.6302982335705725,-0.03785031713453864,2089.516079875253,30.993488222565404
2026-02-06,2.859421999838398,0.6300217669247372,-0.037787349523503634,2080.8935322059165,31.45458706386681
2026-02-09,2.861303421804735,0.629733444672508,-0.037722091329116095,2080.663236487163,30.998613913213923
2026-02-10,2.8631642370016683,0.6294482232521824,-0.03765752944998519,2080.7412316664845,30.580389269447885
2026-02-11,2.865004010952411,0.6291661132545534,-0.03759361865710853,2090.9888782883627,31.887358590708192
2026-02-12,2.8668505721289796,0.6288826568361294,-0.03752891475116263,2099.932704563482,31.702315697535855
2026-02-13,2.86863527872379,0.6286085013904188,-0.03746595490053933,2113.667482933279,31.351786523539914
2026-02-16,2.8703219219956946,0.6283491073474736,-0.03740577935265235,2125.1549837184502,30.936332706012703
2026-02-17,2.871922689722469,0.6281026346209039,-0.03734806639138944,2130.581195373683,29.792284190088726
2026-02-18,2.8734426413012693,0.6278685227991392,-0.03729304217002283,2145.314948825569,29.5418186276742
2026-02-19,2.874869445855168,0.6276483888840135,-0.037240601925539865,2141.3600105601636,29.489669477606718
2026-02-20,2.8763174527648934,0.627424938636776,-0.03718749979185356,2137.7113779782308,30.07368668401764
2026-02-24,2.8778125048542607,0.6271941323388848,-0.03713273400732161,2140.464788852062,29.754528757723754
2026-02-25,2.8792787225756356,0.6269675323434232,-0.03707873512429027,2139.8274112381678,30.636236610433176
2026-02-26,2.880787021475398,0.6267341638213795,-0.03702299374204376,2134.6430219451418,30.49395010607945
2026-02-27,2.8823196921980454,0.6264968531425206,-0.036966400550314193,2142.5983089230103,30.642313509852627
2026-03-02,2.8838109369548075,0.6262652306346737,-0.03691043914975811,2143.4289425037678,32.295031748878024
2026-03-03,2.885364210987206,0.6260231404638663,-0.03685139518641013,2148.9657191271017,31.46510318217437
2026-03-04,2.886845860673595,0.6257911216967544,-0.03679392032601393,2157.9897521686703,30.203584014998853
2026-03-05,2.888220261590688,0.6255747682370736,-0.036739298766619966,2163.6002412632724,30.56940677500353
2026-03-06,2.8895729695666486,0.6253606917829126,-0.03668433392861079,2174.176489704606,31.273151628448215
2026-03-09,2.8908847517414076,0.6251513713403847,-0.03662910482541534,2187.4445234910227,32.05729192116149
2026-03-10,2.8921377577194325,0.6249491166105116,-0.03657375382151406,2188.135201293674,30.424299116102826
2026-03-11,2.893325275221675,0.6247561169861555,-0.03652010366987617,2203.6804649449555,29.512878359671358
2026-03-12,2.8943880187670663,0.6245808871112013,-0.03646923263472938,2236.9875335491806,28.39052327856242
2026-03-13,2.8952284462166493,0.6244379415008711,-0.03642371011343982,2259.263217309451,27.114892058486582
2026-03-16,2.8959138834327303,0.624317356660663,-0.036381924680305884,2253.012628200096,26.662405895159203
2026-03-17,2.8966117731447296,0.6241935757108946,-0.03633879316146573,2271.721496112815,25.610908066095604
2026-03-18,2.8971862536269626,0.6240873310088664,-0.03629842032523398,2290.9406965124354,25.351127786577
2026-03-19,2.897654849747026,0.6239953643288743,-0.03625958246197885,2305.498419663458,24.441204363037315
2026-03-20,2.898031886166139,0.623915971200947,-0.03622245393794646,2328.499659612211,23.035877981494735
2026-03-23,2.898280698102408,0.6238551527310274,-0.03618858454195686,2341.3211447002404,21.018426131489278
2026-03-24,2.898451873468482,0.623806430616844,-0.03615774752840346,2355.261067304854,20.491950527057035
2026-03-25,2.898560109032007,0.6237665203398544,-0.03612820893011993,2372.9243963949434,19.689443301053842
2026-03-26,2.8985941915301083,0.6237374474527099,-0.03610064206117971,2380.160849209117,18.59870734946243
2026-03-27,2.8985961016481516,0.6237133584975583,-0.03607438727681274,2394.064040762597,16.521945633142177
2026-03-30,2.898549372017608,0.6236979616003175,-0.036051235169281694,2406.567379932151,16.3769617819286
2026-03-31,2.898459214806938,0.6236881777171841,-0.03602851861264513,2407.001555084763,15.345583975006182
2026-04-01,2.898369262493829,0.6236789675406482,-0.036006620899870244,2426.892992944666,14.353620372551656
2026-04-02,2.8982283370583106,0.6236781030748881,-0.0359869835776474,2439.9835129620055,13.706096178986837
2026-04-03,2.898056495388224,0.6236820957078038,-0.03596855765004609,2450.4004373424964,12.663218547007315
2026-04-06,2.8978688501858505,0.6236893118440502,-0.035951600980037114,2468.190170177589,12.830446926203631
2026-04-07,2.8976333304795685,0.6237027700508221,-0.03593507305968623,2471.6575097541804,13.172637752639126
2026-04-08,2.8973804357820865,0.6237176587831996,-0.03591790335810432,2488.2672123315924,11.123917330769428
2026-04-09,2.897128614816407,0.6237353159961273,-0.03590383616666926,2493.9341880281936,9.601929879358128
2026-04-10,2.896898014218365,0.623752062189508,-0.03589161715615847,2510.907021120457,8.542051819339491
2026-04-13,2.8966636101519865,0.6237709646021081,-0.03588118903399874,2508.9408025303665,8.519499433946741
2026-04-14,2.896431485767999,0.6237892651127216,-0.03587048678905122,2515.5859834895955,8.344935052436586
2026-04-15,2.8961926499248865,0.6238086547827633,-0.035860091396457745,2541.141197603556,7.843279333883668
2026-04-16,2.8959296065203253,0.6238323684458095,-0.035851095201539146,2550.3107422430876,7.482588478181729
2026-04-17,2.895664600043325,0.6238568332631278,-0.035842657610915304,2558.212133505598,6.478269113175528
2026-04-20,2.8954239980919647,0.6238794559531242,-0.03583544310811712,2578.435334106947,6.79577508015119
2026-04-21,2.895146125688035,0.6239068393140595,-0.03582841568536031,2576.973373639397,7.013135184449615
2026-04-22,2.894860653052791,0.6239347138852522,-0.03582096946451117,2596.284330589846,6.3689353073508315
2026-04-23,2.8945774261354926,0.6239633799879123,-0.03581463397278697,2599.822271237538,6.601902393918668
2026-04-24,2.8942789002393625,0.6239936160771644,-0.03580801509508744,2590.3460200923228,5.507139926525828
2026-04-27,2.8940372216250605,0.6240174791967091,-0.03580206952991264,2599.8473958197683,5.098860971354546
2026-04-28,2.8938033249914508,0.6240408784506769,-0.035796649726873894,2609.9169407301897,3.320529397596994
2026-04-29,2.8936430338801378,0.6240571263852943,-0.035793165595036355,2612.9864207929654,1.0269314449361522
2026-04-30,2.8935921321948825,0.6240622836666077,-0.035792062709151,2630.65518046055,1.047450830656782
2026-05-04,2.8935365933666404,0.6240680433598359,-0.03579099747899007,2638.7462083795667,-0.6793456802567932
2026-05-05,2.893574111958976,0.6240641312911043,-0.03579169130743824,2643.128105615757,0.04698578103741191
2026-05-06,2.8935714778573627,0.6240644060501872,-0.03579164299206202,2656.730534876129,-0.9120433765503644
2026-05-07,2.893625290740403,0.6240587139410653,-0.03579254768209102,2656.4501368160018,-1.5479355793701521
2026-05-08,2.8937171069112937,0.6240490500668885,-0.0357941307892556,2662.7834100113346,-2.4404316838919193
2026-05-11,2.8938657484171806,0.6240333394946056,-0.03579661836888938,2678.6530261788625,-0.8117149166526949
2026-05-12,2.8939172825241095,0.6240278117755009,-0.035797397541315085,2681.3980307368656,0.3193098959941354
2026-05-13,2.89389691180577,0.6240299941651943,-0.035797088517427654,2688.989289449982,0.21311764135698574
2026-05-14,2.8938829865317692,0.6240314928879998,-0.03579688488471114,2678.683762148372,-0.7408027191853517
2026-05-15,2.8939303376242895,0.6240264756698224,-0.03579765111687457,2710.4556301771854,-2.8266697792126094
2026-05-18,2.894129891966801,0.6240046962221137,-0.03580024788243567,2718.9982856203706,-1.867536507430534
2026-05-19,2.894264301082822,0.6239899651553349,-0.03580192829329093,2720.3175762145706,-2.089372825861835
2026-05-20,2.894415712179294,0.6239734172735485,-0.03580385628888322,2729.459330152221,-3.2658237170820725
2026-05-21,2.8946595635177106,0.6239466184007122,-0.03580680698730985,2734.10375403802,-2.5534420167819705
2026-05-22,2.8948518976644744,0.6239254456908659,-0.035809092350636444,2736.4948511177386,-4.049152552670787
2026-05-25,2.895161311063564,0.623891390341645,-0.03581276313488835,2730.7443634251017,-4.853781452426221
2026-05-26,2.895528884376385,0.6238512029271082,-0.03581737367653747,2735.631872156279,-5.679926226104525
2026-05-27,2.895966423711842,0.6238032562599023,-0.035822741080103936,2742.617318408795,-5.555908853416025
2026-05-28,2.8964015744305827,0.6237553631415338,-0.03582786634139323,2749.8210942495275,-6.034250540754293
2026-05-29,2.896883568614764,0.6237020663281516,-0.035833293641696476,2746.2875104417767,-6.578972877195666
2026-06-01,2.897406224581596,0.6236444679096442,-0.0358393610452882,2740.8568750196655,-6.232243521232384
2026-06-02,2.8978941565978316,0.6235909680813364,-0.035845282037976295,2758.6486014144903,-5.011823591580267
2026-06-03,2.8983003379075125,0.6235458166775227,-0.035849612971208186,2757.9063901421796,-5.676639015079433
2026-06-04,2.8987612329660273,0.6234946546224907,-0.0358545892726079,2756.3004875158367,-6.399900457689956
2026-06-05,2.8992806697698827,0.6234370709580823,-0.035860269866267086,2752.00374918563,-6.939080269863007
2026-06-08,2.8998394147899775,0.6233753030778191,-0.035866551110274765,2744.1111458684873,-8.252987354738185
2026-06-09,2.900496161562231,0.623303164578977,-0.0358743789764454,2740.202974378262,-7.934922208731498
2026-06-10,2.901120089310951,0.623234795683814,-0.035881980863916176,2745.379472903719,-8.17735672315898
2026-06-11,2.901770739975497,0.6231630692824146,-0.035889509328518775,2731.562838635649,-7.9160850915533825
2026-06-15,2.902378057301749,0.6230967671090892,-0.035897178819804205,2722.175351061854,-6.587942653727275
2026-06-16,2.9028671196882576,0.6230436786030653,-0.03590366840826412,2715.8604555331076,-8.297203012548549
2026-06-17,2.903476741445371,0.6229776519050821,-0.035911936243282955,2702.8346690372628,-8.057639319642018
2026-06-18,2.9040458801871334,0.6229165201536243,-0.03592019032945545,2688.1182491850204,-9.184054654584816
2026-06-19,2.9046699088059484,0.6228502030083605,-0.035929981274492075,2667.528595851717,-9.258329835180723
2026-06-22,2.90525981058391,0.6227887090629345,-0.035940452732289095,2635.1731677677913,-12.025515880469662
2026-06-23,2.9059579132587876,0.6227189514929146,-0.035955841287293185,2627.23186536877,-11.0874060720896
2026-06-24,2.9065786701843277,0.6226574435268819,-0.03597008191941746,2598.8776019144566,-13.675426717004546
2026-06-25,2.9072741802851243,0.6225919957642816,-0.035989489693215346,2572.679908876932,-12.261140913353398
2026-06-26,2.907825512256364,0.6225432904858703,-0.03600803982273794,2552.8210419825045,-10.467284529078857
2026-06-29,2.908247141554032,0.6225082257584632,-0.03602442493249784,2553.020636818996,-7.959615910985818
2026-06-30,2.908561808956439,0.6224817649275387,-0.03603641569347689,2538.4394343887834,-7.49631572102496
2026-07-01,2.9088343285409892,0.6224601037069803,-0.03604806506301031,2523.5474548477214,-7.09308852123498
2026-07-02,2.9090693705524524,0.6224427561702333,-0.03605945361860363,2495.968221711612,-9.611829975427122
2026-07-03,2.9093360948446856,0.6224269475022577,-0.03607624664214646,2479.347917795967,-9.539117769571126
2026-07-06,2.9095662087057113,0.6224160204535154,-0.03609346436886127,2465.1918802002333,-10.99516359668593
2026-07-07,2.9097991968880814,0.622408033525456,-0.03611399810512873,2457.975741039244,-10.886427256849473
2026-07-08,2.910012197710762,0.6224024261215313,-0.03613449241991985,2477.138124281728,-10.349367351328642
2026-07-09,2.91025507135967,0.6223907820631425,-0.03615266817377651,2474.7275956813387,-11.636739178238853
2026-07-10,2.9105233982385736,0.6223783295559157,-0.036173191918853265,2475.140520046818,-13.31199248600986
2026-07-13,2.9108336732680433,0.6223635933032419,-0.03619662514902653,2454.81029222102,-11.829439249999464
2026-07-14,2.9110561398362833,0.6223579833457622,-0.03621839794671113,2450.9991252598975,-11.43285292809656
2026-07-15,2.9112616316558477,0.6223537890812136,-0.036239509970093654,2435.2445872728786,-13.27770479247744
2026-07-16,2.911458256755002,0.6223553665171832,-0.03626531002919809,2417.516113321901,-16.349264898126957
2026-07-17,2.911641724919448,0.6223665318347242,-0.03629909240616378,2418.4081892059644,-19.019873950930876
2026-07-20,2.911865135011719,0.6223787451280041,-0.03633883618760939,2408.575652225511,-16.93472454762327
2026-07-21,2.9120276593218124,0.6223945318901551,-0.036374642367594634,2441.605855606925,-14.86013210419399
2026-07-22,2.912277237054238,0.6223920188332067,-0.0364028764218066,2445.9233534551754,-12.666519292909351
2026-07-23,2.912500313924758,0.6223879617683141,-0.036426298197046764,2453.2671827094664,-12.566800097532527
2026-07-24,2.9127418819045645,0.6223808551455043,-0.036448951735512186,2485.85438534872,-12.885484654153856
2026-07-27,2.9130792011430113,0.6223602369498262,-0.03646989670973306,2473.3758430914154,-10.368656417816268
2026-07-28,2.9133200044158554,0.622347732704028,-0.036487079332240116,2472.563688252037,-11.380240257874197
2026-07-29,2.913583187429653,0.6223341024658966,-0.03650592284593103,2475.721317040887,-9.63562883265132
2026-07-30,2.913809803233467,0.6223216340168763,-0.03652143571943649,2471.1316686388786,-10.573765532404844
2026-07-31,2.9140489445024707,0.6223092815804483,-0.03653864092718511,2465.301833761746,-9.692193892426959
2026-08-03,2.9142547026961636,0.6222996508785201,-0.03655447331546527,2454.3046530537363,-7.804844146605716
2026-08-04,2.9144003207213993,0.6222945171657992,-0.03656739542999088,2453.4470489353853,-7.5084990733882755
2026-08-05,2.91453830205767,0.6222897241640577,-0.03657973139872427,2450.6526879808803,-6.080122602099324
2026-08-06,2.9146452317998564,0.6222863418716116,-0.03658964256341924,2456.5367874281333,-6.947047905063208
2026-08-07,2.9147760233464184,0.6222811771552856,-0.036600739483027986,2449.618086054883,-6.870788839004027
2026-08-10,2.9148950731769885,0.6222774719473887,-0.0366118631972749,2449.19150132919,-6.256411605463697
