date,imoex,usdrub,brent,ofz5y,brent_rub,brent_rub_ma3m,usdrub_yahoo,cnyrub
2014-02-03,1442.84,35.44,106.1,7.88,3760.184,,35.44,5.82
2014-02-04,1441.16,35.003,105.82,7.77,3704.01746,,35.003,5.85
2014-02-05,1456.0,34.898,105.99,7.67,3698.83902,,34.898,5.77
2014-02-06,1466.7,34.694,107.07,7.65,3714.68658,,34.694,5.772
2014-02-07,1478.48,34.7685,107.57,7.67,3740.047545,,34.7685,5.756
2014-02-10,1476.28,34.76,109.37,7.66,3801.7012,,34.76,5.769
2014-02-11,1483.57,34.7525,108.72,7.66,3778.2918,,34.7525,5.753
2014-02-12,1496.03,34.831,108.9,7.63,3793.0959000000007,,34.831,5.773
2014-02-13,1478.62,35.1495,108.2,7.73,3803.1759000000006,,35.1495,5.8097
2014-02-14,1496.18,35.08,108.24,7.71,3797.0592,,35.08,5.8122
2014-02-17,1507.49,35.2195,108.93,7.74,3836.460135,,35.2195,5.8121
2014-02-18,1504.24,35.4115,109.61,7.79,3881.454515,,35.4115,5.8425
2014-02-19,1485.6,35.795,110.28,7.97,3947.4726,,35.795,5.9202
2014-02-20,1480.99,35.775,109.98,8.02,3934.5345,,35.775,5.9
2014-02-21,1487.64,35.489,110.22,7.98,3911.59758,,35.489,6.0392
2014-02-24,1489.01,35.483,109.95,7.93,3901.35585,,35.483,5.8338
2014-02-25,1478.64,35.705,110.1,7.96,3931.1205,,35.705,5.8133
2014-02-26,1469.51,36.0195,109.31,8.04,3937.291545,,36.0195,5.89
2014-02-27,1448.7,36.036,108.81,8.06,3921.07716,,36.036,5.93
2014-02-28,1444.71,35.886,109.0,8.03,3911.574000000001,,35.886,5.8901
2014-03-03,1288.81,36.51,111.4,8.48,4067.214,,36.51,5.9518
2014-03-04,1356.54,36.065,109.2,8.39,3938.298,,36.065,5.901
2014-03-05,1351.11,36.0435,108.95,8.36,3926.939325,,36.0435,5.89
2014-03-06,1337.98,36.1365,108.18,8.51,3909.24657,,36.1365,5.9245
2014-03-07,1339.36,36.4695,108.6,8.59,3960.5877,,36.4695,5.9446
2014-03-11,1308.7,36.5,108.56,8.9,3962.44,,36.5,5.9346
2014-03-12,1274.21,36.5,108.48,9.34,3959.52,,36.5,5.936
2014-03-13,1248.56,36.6085,107.9,9.37,3950.05715,,36.6085,5.9395
2014-03-14,1237.43,36.597,108.16,9.74,3958.33152,,36.597,5.967
2014-03-17,1283.7,36.33,108.54,9.25,3943.2582,3876.0309818333335,36.33,5.9146
2014-03-18,1335.86,36.2205,106.39,9.12,3853.498995,3875.3041435483874,36.2205,5.88
2014-03-19,1319.02,36.136,106.21,9.0,3838.00456,3874.1385315625,36.136,5.823
2014-03-20,1320.5,36.38,106.07,9.09,3858.8266,3873.6745336363633,36.38,5.8313
2014-03-21,1307.34,36.2595,107.57,9.19,3900.434415,3874.461588970588,36.2595,5.8475
2014-03-24,1297.91,36.052,107.21,9.1,3865.13492,3874.195112714285,36.052,5.8317
2014-03-25,1324.44,35.56,106.71,8.87,3794.6076,3871.9843484722223,35.56,5.767
2014-03-26,1349.39,35.53,107.13,8.79,3806.3289,3870.209876891892,35.53,5.72
2014-03-27,1331.93,35.5905,107.5,8.8,3825.97875,3869.045899868421,35.5905,5.7359
2014-03-28,1344.12,35.78,108.2,8.77,3871.396,3869.1061588461534,35.78,5.75
2014-03-31,1369.29,35.12,107.81,8.45,3786.2872,3867.035684875,35.12,5.6944
2014-04-01,1375.73,35.0995,107.13,8.5,3760.209435,3864.430166585366,35.0995,5.665
2014-04-02,1373.33,35.418,104.31,8.55,3694.45158,3860.383057380952,35.418,5.72
2014-04-03,1366.04,35.5,105.05,8.54,3729.275,3857.3340327906976,35.5,5.72
2014-04-04,1382.41,35.3,106.92,8.46,3774.276,3855.446350227273,35.3,5.6872
2014-04-07,1349.79,35.642,105.9,8.52,3774.4878,3853.647271333333,35.642,5.73
2014-04-08,1352.33,35.6805,105.78,8.45,3774.28329,3851.921967391304,35.6805,5.74
2014-04-09,1348.85,35.642,107.89,8.45,3845.41538,3851.7835293617018,35.642,5.781
2014-04-10,1367.71,35.57,107.71,8.43,3831.2447,3851.3556370833335,35.57,5.7313
2014-04-11,1362.4,35.645,107.65,8.48,3837.1842500000007,3851.0664251020407,35.645,5.7613
2014-04-14,1344.86,35.9845,108.11,8.57,3890.284295,3851.8507825,35.9845,5.7642
2014-04-15,1311.01,36.1925,109.05,8.7,3946.792125,3853.71237745098,36.1925,5.7965
2014-04-16,1322.6,35.9885,109.92,8.72,3955.85592,3855.6766763461537,35.9885,5.7742
2014-04-17,1329.67,35.46,109.85,8.7,3895.281,3856.423927735849,35.46,5.7551
2014-04-18,1356.54,35.6105,109.57,8.59,3901.842485,3857.2650121296297,35.6105,5.71
2014-04-21,1345.04,35.7265,109.7,8.63,3919.19705,3858.3910491818174,35.7265,5.6707
2014-04-22,1335.62,35.699,109.33,8.67,3902.97167,3859.187131696429,35.699,5.7136
2014-04-23,1329.11,35.6755,109.17,8.78,3894.694335,3859.81006508772,35.6755,5.72
2014-04-24,1300.54,35.772,109.9,8.95,3931.3428,3861.043388103448,35.772,5.723
2014-04-25,1280.12,36.0285,109.62,9.34,3949.44417,3862.541706440678,36.0285,5.852
2014-04-28,1299.13,35.821,108.92,9.4,3901.62332,3863.193066666666,35.821,5.76
2014-04-29,1304.78,35.602,109.24,9.34,3889.16248,3863.6187947540975,35.602,5.8341
2014-04-30,1306.01,35.63,108.01,9.27,3848.3963,3863.373270645161,35.63,5.7088
2014-05-02,1304.84,35.8735,108.4,9.3,3888.6874,3863.775082222222,35.8735,0.0
2014-05-05,1298.29,35.7195,107.71,9.29,3847.347344999999,3865.158627380953,35.7195,5.7302
2014-05-06,1318.57,35.41,107.7,9.2,3813.657,3866.898937539682,35.41,5.8
2014-05-07,1363.48,34.9295,107.75,9.01,3763.653625,3867.92774079365,34.9295,5.6608
2014-05-08,1371.42,35.04,107.83,8.81,3778.3632,3868.938480793651,35.04,5.625
2014-05-12,1375.31,35.0425,108.4,8.82,3798.607,3869.8679959523806,35.0425,5.623
2014-05-13,1385.29,34.8525,108.82,8.79,3792.64905,3869.7243110317454,34.8525,5.5807
2014-05-14,1389.11,34.72,109.84,8.78,3813.6448,3870.285469761905,34.72,5.57
2014-05-15,1381.99,34.75,109.48,8.78,3804.43,3870.465376111112,34.75,5.579
2014-05-16,1392.3,34.77,109.76,8.84,3816.3552,3870.6745713492064,34.77,5.5752
2014-05-19,1413.85,34.5655,109.8,8.79,3795.2919,3870.646518968254,34.5655,5.5425
2014-05-20,1425.58,34.5215,109.32,8.71,3773.89038,3869.653348253969,34.5215,5.5393
2014-05-21,1439.9,34.345,109.96,8.57,3776.5762,3867.988613095238,34.345,5.5215
2014-05-22,1430.54,34.3195,110.81,8.57,3802.943795,3865.6945050793647,34.3195,5.5046
2014-05-23,1438.98,34.17,110.44,8.49,3773.7348,3863.142128888889,34.17,5.4824
2014-05-26,1449.36,34.2035,110.2,8.45,3769.2257,3860.882257777778,34.2035,5.4742
2014-05-27,1417.32,34.406,110.4,8.63,3798.4224,3859.2483934920633,34.406,5.4952
2014-05-28,1425.95,34.5615,109.65,8.59,3789.668475,3857.003123253968,34.5615,5.5132
2014-05-29,1447.39,34.658,110.26,8.52,3821.39108,3855.1634333333336,34.658,5.5518
2014-05-30,1432.03,34.8945,109.46,8.41,3819.55197,3853.551922380952,34.8945,5.5716
2014-06-02,1464.47,34.93,109.12,8.41,3811.5616,3851.964423968254,34.93,5.585
2014-06-03,1472.83,35.0695,108.63,8.44,3809.599785,3847.875309444444,35.0695,5.6054
2014-06-04,1475.79,34.9995,109.2,8.42,3821.9454,3846.028442777778,34.9995,5.5966
2014-06-05,1470.7,34.7415,108.18,8.34,3758.33547,3843.352191111111,34.7415,5.5557
2014-06-06,1484.94,34.418,108.93,8.23,3749.15274,3840.811019206349,34.418,5.517
2014-06-09,1485.39,34.34,110.0,8.22,3777.400000000001,3837.903277936508,34.34,5.505
2014-06-10,1490.81,34.365,109.81,8.27,3773.62065,3834.9061453968257,34.365,5.5245
2014-06-11,1501.18,34.379,109.87,8.33,3777.22073,3832.012506190476,34.379,5.5256
2014-06-16,1493.93,34.6385,112.75,8.42,3905.490875,3831.305105,34.6385,5.5014
2014-06-17,1486.38,34.8265,113.21,8.4,3942.708065,3831.057113650794,34.8265,5.598
2014-06-18,1494.28,34.42,113.69,8.4,3913.2098,3830.580154920635,34.42,5.5418
2014-06-19,1495.09,34.396,114.87,8.32,3951.06852,3832.1288775396815,34.396,5.506
2014-06-20,1486.3,34.479,115.03,8.41,3966.11937,3834.162445952381,34.479,5.52
2014-06-23,1486.3,34.127,114.38,8.34,3903.44626,3834.8706945238096,34.127,5.4908
2014-06-24,1518.83,33.8175,114.45,8.32,3870.412875,3834.394162142857,33.8175,5.427
2014-06-25,1481.95,33.7455,113.65,8.28,3835.176075,3833.918624920635,33.7455,5.42
2014-06-26,1473.18,33.72,113.3,8.2,3820.476,3834.329234444445,33.72,5.4212
2014-06-27,1477.32,33.738,113.43,8.2,3826.90134,3834.655781111111,33.738,5.4002
2014-06-30,1476.38,33.9825,112.6,8.24,3826.4295,3834.662935873016,33.9825,5.48
2014-07-01,1482.92,34.34,112.31,8.27,3856.7254,3834.430069206349,34.34,5.5235
2014-07-02,1514.33,34.281,111.99,8.3,3839.12919,3835.268830952381,34.281,5.5205
2014-07-03,1514.47,34.284,110.94,8.29,3803.46696,3835.955458333333,34.284,5.5099
2014-07-04,1489.53,34.42,110.81,8.27,3814.0802,3837.85432531746,34.42,5.5435
2014-07-07,1513.72,34.455,110.67,8.31,3813.13485,3839.1854340476193,34.455,5.57
2014-07-08,1516.75,34.23,109.8,8.29,3758.454,3838.934291190476,34.23,5.5212
2014-07-09,1513.38,33.9125,108.51,8.34,3679.845375,3837.4320304761904,33.9125,5.4975
2014-07-10,1494.92,33.95,108.17,8.42,3672.3715,3835.814383015873,33.95,5.4854
2014-07-11,1499.82,34.2055,107.6,8.46,3680.5118,3833.196865873016,34.2055,5.5059
2014-07-14,1483.41,34.3275,106.8,8.49,3666.177,3830.576743650794,34.3275,5.5303
2014-07-15,1475.77,34.3945,105.0,8.47,3611.4225,3826.993223809524,34.3945,5.5285
2014-07-16,1474.72,34.3875,106.16,8.52,3650.577,3823.188346111111,34.3875,5.5439
2014-07-17,1440.63,35.182,107.45,8.87,3780.3059,3820.545707619048,35.182,5.6285
2014-07-18,1422.53,35.1425,108.03,8.89,3796.444275,3818.015364047619,35.1425,5.654
2014-07-21,1384.5,35.19,107.35,9.02,3777.6465,3816.1481497619047,35.19,5.664
2014-07-22,1405.97,34.996,107.82,8.94,3773.26872,3814.107296349207,34.996,5.6233
2014-07-23,1406.58,34.8995,107.71,8.87,3759.025145,3811.56488515873,34.8995,5.6275
2014-07-24,1408.8,35.0435,107.39,8.94,3763.321465,3809.348215238096,35.0435,5.647
2014-07-25,1388.41,35.13,107.03,9.14,3759.9639,3807.2096369047617,35.13,5.6717
2014-07-28,1361.94,35.5425,107.07,9.31,3805.535474999999,3805.212695238096,35.5425,5.7352
2014-07-29,1369.83,35.8045,107.63,9.52,3853.638335,3803.691967698413,35.8045,5.7693
2014-07-30,1382.14,35.586,107.64,9.47,3830.47704,3802.5626616666655,35.586,5.7577
2014-07-31,1379.61,35.7485,106.37,9.53,3802.567945,3801.1881452380953,35.7485,5.763
2014-08-01,1374.83,35.7495,105.24,9.62,3762.27738,3799.821178253968,35.7495,5.796
2014-08-04,1378.98,35.783,105.6,9.68,3778.6848,3798.075105238096,35.783,5.7947
2014-08-05,1357.89,36.0785,104.8,9.73,3781.0268,3797.022398174603,36.0785,5.8109
2014-08-06,1334.66,36.189,105.25,9.89,3808.89225,3796.946767222222,36.189,5.865
2014-08-07,1333.53,36.27,104.93,9.95,3805.8111,3797.615933492064,36.27,5.899
2014-08-08,1348.21,36.1205,105.43,9.91,3808.184315,3798.089284523809,36.1205,5.9
2014-08-11,1372.45,35.929,105.37,9.57,3785.83873,3797.886613571429,35.929,5.8536
2014-08-12,1374.19,36.18,103.43,9.44,3742.0974,3797.084206428572,36.18,5.8605
2014-08-13,1398.85,36.0005,103.11,9.5,3712.011555,3795.470980317461,36.0005,5.85
2014-08-14,1407.53,36.036,102.7,9.39,3700.8972,3793.827602539682,36.036,5.831
2014-08-15,1417.82,36.131,102.73,9.27,3711.73763,3792.167006190477,36.131,5.8495
2014-08-18,1425.18,36.0595,101.67,9.37,3666.169365,3790.117442142857,36.0595,5.8787
2014-08-19,1437.6,36.185,101.42,9.49,3669.8827,3788.466526587301,36.185,5.8867
2014-08-20,1447.5,36.3005,101.93,9.43,3700.109965,3787.2527768253967,36.3005,5.91
2014-08-21,1461.75,36.024,102.05,9.34,3676.2492,3785.241751507937,36.024,5.897
2014-08-22,1446.6,36.11,102.5,9.45,3701.275,3784.091595952381,36.11,5.88
2014-08-25,1454.67,36.095,102.16,9.42,3687.4652,3782.793810238096,36.095,5.8738
2014-08-26,1443.32,36.1005,103.21,9.39,3725.932605,3781.643178571429,36.1005,5.8768
2014-08-27,1447.91,36.172,102.85,9.39,3720.2902,3780.541936111111,36.172,5.8636
2014-08-28,1423.78,36.75,102.69,9.84,3773.8575,3779.7874348412697,36.75,5.9783
2014-08-29,1400.71,37.1235,102.95,9.95,3821.864325,3779.8241388888887,37.1235,6.0131
2014-09-01,1392.4,37.302,102.97,9.95,3840.98694,3780.291207777778,37.302,6.0661
2014-09-02,1400.35,37.4625,101.85,10.05,3815.555625,3780.3857449206353,37.4625,6.0874
2014-09-03,1449.29,36.863,101.62,9.58,3746.01806,3779.180549047619,36.863,5.9731
2014-09-04,1457.34,37.0075,102.62,9.57,3797.70965,3779.805536031746,37.0075,5.9992
2014-09-05,1474.71,36.92,101.38,9.54,3742.9496,3779.707073492064,36.92,6.0704
2014-09-08,1464.76,37.0695,99.79,9.66,3699.165405,3778.46525452381,37.0695,6.0597
2014-09-09,1468.17,37.1115,99.98,9.65,3710.40777,3777.46187547619,37.1115,6.041
2014-09-10,1468.55,37.29,98.2,9.83,3661.878,3775.631038492064,37.29,6.0904
2014-09-11,1449.63,37.5095,97.11,9.91,3642.547545,3771.45733484127,37.5095,6.115
2014-09-12,1458.52,37.785,97.12,9.73,3669.6792,3767.123543333333,37.785,6.1753
2014-09-15,1454.19,38.385,98.25,9.85,3771.32625,3764.871423492064,38.385,6.3128
2014-09-16,1477.31,38.33,98.99,9.77,3794.2867,3762.3828231746033,38.33,6.2728
2014-09-17,1449.37,38.419,98.68,9.68,3791.18692,3759.606117619048,38.419,6.2341
2014-09-18,1448.63,38.478,98.42,9.63,3787.00476,3757.7578398412697,38.478,6.3863
2014-09-19,1431.58,38.4215,97.75,9.63,3755.701625,3755.937026349208,38.4215,6.271
2014-09-22,1412.83,38.6995,97.12,9.71,3758.49544,3754.719873412698,38.6995,6.2809
2014-09-23,1429.45,38.616,97.08,9.58,3748.84128,3753.5828143650792,38.616,6.28
2014-09-24,1441.83,38.15,96.09,9.46,3665.8335,3751.026181984127,38.15,6.2395
2014-09-25,1436.05,38.4915,96.62,9.33,3719.04873,3749.32172531746,38.4915,6.2678
2014-09-26,1434.2,39.1765,97.04,9.38,3801.68756,3748.448108809524,39.1765,6.345
2014-09-29,1408.28,39.4395,96.82,9.5,3818.53239,3748.121175476191,39.4395,6.405
2014-09-30,1411.07,39.5925,96.62,9.48,3825.42735,3748.469753095238,39.5925,6.3866
2014-10-01,1399.99,39.7,95.44,9.48,3788.968,3748.071146746032,39.7,6.4135
2014-10-02,1376.35,39.561,93.09,9.47,3682.73349,3746.001283888889,39.561,6.43
2014-10-03,1384.66,39.957,91.68,9.59,3663.25776,3744.4902324603177,39.957,6.4867
2014-10-06,1418.15,39.73,91.5,9.59,3635.295,3743.7830836507937,39.73,6.505
2014-10-07,1403.48,39.904,91.88,9.69,3666.37952,3743.687972857143,39.904,6.4832
2014-10-08,1379.76,40.0,90.91,9.81,3636.4,3742.987785555556,40.0,6.513
2014-10-09,1384.33,40.1475,90.85,9.76,3647.400375,3742.6897438888886,40.1475,6.529
2014-10-10,1364.24,40.325,89.19,10.03,3596.58675,3742.45425579365,40.325,6.571
2014-10-13,1383.93,40.4925,88.16,9.97,3569.8188,3741.172379603175,40.4925,6.647
2014-10-14,1394.16,40.92,86.36,9.99,3533.8512,3737.260400238096,40.92,6.645
2014-10-15,1377.09,40.4505,85.33,10.0,3451.6411649999995,3731.787335,40.4505,6.62
2014-10-16,1360.33,40.869,83.7,10.09,3420.7353000000003,3726.122077857143,40.869,6.7954
2014-10-17,1384.72,40.7525,86.32,10.06,3517.7557999999995,3722.066317222222,40.7525,6.6435
2014-10-20,1376.36,41.0375,84.75,10.02,3477.928125,3717.6044597619048,41.0375,6.6963
2014-10-21,1383.35,40.964,85.85,9.97,3516.7593999999995,3713.690776190476,40.964,6.69
2014-10-22,1374.19,41.4195,86.23,9.96,3571.603485,3710.7009283333336,41.4195,6.73
2014-10-23,1372.92,41.715,86.4,10.14,3604.176,3707.504746190476,41.715,6.83
2014-10-24,1380.39,41.906,85.53,9.98,3584.22018,3703.2282675396814,41.906,6.8546
2014-10-27,1394.27,42.28,85.43,10.04,3611.9804,3699.760066904762,42.28,6.9079
2014-10-28,1415.51,42.468,85.58,10.14,3634.41144,3697.0909160317456,42.468,6.9394
2014-10-29,1439.58,43.2,87.75,10.37,3790.8,3697.543656031746,43.2,7.0133
2014-10-30,1452.89,41.6445,86.41,10.04,3598.501245,3694.683599603175,41.6445,6.8378
2014-10-31,1488.47,43.034,85.34,10.09,3672.52156,3692.961294206349,43.034,7.0231
2014-11-03,1491.19,43.608,85.45,10.12,3726.3036,3691.650363253968,43.608,7.08
2014-11-05,1495.26,44.95,83.54,10.21,3755.123000000001,3690.845790238095,44.95,7.307
2014-11-06,1497.46,46.8675,82.35,10.25,3859.538625,3691.6609380158734,46.8675,7.539
2014-11-07,1497.11,46.65,83.48,10.35,3894.342,3693.383212142857,46.65,7.575
2014-11-10,1515.36,45.8525,83.76,10.24,3840.6054,3694.946831190476,45.8525,7.5199
2014-11-11,1514.78,46.3515,81.78,10.35,3790.62567,3696.194674285714,46.3515,7.4999
2014-11-12,1513.83,45.9615,81.27,10.38,3735.291105,3696.7406092857145,45.9615,7.6
2014-11-13,1492.27,46.82,78.88,10.46,3693.1616,3696.445751666666,46.82,7.5862
2014-11-14,1500.76,47.1735,79.31,10.5,3741.330285,3697.6387821428575,47.1735,7.83
2014-11-17,1507.1,47.1045,78.63,10.6,3703.826835,3698.177577936508,47.1045,7.7219
2014-11-18,1519.61,46.9025,78.71,10.51,3691.695775,3698.0440193650793,46.9025,7.74
2014-11-19,1517.97,46.861,78.54,10.58,3680.46294,3698.110904126984,46.861,7.652
2014-11-20,1530.4,46.152,78.91,10.43,3641.85432,3697.167718730159,46.152,7.639
2014-11-21,1538.93,45.714,80.1,10.39,3661.6914,3696.758610793651,45.714,7.44
2014-11-24,1529.54,44.997,80.32,10.46,3614.15904,3694.984427222223,44.997,7.35
2014-11-25,1529.57,46.263,79.61,10.49,3682.99743,3694.392478492063,46.263,7.509
2014-11-26,1537.43,47.388,77.9,10.61,3691.5252,3693.085616587302,47.388,7.62
2014-11-27,1531.69,48.655,74.6,10.74,3629.663,3690.034801904762,48.655,7.8688
2014-11-28,1533.68,50.4085,72.97,10.79,3678.308245,3687.452600396825,50.4085,8.0
2014-12-01,1578.38,51.22,71.15,10.99,3644.303,3684.7343047619047,51.22,8.4
2014-12-02,1583.12,53.85,71.2,11.11,3834.12,3686.132748253968,53.85,8.84
2014-12-03,1606.84,53.1905,71.02,11.37,3777.58931,3685.813377777778,53.1905,8.707
2014-12-04,1582.08,54.29,69.28,11.54,3761.2112,3686.103244444445,54.29,8.7978
2014-12-05,1529.2,52.51,68.45,12.25,3594.3095,3684.438865,52.51,8.68
2014-12-08,1481.27,53.745,66.95,12.92,3598.22775,3682.6582297619047,53.745,8.6746
2014-12-09,1475.22,54.049,66.47,13.09,3592.63703,3681.559166746032,54.049,8.91
2014-12-10,1486.85,54.85,64.44,12.95,3534.534,3679.844666031746,54.85,8.7803
2014-12-11,1455.04,56.44,64.81,12.65,3657.8764,3679.65732,56.44,8.9132
2014-12-12,1459.68,58.18,62.54,13.46,3638.5772,3677.5501922222224,58.18,9.23
2014-12-15,1424.99,64.4455,61.44,14.01,3959.53152,3680.173125873016,64.4455,9.77
2014-12-16,1444.32,67.5,59.06,17.72,3986.55,3683.274127142857,67.5,10.75
2014-12-17,1413.79,60.2205,60.31,15.01,3631.898355,3680.812120714286,60.2205,10.9
2014-12-18,1477.27,61.5,61.2,15.16,3763.8,3680.9406663492064,61.5,9.6
2014-12-19,1449.13,58.55,60.82,15.19,3561.011,3677.805992698413,58.55,9.44
2014-12-22,1437.08,55.8,60.53,14.58,3377.574,3671.9128612698414,55.8,8.8
2014-12-23,1398.2,54.5035,60.92,14.76,3320.3532200000004,3666.429047301587,54.5035,8.82
2014-12-24,1401.5,53.44,59.62,14.98,3186.0928,3657.969429365079,53.44,8.73
2014-12-25,1408.54,52.5515,59.94,14.98,3149.93691,3647.624180952381,52.5515,8.84
2014-12-26,1417.8,54.004,60.15,14.88,3248.3406,3638.573517619048,54.004,8.719
2014-12-29,1432.94,58.322,59.73,15.2,3483.57306,3633.147259047619,58.322,9.2501
2014-12-30,1396.61,56.0,57.77,15.13,3235.1200000000003,3624.356020952381,56.0,10.9167
2015-01-05,1435.66,60.85,53.88,15.18,3278.5980000000004,3617.941171904762,60.85,10.916
2015-01-06,1480.73,63.24,52.0,15.74,3288.48,3611.992318571428,63.24,10.3434
2015-01-08,1547.39,60.301,51.05,15.21,3078.36605,3603.152176507937,60.301,10.39
2015-01-09,1515.37,61.55,49.98,15.52,3076.269,3593.785342857143,61.55,10.7899
2015-01-12,1513.22,63.17,47.38,16.3,2992.9946000000004,3583.572558730159,63.17,10.2499
2015-01-13,1533.09,65.25,46.14,17.22,3010.635,3573.4651718253967,65.25,10.502
2015-01-14,1554.46,64.773,46.83,16.57,3033.31959,3564.524423253968,64.773,10.4263
2015-01-15,1563.21,65.29,49.4,15.59,3225.326,3559.0562835714286,65.29,10.4
2015-01-16,1591.43,65.1985,49.59,15.1,3233.193615,3554.2839409523813,65.1985,10.49
2015-01-19,1576.4,65.02,49.49,15.09,3217.8398,3550.572808174603,65.02,10.5715
2015-01-20,1570.97,65.2,48.44,15.1,3158.288,3546.406978015873,65.2,10.52
2015-01-21,1618.17,65.35,49.36,15.02,3225.6759999999995,3541.770790714286,65.35,10.3897
2015-01-22,1666.56,64.12,48.81,14.78,3129.6972000000005,3536.243315714286,64.12,10.3747
2015-01-23,1671.8,64.2395,49.05,14.53,3150.947475,3530.436777222222,64.2395,10.278
2015-01-26,1642.37,68.799,48.51,15.16,3337.43949,3526.7198884126983,68.799,10.5367
2015-01-27,1673.92,66.82,48.35,14.82,3230.747,3520.7924439682542,66.82,10.5401
2015-01-28,1647.71,68.0345,49.22,14.84,3348.6580899999994,3517.0533631746034,68.0345,10.8669
2015-01-29,1639.65,68.73,48.7,14.94,3347.1510000000003,3512.849721904762,68.73,11.2
2015-01-30,1647.69,68.9105,49.58,14.7,3416.58259,3509.392121111111,68.9105,11.22
2015-02-02,1625.31,68.42,53.5,14.29,3660.47,3507.3233909523806,68.42,10.95
2015-02-03,1654.36,65.168,56.35,13.84,3672.2168000000006,3508.4934791269843,65.168,10.6
2015-02-04,1656.02,67.993,56.04,14.09,3810.32772,3510.680878492064,67.993,11.0418
2015-02-05,1696.06,66.6,56.55,13.37,3766.23,3511.314630873016,66.6,11.028
2015-02-06,1755.45,66.985,57.74,13.54,3867.7139,3513.101788015873,66.985,10.9802
2015-02-09,1748.55,65.86,58.54,13.43,3855.4444,3513.0368003174603,65.86,10.5049
2015-02-10,1742.35,65.455,57.42,13.7,3758.4261,3510.879405079365,65.455,10.75
2015-02-11,1763.6,65.25,54.66,13.63,3566.565,3506.5295574603174,65.25,10.5
2015-02-12,1802.8,65.27,56.91,13.47,3714.5157,3505.321462698413,65.27,10.71
2015-02-13,1838.18,63.5,61.43,12.95,3900.805,3507.9486673809524,63.5,10.2118
2015-02-16,1800.59,63.184,61.65,12.71,3895.2936,3511.157111825397,63.184,9.92
2015-02-17,1793.82,62.505,60.48,12.61,3780.3024,3511.775716825397,62.505,10.0823
2015-02-18,1809.67,61.582,61.67,12.29,3797.76194,3513.2667502380955,61.582,10.0
2015-02-19,1797.87,61.9,58.57,12.54,3625.483,3512.215753809524,61.9,9.9999
2015-02-20,1792.7,62.05,60.54,12.92,3756.507,3513.422802380953,62.05,9.82
2015-02-24,1772.16,62.853,60.12,13.72,3778.72236,3515.5953109523807,62.853,10.0
2015-02-25,1746.23,61.389,59.26,13.68,3637.91214,3515.2178623809523,61.389,9.92
2015-02-26,1760.66,61.15,61.32,13.66,3749.718,3517.369591904762,61.15,9.71
2015-02-27,1758.97,61.6,61.42,14.33,3783.472,3518.9644263492064,61.6,9.83
2015-03-02,1783.34,62.65,61.07,14.58,3826.0355,3521.0995104761905,62.65,9.88
2015-03-03,1807.7,61.887,61.18,13.8,3786.24666,3523.5849653968253,61.887,9.9262
2015-03-04,1759.35,61.945,59.9,13.86,3710.5055,3524.096032936508,61.945,9.86
2015-03-05,1760.55,60.821,60.84,13.56,3700.34964,3524.985662142857,60.821,9.68
2015-03-06,1728.55,60.445,60.09,13.48,3632.14005,3521.779631190476,60.445,9.5
2015-03-10,1665.38,62.53,57.1,13.55,3570.463,3518.491911984127,62.53,9.83
2015-03-11,1671.47,61.617,56.98,13.37,3510.93666,3514.519300238095,61.617,9.8912
2015-03-12,1664.7,61.19,57.58,12.92,3523.3202,3513.392485952381,61.19,9.765
2015-03-13,1627.88,62.249,55.98,13.23,3484.69902,3511.590442619048,62.249,9.81
2015-03-16,1609.85,62.192,53.08,13.54,3301.15136,3506.9636859523807,62.192,9.9785
2015-03-17,1611.69,61.45,52.95,13.53,3253.7775,3502.5072335714285,61.45,9.809
2015-03-18,1632.12,59.335,53.48,13.39,3173.2358,3494.8145256349208,59.335,9.52
2015-03-19,1607.97,59.994,54.74,13.27,3284.0715600000003,3489.1874519841267,59.994,9.6875
2015-03-20,1628.64,59.255,55.05,12.94,3261.98775,3478.115328650794,59.255,9.5563
2015-03-23,1602.85,58.741,55.84,12.79,3280.09744,3466.901795952381,58.741,9.5327
2015-03-24,1618.62,57.69,55.04,12.69,3175.2576,3459.65353,57.69,9.3219
2015-03-25,1615.5,57.45,55.4,12.03,3182.73,3450.4301966666662,57.45,9.215
2015-03-26,1581.84,57.291,58.38,11.89,3344.64858,3446.9958725396823,57.291,9.248
2015-03-27,1571.55,57.9,57.86,11.92,3350.094,3446.559682063492,57.9,9.29
2015-03-30,1612.84,57.61,55.69,12.05,3208.3009,3444.781073809524,57.61,9.2968
2015-03-31,1626.18,58.205,55.82,12.36,3249.0031,3445.77965,58.205,9.3731
2015-04-01,1661.9,57.61,56.76,11.94,3269.9436,3447.684518095238,57.61,9.27
2015-04-02,1679.24,56.65,55.39,12.08,3137.8435,3445.930595873016,56.65,9.1
2015-04-03,1681.47,56.606,54.99,11.9,3112.7639400000003,3440.044736825397,56.606,9.1519
2015-04-06,1700.64,55.488,57.93,11.83,3214.41984,3439.7161628571425,55.488,8.9879
2015-04-07,1695.64,55.026,58.42,11.97,3214.6189200000003,3438.700621904762,55.026,8.8887
2015-04-08,1683.63,53.637,56.8,11.87,3046.5816,3434.860964761905,53.637,8.6459
2015-04-09,1667.6,51.862,56.8,11.43,2945.7616,3432.7561322222223,51.862,8.45
2015-04-10,1657.02,53.6,57.56,11.18,3085.2160000000003,3432.898148095238,53.6,8.7
2015-04-13,1678.19,52.03,57.92,11.2,3013.5776,3433.224862380952,52.03,8.5
2015-04-14,1647.39,50.897,58.61,11.13,2983.07317,3432.787373015873,50.897,8.3428
2015-04-15,1677.7,49.7,61.95,10.67,3078.9150000000004,3433.51110968254,49.7,8.1999
2015-04-16,1686.79,49.8,62.81,10.81,3127.938,3431.9652684126986,49.8,8.0521
2015-04-17,1656.59,51.895,63.95,11.11,3318.6852500000005,3433.322278492063,51.895,8.41
2015-04-20,1683.24,53.335,63.51,11.25,3387.30585,3436.0122157936507,53.335,8.58
2015-04-21,1710.24,53.8,62.79,11.45,3378.102,3439.5013269047618,53.8,8.59
2015-04-22,1677.56,52.18,62.85,11.43,3279.513,3440.3558824603174,52.18,8.4205
2015-04-23,1662.64,50.78,65.0,11.36,3300.7000000000003,3443.070212619048,50.78,8.1808
2015-04-24,1682.7,50.9,65.02,11.4,3309.518,3445.587205079365,50.9,8.29
2015-04-27,1677.22,51.978,65.11,11.43,3384.28758,3446.330825555556,51.978,8.3309
2015-04-28,1677.89,51.546,65.08,11.49,3354.61368,3448.296963333333,51.546,8.25
2015-04-29,1670.99,51.055,66.1,11.18,3374.7355,3448.7108904761903,51.055,8.2
2015-04-30,1688.34,51.69,66.14,10.98,3418.7766,3449.8478047619046,51.69,8.32
2015-05-05,1721.8,50.496,68.14,10.71,3440.7974400000003,3450.2321674603177,50.496,8.134
2015-05-06,1714.31,50.998,67.99,10.58,3467.35402,3447.1668344444447,50.998,8.118
2015-05-07,1686.98,50.29,66.29,10.62,3333.7241000000004,3441.793934444444,50.29,8.0913
2015-05-08,1708.52,51.04,65.48,10.77,3342.0992,3434.3617357142857,51.04,8.2132
2015-05-12,1704.62,49.958,66.77,10.81,3335.69566,3427.527857301587,49.958,8.06
2015-05-13,1682.26,49.27,67.65,10.72,3333.1155000000003,3419.042168412698,49.27,7.9335
2015-05-14,1677.57,50.134,67.0,10.78,3358.978,3411.1617493650792,50.134,8.0798
2015-05-15,1691.46,49.57,66.6,10.68,3301.362,3403.906763650794,49.57,7.978
2015-05-18,1678.55,49.147,66.15,10.66,3251.07405,3398.8989707936507,49.147,7.9021
2015-05-19,1659.36,49.57,64.71,10.77,3207.6747,3390.8538755555555,49.57,7.9862
2015-05-20,1636.86,49.701,64.9,10.7,3225.5949000000005,3380.1362549206347,49.701,8.0205
2015-05-21,1659.33,49.99,66.73,10.62,3335.8327000000004,3371.255923174603,49.99,8.0461
2015-05-22,1665.66,50.028,65.48,10.52,3275.8334400000003,3363.24847936508,50.028,8.0555
2015-05-25,1655.4,49.965,66.13,10.56,3304.18545,3355.413931904762,49.965,8.06
2015-05-26,1651.66,50.96,63.53,10.77,3237.4888,3349.255293809524,50.96,8.1993
2015-05-27,1660.98,51.99,63.16,10.78,3283.6884,3341.7502366666668,51.99,8.346
2015-05-28,1657.62,52.6,62.4,10.92,3282.24,3333.869564285714,52.6,8.517
2015-05-29,1609.19,52.31,64.89,10.75,3394.3959,3330.0042271428574,52.31,8.4509
2015-06-01,1616.94,53.625,64.62,10.84,3465.2475000000004,3325.488822380953,53.625,8.63
2015-06-02,1643.41,52.78,65.12,10.8,3437.0336,3319.9898001587303,52.78,8.585
2015-06-03,1628.87,54.3,64.2,10.97,3486.06,3314.593363650793,54.3,8.7508
2015-06-04,1638.07,56.46,62.34,11.27,3519.7164,3310.3627246031747,56.46,9.09
2015-06-05,1652.07,56.245,61.85,11.2,3478.75325,3306.6841174603173,56.245,9.1168
2015-06-08,1646.89,55.995,62.65,11.24,3508.08675,3303.632325555556,55.995,9.0361
2015-06-09,1664.01,55.545,64.68,11.08,3592.6506000000004,3303.005508888889,55.545,8.9564
2015-06-10,1653.09,54.331,65.25,10.84,3545.0977500000004,3302.602885873016,54.331,8.6773
2015-06-11,1652.24,54.798,64.88,10.92,3555.29424,3303.306974444444,54.798,8.8279
2015-06-15,1657.29,54.5,64.01,11.04,3488.545,3302.7549871428573,54.5,8.7981
2015-06-16,1668.82,53.78,63.94,11.11,3438.6932,3302.024736031746,53.78,8.67
2015-06-17,1664.66,53.6,63.26,11.18,3390.736,3303.4467144444443,53.6,8.685
2015-06-18,1660.14,53.47,64.22,11.21,3433.8434,3306.3049033333336,53.47,8.605
2015-06-19,1663.03,54.0,62.79,11.2,3390.66,3309.756081111111,54.0,8.7476
2015-06-22,1671.8,53.95,62.67,11.09,3381.0465000000004,3311.295365873016,53.95,8.6835
2015-06-23,1657.23,53.855,64.18,11.04,3456.4139,3314.381495238096,53.855,8.6999
2015-06-24,1651.85,54.446,63.55,11.12,3460.0433,3317.237778730159,54.446,8.8095
2015-06-25,1631.99,54.72,63.07,11.13,3451.1904,3321.6176644444445,54.72,8.8091
2015-06-26,1644.45,54.78,63.25,11.2,3464.835,3326.0955215873014,54.78,8.8732
2015-06-29,1634.93,55.715,61.85,11.24,3445.9727500000004,3327.703841746032,55.715,8.962
2015-06-30,1654.55,55.3,63.16,11.15,3492.748,3329.968190952381,55.3,8.9135
2015-07-01,1639.7,55.843,62.57,11.14,3494.0965100000003,3334.5046292063494,55.843,8.996
2015-07-02,1641.05,55.53,62.7,11.12,3481.731,3338.198722857143,55.53,8.95
2015-07-03,1631.65,56.0,60.34,11.1,3379.04,3339.930411746032,56.0,8.9891
2015-07-06,1621.27,56.889,58.22,11.17,3312.07758,3342.696032063492,56.889,9.15
2015-07-07,1614.14,56.739,56.05,11.29,3180.22095,3343.7667782539684,56.739,9.09
2015-07-08,1595.0,57.513,56.59,11.3,3254.66067,3344.4055215873013,57.513,9.264
2015-07-09,1614.59,57.17,58.9,11.17,3367.313,3346.829237142857,57.17,9.2228
2015-07-10,1623.99,56.429,58.37,11.04,3293.76073,3350.752715396825,56.429,9.0898
2015-07-13,1642.97,56.52,58.48,11.06,3305.2896,3356.459509047619,56.52,9.0801
2015-07-14,1647.01,56.414,58.36,10.97,3292.3210400000003,3359.7468906349204,56.414,9.09
2015-07-15,1641.22,56.938,57.67,10.85,3283.61446,3364.03319,56.938,9.1512
2015-07-16,1652.59,56.95,57.84,10.62,3293.9880000000003,3368.9683460317456,56.95,9.1155
2015-07-17,1650.08,56.987,56.8,10.5,3236.8616,3371.4754349206346,56.987,9.1796
2015-07-20,1626.76,57.0,56.74,10.66,3234.1800000000003,3373.161815873016,57.0,9.1668
2015-07-21,1635.69,56.938,56.86,10.75,3237.49468,3371.8730766666667,56.938,9.1716
2015-07-22,1635.63,57.445,56.53,10.85,3247.36585,3369.6518068253968,57.445,9.215
2015-07-23,1616.14,57.851,56.19,10.79,3250.64769,3367.6287225396827,57.851,9.3233
2015-07-24,1595.61,58.425,54.56,10.96,3187.668,3366.1708653968253,58.425,9.3897
2015-07-27,1584.92,59.645,53.71,11.09,3203.5329500000003,3364.628531269841,59.645,9.555
2015-07-28,1604.5,60.02,53.73,11.17,3224.8746,3363.2849852380955,60.02,9.6469
2015-07-29,1622.32,58.67,54.02,10.91,3169.3534000000004,3359.873331587301,58.67,9.4656
2015-07-30,1636.72,59.748,53.66,11.01,3206.07768,3357.515617301588,59.748,9.5191
2015-07-31,1669.0,61.72,52.5,10.86,3240.3,3355.381720476191,61.72,9.907
2015-08-03,1663.74,63.515,50.31,11.08,3195.4396500000003,3351.836689523809,63.515,10.2061
2015-08-04,1674.46,63.07,50.05,11.05,3156.6535,3347.3264682539684,63.07,10.1428
2015-08-05,1693.07,63.461,49.69,11.08,3153.37709,3342.3427074603173,63.461,10.2115
2015-08-06,1675.71,64.02,49.0,11.16,3136.98,3339.2197852380955,64.02,10.3075
2015-08-07,1690.44,64.045,49.06,11.14,3142.0477,3336.044364603175,64.045,10.2964
2015-08-10,1702.02,62.81,49.95,11.09,3137.3595000000005,3332.896171587302,62.81,10.11
2015-08-11,1697.87,64.28,48.93,11.16,3145.2204,3329.91370968254,64.28,10.0565
2015-08-12,1697.65,64.21,49.05,11.17,3149.5005,3326.58867,64.21,9.9644
2015-08-13,1704.11,64.705,48.93,11.13,3166.01565,3324.440315238095,64.705,10.0116
2015-08-14,1712.47,64.997,49.03,11.17,3186.80291,3323.420138412698,64.997,10.0384
2015-08-17,1707.95,65.51,49.22,11.26,3224.4022,3323.6856542857145,65.51,10.1916
2015-08-18,1691.24,65.881,48.62,11.32,3203.13422,3323.3291355555552,65.881,10.2269
2015-08-19,1673.86,66.605,47.0,11.35,3130.4350000000004,3320.068854603175,66.605,10.3327
2015-08-20,1695.57,67.959,47.18,11.65,3206.30562,3318.9652384126985,67.959,10.5445
2015-08-21,1663.31,69.108,45.35,11.95,3134.0478000000003,3316.264640793651,69.108,10.7379
2015-08-24,1634.14,70.9,42.88,12.31,3040.1920000000005,3313.132945555556,70.9,10.9472
2015-08-25,1658.13,68.85,43.42,12.09,2989.467,3308.4627646031745,68.85,10.6309
2015-08-26,1660.95,68.901,43.05,12.11,2966.18805,3303.446066984127,68.901,10.65
2015-08-27,1695.22,66.009,45.93,11.89,3031.79337,3297.690471269841,66.009,10.248
2015-08-28,1719.16,65.402,49.68,11.73,3249.17136,3294.2606912698416,65.402,10.1432
2015-08-31,1733.17,64.249,51.31,11.85,3296.61619,3292.031843492064,64.249,10.0259
2015-09-01,1697.99,66.85,50.21,11.84,3356.5385,3289.975946666667,66.85,10.422
2015-09-02,1690.82,67.079,48.43,11.88,3248.63597,3285.6730826984126,67.079,10.4
2015-09-03,1710.57,67.2,51.23,11.78,3442.656,3285.1001104761904,67.2,10.44
2015-09-04,1698.16,68.42,50.04,11.84,3423.7368,3283.7612223809524,68.42,10.5645
2015-09-07,1701.18,69.114,47.89,11.87,3309.8694600000003,3279.272632857143,69.114,10.6589
2015-09-08,1714.18,67.99,49.65,11.8,3375.7035,3276.583835238095,67.99,10.52
2015-09-09,1722.43,68.485,48.45,11.73,3318.09825,3272.81881952381,68.485,10.597
2015-09-10,1718.9,67.668,48.77,11.73,3300.1683600000006,3269.8287141269843,67.668,10.61
2015-09-11,1718.06,67.924,48.15,11.71,3270.5406000000003,3267.159625238095,67.924,10.5699
2015-09-14,1729.75,67.49,46.5,11.66,3138.285,3263.152466507937,67.49,10.5301
2015-09-15,1716.26,66.7,47.34,11.57,3157.5780000000004,3258.7673014285715,66.7,10.475
2015-09-16,1731.81,65.33,49.73,11.49,3248.8609,3256.516522063492,65.33,10.21
2015-09-17,1729.2,65.437,48.52,11.47,3175.00324,3253.245994126984,65.437,10.169
2015-09-18,1710.84,66.502,47.99,11.43,3191.43098,3249.0399160317456,66.502,10.4221
2015-09-21,1699.72,65.988,48.33,11.3,3189.20004,3244.7408166666664,65.988,10.336
2015-09-22,1664.25,66.022,48.33,11.33,3190.84326,3240.6083223809524,66.022,10.3001
2015-09-23,1640.7,66.42,48.58,11.25,3226.6836,3236.828141428572,66.42,10.333
2015-09-24,1621.43,66.099,48.07,11.42,3177.3789300000003,3232.564747460318,66.099,10.31
2015-09-25,1639.64,65.53,48.26,11.31,3162.4778,3227.3223633333337,65.53,10.26
2015-09-28,1616.36,66.085,47.58,11.33,3144.3243,3221.7704234920634,66.085,10.4089
2015-09-29,1630.51,65.73,48.43,11.32,3183.3039000000003,3217.0334853968257,65.73,10.384
2015-09-30,1642.97,65.39,48.35,11.35,3161.6065000000003,3213.58216,65.39,10.3369
2015-10-01,1626.97,65.65,48.25,11.19,3167.6125,3211.289063492064,65.65,10.3471
2015-10-02,1612.56,66.012,47.12,11.27,3110.48544,3210.18215063492,66.012,10.42
2015-10-05,1652.47,64.749,49.62,10.98,3212.84538,3209.518415873016,64.749,10.205
2015-10-06,1670.69,63.33,51.4,10.62,3255.162,3207.738241269841,63.33,10.006
2015-10-07,1679.49,62.664,51.44,10.57,3223.43616,3206.6219782539683,62.664,9.8969
2015-10-08,1689.32,61.37,52.43,10.51,3217.6291,3205.230541746032,61.37,9.6891
2015-10-09,1728.44,61.876,52.77,10.6,3265.19652,3204.799993809524,61.876,9.75
2015-10-12,1710.6,62.275,51.71,10.56,3220.24025,3203.7940539682536,62.275,9.845
2015-10-13,1720.81,63.039,50.02,10.63,3153.2107800000003,3201.5594949206347,63.039,9.9181
2015-10-14,1723.01,62.709,49.1,10.54,3079.0119000000004,3199.0539441269843,62.709,9.8881
2015-10-15,1731.91,61.403,48.55,10.38,2981.11565,3195.03704968254,61.403,9.685
2015-10-16,1717.0,61.285,49.94,10.13,3060.5729,3192.228767460318,61.285,9.622
2015-10-19,1716.08,62.262,48.99,10.19,3050.21538,3189.099394920635,62.262,9.7681
2015-10-20,1722.62,62.115,48.67,10.2,3023.1370500000003,3185.488114920636,62.115,9.74
2015-10-21,1709.94,63.005,48.25,10.1,3039.99125,3183.1440395238096,63.005,9.8401
2015-10-22,1712.1,62.591,48.13,10.09,3012.5048300000003,3180.111847142857,62.591,9.8001
2015-10-23,1725.45,62.38,47.9,10.05,2988.002,3176.3519646031746,62.38,9.7501
2015-10-26,1712.13,63.02,47.78,10.0,3011.0956,3173.839936031746,63.02,9.85
2015-10-27,1725.89,64.9,46.81,10.14,3037.9690000000005,3171.171544285715,64.9,10.17
2015-10-28,1726.61,63.95,48.94,10.0,3129.713,3169.416195079365,63.95,9.9911
2015-10-29,1708.6,64.4,49.08,10.08,3160.752,3168.865597460318,64.4,10.1299
2015-10-30,1711.53,63.958,49.33,10.14,3155.04814,3168.840115555556,63.958,10.0515
2015-11-02,1735.75,63.665,49.14,10.08,3128.4981,3168.445210952381,63.665,10.04
2015-11-03,1763.6,62.628,49.69,9.86,3111.98532,3168.04847,62.628,9.84
2015-11-05,1766.28,63.45,48.25,9.82,3061.4625,3166.76933984127,63.45,9.951
2015-11-06,1754.36,64.598,47.51,9.91,3069.05098,3165.685077619048,64.598,10.127
2015-11-09,1751.44,64.59,47.4,9.94,3061.5660000000003,3164.35723,64.59,10.131
2015-11-10,1746.94,64.56,47.42,9.85,3061.4352000000003,3162.959368095238,64.56,10.099
2015-11-11,1740.56,65.415,46.62,9.81,3049.6473,3161.112251428571,65.415,10.248
2015-11-12,1739.96,66.635,45.29,10.01,3017.89915,3158.43123936508,66.635,10.429
2015-11-13,1728.17,66.777,43.7,10.09,2918.1549000000005,3153.570171111111,66.777,10.4488
2015-11-16,1739.8,65.27,43.71,10.06,2852.9517,3148.0117184126984,65.27,10.25
2015-11-17,1787.23,65.148,44.16,10.0,2876.93568,3143.9879196825395,65.148,10.125
2015-11-18,1810.48,64.753,44.17,9.97,2860.14001,3138.493227460317,64.753,10.1
2015-11-19,1811.2,64.618,44.3,9.68,2862.5774,3134.184173492064,64.618,10.1
2015-11-20,1826.72,64.75,44.34,9.73,2871.0150000000003,3131.4988242857144,64.75,10.065
2015-11-23,1868.07,65.836,45.07,9.87,2967.22852,3131.1458325396825,65.836,10.22
2015-11-24,1810.05,65.452,45.7,10.07,2991.1564000000003,3131.542155555556,65.452,10.187
2015-11-25,1833.53,65.525,45.52,10.08,2982.6980000000003,3130.7628639682544,65.525,10.216
2015-11-26,1828.3,65.837,45.65,10.0,3005.45905,3126.894414603175,65.837,10.251
2015-11-27,1795.7,66.48,45.12,10.02,2999.5776,3122.1795163492066,66.48,10.2161
2015-11-30,1771.05,66.49,45.39,10.0,3017.9811,3116.8055893650794,66.49,10.35
2015-12-01,1772.97,66.61,44.36,9.92,2954.8196,3112.141837460317,66.61,10.32
2015-12-02,1770.13,67.5,43.85,9.92,2959.875,3104.478646984127,67.5,10.4641
2015-12-03,1787.23,67.508,43.15,10.02,2912.9702,3096.3712406349205,67.508,10.534
2015-12-04,1755.22,68.135,44.25,9.98,3014.97375,3091.6903563492065,68.135,10.562
2015-12-07,1741.14,69.499,43.58,10.16,3028.7664199999995,3086.183418571429,69.499,10.747
2015-12-08,1718.77,69.4,42.43,10.14,2944.6420000000003,3080.2555415873016,69.4,10.69
2015-12-09,1733.09,69.368,42.27,10.04,2932.18536,3074.4145415873013,69.368,10.6701
2015-12-10,1732.89,69.15,40.97,10.04,2833.0755000000004,3067.4706511111112,69.15,10.6188
2015-12-11,1720.31,70.362,39.9,10.09,2807.4438,3062.219203492064,70.362,10.7511
2015-12-14,1708.7,70.555,38.55,10.2,2719.89525,3055.2718582539683,70.555,10.78
2015-12-15,1742.46,69.941,39.35,10.1,2752.17835,3047.388008253968,69.941,10.72
2015-12-16,1754.71,70.396,39.44,10.08,2776.41824,3041.061262222222,70.396,10.81
2015-12-17,1780.97,71.183,38.03,10.03,2707.0894900000003,3033.373302063492,71.183,10.83
2015-12-18,1719.16,70.948,38.8,10.03,2752.7824,3026.446037936508,70.948,10.835
2015-12-21,1716.91,71.233,37.8,10.02,2692.6074,3018.5375322222226,71.233,10.8787
2015-12-22,1723.35,71.233,37.9,10.06,2699.7307,3010.1732004761902,71.233,10.9114
2015-12-23,1747.85,69.8,37.92,10.03,2646.816,3001.7515666666663,69.8,10.7
2015-12-24,1742.71,70.24,38.3,9.95,2690.192,2994.2549666666664,70.24,10.765
2015-12-25,1734.21,70.689,39.42,9.87,2786.56038,2988.576174285715,70.689,10.9
2015-12-28,1731.2,72.225,38.15,9.84,2755.3837499999995,2981.7837909523805,72.225,11.015
2015-12-29,1763.38,72.205,38.17,9.82,2756.06485,2975.346621904762,72.205,11.0099
2015-12-30,1761.36,73.59,38.15,9.78,2807.4585,2969.629891746032,73.59,11.1921
2016-01-04,1734.56,73.16,38.65,9.8,2827.634,2965.140186349207,73.16,11.0461
2016-01-05,1754.13,73.316,36.96,9.74,2709.75936,2957.154693968254,73.316,11.0602
2016-01-06,1748.57,74.76,35.0,9.85,2616.6000000000004,2947.018789206349,74.76,11.13
2016-01-11,1682.54,76.211,33.07,10.35,2520.29777,2935.857862380952,76.211,11.608
2016-01-12,1690.3,77.065,31.4,10.46,2419.841,2923.194559206349,77.065,11.7409
2016-01-13,1684.78,76.677,30.61,10.52,2347.0829700000004,2908.621328253968,76.677,11.6561
2016-01-14,1680.77,76.051,30.75,10.6,2338.5682500000003,2894.626534603175,76.051,11.5361
2016-01-15,1608.36,77.603,29.58,10.72,2295.49674,2881.012026031746,77.603,11.7481
2016-01-18,1622.43,79.29,28.99,10.72,2298.6171,2868.624806984127,79.29,12.047
2016-01-19,1645.56,78.561,29.4,10.57,2309.6934,2857.967310952381,78.561,11.96
2016-01-20,1630.39,81.4,27.78,10.89,2261.2920000000004,2845.2803125396827,81.4,12.3661
2016-01-21,1677.19,82.63,28.32,10.93,2340.0816,2834.008347777777,82.63,12.593
2016-01-22,1717.98,78.024,31.36,10.59,2446.83264,2824.8606587301583,78.024,11.846
2016-01-25,1716.56,80.04,31.27,10.66,2502.8508,2816.33461984127,80.04,12.11
2016-01-26,1705.01,78.3,31.6,10.51,2474.28,2807.791368571429,78.3,11.8819
2016-01-27,1747.57,77.667,32.45,10.36,2520.29415,2800.367434444445,77.667,11.7859
2016-01-28,1771.93,76.397,34.1,10.18,2605.1377,2793.9236582539684,76.397,11.5629
2016-01-29,1784.92,75.43,34.42,10.26,2596.3006000000005,2786.913048730158,75.43,11.435
2016-02-01,1773.21,77.31,34.82,10.38,2691.9342,2779.964178888889,77.31,11.665
2016-02-02,1758.26,79.755,33.01,10.5,2632.71255,2771.58260031746,79.755,12.01
2016-02-03,1746.35,76.904,33.54,10.42,2579.36016,2762.444695873016,76.904,11.59
2016-02-04,1787.93,76.969,35.41,10.26,2725.47229,2756.0474607936508,76.969,11.615
2016-02-05,1780.59,77.47,34.66,10.3,2685.1102,2749.271665238095,77.47,11.83
2016-02-08,1744.27,78.544,33.44,10.39,2626.5113599999995,2742.367678888889,78.544,11.99
2016-02-09,1723.36,79.701,32.4,10.45,2582.3124,2734.6416696825395,79.701,12.171
2016-02-10,1730.83,78.606,31.16,10.33,2449.36296,2724.924161111111,78.606,11.992
2016-02-11,1711.58,79.592,30.46,10.45,2424.37232,2714.812051904762,79.592,12.207
2016-02-12,1726.04,78.34,31.94,10.37,2502.1796000000004,2706.1220884126988,78.34,12.0281
2016-02-15,1738.54,76.95,33.73,10.31,2595.5235,2699.417713015873,76.95,11.9
2016-02-16,1753.86,77.899,32.77,10.33,2552.75023,2693.617638888889,77.899,11.942
2016-02-17,1770.31,75.032,33.96,10.24,2548.08672,2688.778512222222,75.032,11.53
2016-02-18,1807.21,76.5,35.34,10.08,2703.51,2686.0257236507937,76.5,11.7259
2016-02-19,1793.37,76.986,32.96,10.07,2537.45856,2680.903795873016,76.986,11.788
2016-02-20,1790.15,77.05,33.1,10.0,2550.355,2675.947884761905,77.05,11.7
2016-02-22,1822.38,75.3,34.71,10.01,2613.663,2671.8629323809528,75.3,11.49
2016-02-24,1797.27,75.711,33.12,10.0,2507.54832,2664.5664212698416,75.711,11.6
2016-02-25,1803.89,75.385,33.94,9.81,2558.5669,2657.699921269841,75.385,11.555
2016-02-26,1816.73,76.2,36.21,9.71,2759.202,2654.1523657142857,76.2,11.547
2016-02-29,1840.17,75.2,35.94,9.73,2702.688,2649.346476031746,75.2,11.498
2016-03-01,1844.17,73.392,36.31,9.45,2664.86352,2644.033554126984,73.392,11.2309
2016-03-02,1832.84,73.07,36.32,9.44,2653.9024,2638.254527142857,73.07,11.2009
2016-03-03,1858.69,73.171,36.75,9.36,2689.03425,2634.035712063492,73.171,11.1841
2016-03-04,1878.29,71.97,37.63,9.3,2708.2311,2630.0413644444448,71.97,11.0771
2016-03-07,1909.57,71.471,39.81,9.26,2845.2605100000005,2628.9666074603174,71.471,10.9961
2016-03-09,1883.0,71.141,40.95,9.28,2913.2239500000005,2627.351531269841,71.141,10.9141
2016-03-10,1884.63,71.455,40.17,9.33,2870.34735,2624.8369428571427,71.455,10.996
2016-03-11,1876.54,69.883,40.35,9.38,2819.77905,2622.8549912698413,69.883,10.82
2016-03-14,1865.31,69.96,39.27,9.47,2747.3292,2619.9207665079366,69.96,10.772
2016-03-15,1855.06,71.04,38.6,9.56,2742.144,2618.4774093650794,71.04,10.94
2016-03-16,1871.2,69.123,40.07,9.46,2769.7586100000003,2617.879231746032,69.123,10.6749
2016-03-17,1890.79,68.1,41.11,9.14,2799.591,2619.144243650794,68.1,10.557
2016-03-18,1914.02,68.389,41.66,9.03,2849.0857399999995,2620.682456190476,68.389,10.5829
2016-03-21,1904.5,67.822,41.46,9.06,2811.90012,2621.245660634921,67.822,10.4555
2016-03-22,1903.47,67.5,41.69,9.07,2814.075,2622.943843333333,67.5,10.3659
2016-03-23,1879.89,68.737,40.74,9.21,2800.34538,2623.698811269841,68.737,10.5501
2016-03-24,1866.67,68.527,39.94,9.27,2736.96838,2624.402953809524,68.527,10.5
2016-03-25,1866.23,68.454,40.49,9.22,2771.70246,2625.5453626984126,68.454,10.4731
2016-03-28,1849.31,68.47,40.04,9.26,2741.5388,2627.0488992063497,68.47,10.51
2016-03-29,1845.2,68.05,39.06,9.29,2658.033,2626.538438888889,68.05,10.5089
2016-03-30,1868.1,68.24,39.47,9.17,2693.4328,2625.0602233333334,68.24,10.5201
2016-03-31,1871.15,67.025,40.56,9.13,2718.534000000001,2624.4753066666667,67.025,10.3929
2016-04-01,1856.77,67.595,38.8,9.19,2622.686,2622.358182063492,67.595,10.4033
2016-04-04,1866.64,68.7,38.12,9.2,2618.844,2619.364301111111,68.7,10.52
2016-04-05,1857.09,68.562,37.79,9.27,2590.95798,2615.607538888889,68.562,10.565
2016-04-06,1860.17,67.59,39.73,9.25,2685.3507,2615.22009984127,67.59,10.42
2016-04-07,1858.85,68.028,38.99,9.35,2652.4117200000005,2615.78853984127,68.028,10.5009
2016-04-08,1877.27,67.15,41.65,9.3,2796.7975,2620.177424444445,67.15,10.3649
2016-04-11,1906.9,66.773,42.7,9.26,2851.2071,2627.0245053968256,66.773,10.2901
2016-04-12,1899.26,65.715,44.67,9.24,2935.48905,2636.364284444445,65.715,10.0999
2016-04-13,1932.8,66.31,44.4,9.28,2944.164,2645.976915396825,66.31,10.2261
2016-04-14,1915.85,66.11,44.3,9.29,2928.673,2656.0273322222224,66.11,10.2039
2016-04-15,1907.78,66.447,42.78,9.27,2842.60266,2664.662023650794,66.447,10.2445
2016-04-18,1892.64,66.118,43.16,9.3,2853.65288,2673.296301111111,66.118,10.19
2016-04-19,1930.14,65.853,44.19,9.24,2910.0440699999995,2683.593953015873,65.853,10.1861
2016-04-20,1960.18,65.157,44.79,9.17,2918.38203,2692.773324920635,65.157,10.09
2016-04-21,1950.08,66.84,45.18,9.23,3019.8312,2701.8685401587304,66.84,10.3
2016-04-22,1967.26,66.455,45.58,9.26,3029.0189,2710.2204147619045,66.455,10.218
2016-04-25,1955.47,66.567,44.77,9.28,2980.20459,2718.2509638095235,66.567,10.2199
2016-04-26,1946.55,65.2,45.67,9.28,2977.684,2725.51112015873,65.2,10.03
2016-04-27,1934.77,65.12,46.0,9.26,2995.5200000000004,2731.707664603174,65.12,10.027
2016-04-28,1969.89,64.719,47.61,9.12,3081.27159,2739.405616825397,64.719,9.999
2016-04-29,1953.05,64.63,47.57,8.99,3074.4491,2745.4772819047616,64.63,9.979
2016-05-04,1925.58,66.529,44.84,9.12,2983.16036,2751.039945555556,66.529,10.2368
2016-05-05,1906.48,65.89,45.76,9.08,3015.1264,2757.9568699999995,65.89,10.102
2016-05-06,1901.56,65.945,45.99,9.08,3032.81055,2762.835255079365,65.945,10.127
2016-05-10,1885.34,66.31,45.24,9.09,2999.8644000000004,2767.831353492064,66.31,10.104
2016-05-11,1909.05,64.978,47.17,8.97,3065.01226,2774.7916852380954,64.978,9.9731
2016-05-12,1901.9,64.895,46.84,8.98,3039.6818,2782.051516984127,64.895,9.897
2016-05-13,1907.19,65.48,47.75,8.96,3126.67,2792.802422380952,65.48,9.992
2016-05-16,1915.33,64.9,49.21,8.97,3193.7290000000003,2805.014433174603,64.9,9.9325
2016-05-17,1909.0,64.72,49.42,8.99,3198.4624,2816.066541111111,64.72,9.915
2016-05-18,1917.24,65.999,49.72,9.04,3281.4702799999995,2826.954585238095,65.999,9.98
2016-05-19,1891.52,66.78,47.81,9.13,3192.7518,2837.11334031746,66.78,10.161
2016-05-20,1891.33,66.798,48.82,9.09,3261.07836,2848.430667936508,66.798,10.18
2016-05-23,1868.43,66.808,48.02,9.13,3208.1201600000004,2856.440353015873,66.808,10.181
2016-05-24,1884.12,66.184,48.64,9.11,3219.18976,2867.261483174603,66.184,10.099
2016-05-25,1898.75,65.508,49.18,9.08,3221.68344,2877.91749015873,65.508,9.97
2016-05-26,1914.31,65.801,49.89,9.11,3282.81189,2888.538901111111,65.801,10.005
2016-05-27,1927.58,66.144,49.33,9.12,3262.8835200000003,2900.5283487301585,66.144,10.0356
2016-05-30,1935.54,65.75,49.61,9.13,3261.8575,2911.6916915873016,65.75,9.9699
2016-05-31,1899.01,66.7,50.66,9.13,3379.022,2921.530104285714,66.7,10.146
2016-06-01,1893.18,67.14,49.72,9.23,3338.2008,2931.617609047619,67.14,10.163
2016-06-02,1890.78,66.96,49.9,9.21,3341.304,2942.3547595238097,66.96,10.188
2016-06-03,1886.84,65.62,49.65,9.15,3258.0330000000004,2951.944134126984,65.62,10.041
2016-06-06,1915.54,65.245,50.56,9.03,3298.7872,2961.6227523809525,65.245,9.966
2016-06-07,1951.26,64.6225,51.05,9.0,3298.978625,2970.999697222222,64.6225,9.827
2016-06-08,1951.55,63.61,52.26,8.94,3324.2586,2978.6028415079363,63.61,9.6961
2016-06-09,1934.92,64.3275,51.95,8.94,3341.813625,2985.405852222222,64.3275,9.775
2016-06-10,1903.61,65.28,50.91,8.89,3323.4048,2992.59724031746,65.28,9.89
2016-06-14,1885.92,66.14,49.73,8.96,3289.1422,3000.047449047619,66.14,9.988
2016-06-15,1889.75,65.5125,49.39,8.92,3235.6623750000003,3007.7987692857146,65.5125,9.901
2016-06-16,1869.78,65.78,47.31,8.99,3112.0518,3013.6703216666665,65.78,9.97
2016-06-17,1877.07,64.85,48.53,8.94,3147.1705,3019.660986587301,64.85,9.84
2016-06-20,1902.7,64.2975,50.3,8.82,3234.16425,3026.5589746825394,64.2975,9.756
2016-06-21,1904.02,63.755,49.95,8.83,3184.5622500000004,3031.8839986507937,63.755,9.669
2016-06-22,1896.7,64.89,49.79,8.8,3230.8731,3038.5343634126984,64.89,9.857
2016-06-23,1919.27,63.85,50.36,8.72,3215.486,3044.905966587301,63.85,9.698
2016-06-24,1884.41,65.2625,48.75,8.79,3181.546875,3050.956783968254,65.2625,9.839
2016-06-27,1841.73,65.4875,47.88,8.72,3135.5415,3057.283341428572,65.4875,9.795
2016-06-28,1857.23,64.1,48.53,8.64,3110.773,3062.665413492064,64.1,9.584
2016-06-29,1888.15,63.85,50.54,8.62,3226.979,3070.3708134920635,63.85,9.588
2016-06-30,1891.09,63.99,50.04,8.54,3202.0596,3079.0061563492063,63.99,9.625
2016-07-01,1896.62,63.8,49.8,8.5,3177.24,3086.6856357142856,63.8,9.5736
2016-07-04,1907.48,63.935,50.11,8.54,3203.78285,3094.387998412699,63.935,9.563
2016-07-05,1895.64,64.3175,48.0,8.64,3087.24,3101.761871428572,64.3175,9.635
2016-07-06,1879.42,64.2075,47.89,8.71,3074.897175,3109.0008107142858,64.2075,9.584
2016-07-07,1882.41,64.565,47.61,8.78,3073.93965,3116.667186428572,64.565,9.635
2016-07-08,1894.35,63.98,46.67,8.77,2985.9466,3121.4385499206346,63.98,9.549
2016-07-11,1913.12,64.2,46.69,8.69,2997.498,3126.9161099206344,64.2,9.569
2016-07-12,1938.36,63.89,48.06,8.6,3070.5534,3131.2614416666665,63.89,9.528
2016-07-13,1935.88,63.85,46.34,8.67,2958.809,3132.9694083333334,63.85,9.565
2016-07-14,1942.46,62.85,47.19,8.59,2965.8915,3133.4519869047617,62.85,9.403
2016-07-15,1940.85,63.51,47.66,8.63,3026.8866,3134.765044047619,63.51,9.454
2016-07-18,1936.07,62.8425,46.94,8.65,2949.82695,3135.100821031746,62.8425,9.355
2016-07-19,1915.89,63.5475,46.97,8.69,2984.826075,3137.358335555556,63.5475,9.485
2016-07-20,1915.09,63.74,47.01,8.7,2996.4174,3139.624439047619,63.74,9.538
2016-07-21,1927.7,64.37,46.64,8.75,3002.2168,3141.0874982539685,64.37,9.63
2016-07-22,1926.9,64.88,45.38,8.8,2944.2544,3141.4981707936504,64.88,9.7
2016-07-25,1931.78,65.415,44.81,8.76,2931.2461500000004,3140.092058888889,65.415,9.786
2016-07-26,1938.52,65.9475,45.13,8.81,2976.2106750000003,3139.253833095238,65.9475,9.874
2016-07-27,1938.65,65.9275,44.27,8.78,2918.610425,3138.276147936508,65.9275,9.875
2016-07-28,1954.45,66.615,43.38,8.7,2889.7587,3136.8805082539684,66.615,9.994
2016-07-29,1944.62,66.035,43.59,8.65,2878.46565,3135.022502698413,66.035,9.954
2016-08-01,1947.36,66.895,42.67,8.67,2854.40965,3131.4215195238094,66.895,10.068
2016-08-02,1912.69,66.6475,42.04,8.71,2801.8609,3127.0947226984126,66.6475,10.049
2016-08-03,1919.15,66.27,42.99,8.76,2848.9473,3124.9643566666664,66.27,9.977
2016-08-04,1944.94,65.7875,43.86,8.71,2885.4397499999995,3122.9058384126984,65.7875,9.965
2016-08-05,1944.31,65.5475,44.14,8.66,2893.26665,3120.690855873016,65.5475,9.832
2016-08-08,1956.99,64.615,45.7,8.61,2952.9055,3119.9454765079363,64.615,9.683
2016-08-09,1956.42,64.765,45.62,8.55,2954.5793,3118.192572380952,64.765,9.723
2016-08-10,1942.67,64.87,44.6,8.54,2893.202,3115.867496190476,64.87,9.765
2016-08-11,1952.18,64.325,45.97,8.54,2957.02025,3113.174643015873,64.325,9.66
2016-08-12,1967.18,64.75,46.96,8.63,3040.66,3110.7449763492064,64.75,9.7359
2016-08-15,1977.28,64.03,48.26,8.62,3090.0878,3109.0247446031744,64.03,9.626
2016-08-16,1975.8,63.775,49.04,8.62,3127.526,3106.5811846031747,63.775,9.603
2016-08-17,1969.19,63.825,49.54,8.67,3161.8905,3106.091322698413,63.825,9.665
2016-08-18,1970.07,63.65,51.0,8.61,3246.15,3105.8543646031744,63.65,9.616
2016-08-19,1959.72,63.9,50.78,8.58,3244.842,3106.437250952381,63.9,9.61
2016-08-22,1979.09,64.8125,49.75,8.61,3224.421875,3106.5203003968254,64.8125,9.722
2016-08-23,1989.51,64.6,50.19,8.57,3242.2739999999994,3106.84713468254,64.6,9.683
2016-08-24,1983.59,65.17,49.12,8.6,3201.1504,3105.5509205555554,65.17,9.749
2016-08-25,1985.56,64.6625,49.66,8.57,3211.13975,3104.7295908730152,64.6625,9.71
2016-08-26,1993.35,64.86,50.02,8.53,3244.2972,3104.4508559523806,64.86,9.685
2016-08-29,1986.72,64.75,49.6,8.54,3211.6,3101.793363888889,64.75,9.683
2016-08-30,1985.69,65.25,49.2,8.51,3210.3,3099.763192460317,65.25,9.75
2016-08-31,1971.59,65.315,47.61,8.43,3109.64715,3096.0860996031747,65.315,9.776
2016-09-01,1976.91,65.92,46.11,8.42,3039.5712,3092.6184519841268,65.92,9.8679
2016-09-02,2003.77,65.095,47.19,8.37,3071.83305,3089.0160051587304,65.095,9.71
2016-09-05,2017.38,65.08,47.78,8.31,3109.5224,3086.008763492064,65.08,9.714
2016-09-06,2039.53,64.5625,47.23,8.24,3049.286875,3081.644132936508,64.5625,9.669
2016-09-07,2053.75,64.135,48.22,8.19,3092.5897,3077.6881976190475,64.135,9.6115
2016-09-08,2050.77,63.9975,50.04,8.1,3202.4349,3075.7680404761904,63.9975,9.5466
2016-09-09,2028.25,64.82,49.14,8.25,3185.2548,3074.119034126984,64.82,9.6598
2016-09-12,2019.9,64.5875,48.9,8.23,3158.32875,3072.8915162698413,64.5875,9.6485
2016-09-13,2004.5,65.2975,47.65,8.23,3111.425875,3072.881580952381,65.2975,9.797
2016-09-14,2004.48,65.16,46.65,8.21,3039.714,3071.175922222222,65.16,9.77
2016-09-15,1996.58,64.775,47.04,8.2,3047.016,3068.205315079365,64.775,9.7502
2016-09-16,1981.96,65.12,46.55,8.35,3031.336,3065.7731523809525,65.12,9.7881
2016-09-19,1986.97,64.65,47.13,8.4,3046.9545000000003,3062.8538095238096,64.65,9.7136
2016-09-20,1991.78,64.7775,46.5,8.44,3012.15375,3059.626313492064,64.7775,9.6871
2016-09-21,1997.67,63.81,47.29,8.33,3017.5749,3057.023583730159,63.81,9.5776
2016-09-22,2025.3,63.7025,48.13,8.27,3066.001325,3055.919771428571,63.7025,9.55
2016-09-23,2011.83,64.06,48.08,8.35,3080.0048,3055.431387301587,64.06,9.5984
2016-09-26,1997.94,63.95,47.91,8.38,3063.8445,3052.841950793651,63.95,9.563
2016-09-27,1975.52,63.86,46.4,8.41,2963.104,3049.0490047619046,63.86,9.5833
2016-09-28,1980.68,63.04,46.8,8.37,2950.272,3045.446338095238,63.04,9.4278
2016-09-29,1996.12,63.08,50.06,8.33,3157.7848,3044.71621031746,63.08,9.467
2016-09-30,1978.0,62.805,50.0,8.34,3140.25,3045.557638888889,62.805,9.4195
2016-10-03,1986.8,62.29,50.5,8.24,3145.645,3046.680620238096,62.29,9.361
2016-10-04,1985.02,62.665,51.11,8.26,3202.80815,3048.726151984127,62.665,9.3825
2016-10-05,1975.85,62.4375,51.75,8.35,3231.140625,3052.6181206349206,62.4375,9.3323
2016-10-06,1983.88,62.13,52.39,8.4,3254.9907000000003,3056.7053063492062,62.13,9.2764
2016-10-07,1980.02,62.2125,52.55,8.44,3269.266875,3059.8594884920635,62.2125,9.267
2016-10-10,2001.1,62.005,53.71,8.48,3330.28855,3065.755989285714,62.005,9.2288
2016-10-11,2001.42,62.6625,52.91,8.54,3315.472875,3071.3049,62.6625,9.3239
2016-10-12,1993.35,63.02,52.51,8.53,3309.1802,3075.7857507936505,63.02,9.3694
2016-10-13,1976.37,63.03,52.67,8.6,3319.7901,3081.658181746032,63.03,9.3631
2016-10-14,1966.39,62.96,52.35,8.55,3295.956,3086.5967519841265,62.96,9.3452
2016-10-17,1956.95,63.11,52.13,8.7,3289.9243,3091.255591666667,63.11,9.3463
2016-10-18,1969.11,62.81,52.18,8.7,3277.4258,3095.623988492064,62.81,9.3221
2016-10-19,1967.5,62.285,53.64,8.58,3340.9674,3101.9210202380955,62.285,9.2462
2016-10-20,1957.09,62.4875,52.25,8.6,3264.971875,3107.218253968254,62.4875,9.2575
2016-10-21,1957.7,62.37,52.56,8.54,3278.1672,3112.01121468254,62.37,9.1943
2016-10-24,1962.79,62.1825,52.19,8.55,3245.304675,3117.1968376984123,62.1825,9.1625
2016-10-25,1977.19,62.24,51.84,8.55,3226.5216000000005,3122.5422805555554,62.24,9.18
2016-10-26,1974.81,62.91,51.26,8.61,3224.7666,3128.0391210317457,62.91,9.275
2016-10-27,1979.8,62.7025,51.69,8.65,3241.092225,3134.17693968254,62.7025,9.2478
2016-10-28,1981.76,63.02,51.09,8.7,3219.6918000000005,3140.809176190476,63.02,9.2913
2016-10-31,1989.64,63.375,49.21,8.73,3118.68375,3145.0907071428574,63.375,9.3452
2016-11-01,1996.87,63.32,48.81,8.7,3090.6492000000003,3148.348,63.32,9.347
2016-11-02,1968.77,63.515,47.45,8.76,3013.78675,3150.2610174603174,63.515,9.3872
2016-11-03,1962.71,63.58,47.46,8.71,3017.5068,3151.2864349206347,63.58,9.3955
2016-11-07,1952.69,63.6325,46.56,8.58,2962.7292,3151.415798412698,63.6325,9.3634
2016-11-08,1967.93,63.7625,47.1,8.57,3003.2137500000003,3153.1620166666667,63.7625,9.3833
2016-11-09,2011.58,63.89,46.78,8.61,2988.7742000000003,3153.666047619048,63.89,9.3456
2016-11-10,2044.03,65.4725,47.08,8.74,3082.4453,3154.3293063492065,65.4725,9.5982
2016-11-11,2031.92,65.72,45.9,8.89,3016.548,3153.162007936508,65.72,9.653
2016-11-14,2021.99,66.0325,45.12,8.89,2979.3864,3150.810585714286,66.0325,9.6357
2016-11-15,2017.06,64.195,47.01,8.82,3017.80695,3148.523545238096,64.195,9.3841
2016-11-16,2028.92,64.7175,48.35,8.87,3129.091125,3146.665467857143,64.7175,9.3738
2016-11-17,2042.76,64.8,47.93,8.79,3105.864,3144.459467857143,64.8,9.409
2016-11-18,2038.29,64.7025,47.21,8.78,3054.6050250000003,3141.7639623015875,64.7025,9.3623
2016-11-21,2058.77,63.91,49.6,8.74,3169.936,3140.6157400793654,63.91,9.2531
2016-11-22,2066.18,63.7825,50.13,8.72,3197.416725,3140.556475396825,63.7825,9.241
2016-11-23,2085.75,64.4625,50.32,8.82,3243.753,3141.0741460317463,64.4625,9.2899
2016-11-24,2102.97,64.485,50.09,8.82,3230.0536500000003,3140.848057936508,64.485,9.2804
2016-11-25,2098.15,64.95,48.85,8.84,3172.8075000000003,3140.232303968254,64.95,9.3569
2016-11-28,2094.65,64.84,49.26,8.83,3194.0184,3139.973865873016,64.84,9.37
2016-11-29,2086.84,65.1125,47.45,8.87,3089.588125,3139.655468650794,65.1125,9.414
2016-11-30,2104.91,64.14,50.85,8.85,3261.519,3143.1784496031746,64.14,9.279
2016-12-01,2121.87,63.98,53.65,8.78,3432.527,3148.903750396825,63.98,9.27
2016-12-02,2128.99,63.88,54.29,8.8,3468.0452,3154.594588492064,63.88,9.3002
2016-12-05,2158.33,63.82,54.93,8.75,3505.6326,3161.8381714285715,63.82,9.3
2016-12-06,2152.35,63.8725,53.78,8.71,3435.06305,3167.274256349206,63.8725,9.2875
2016-12-07,2160.51,63.2275,53.16,8.64,3361.1739,3169.793923015873,63.2275,9.166
2016-12-08,2207.02,63.28,53.86,8.55,3408.2608,3173.333700793651,63.28,9.1551
2016-12-09,2208.53,62.495,55.03,8.52,3439.09985,3177.790384920635,62.495,9.027
2016-12-12,2226.89,61.05,56.9,8.42,3473.745,3183.5414821428576,61.05,8.811
2016-12-13,2247.02,60.605,56.07,8.38,3398.12235,3189.2305035714285,60.605,8.7536
2016-12-14,2229.05,62.1,56.1,8.35,3483.81,3196.1637416666667,62.1,8.9609
2016-12-15,2237.23,61.7475,54.31,8.42,3353.506725,3201.277562698413,61.7475,8.914
2016-12-16,2231.41,62.0825,55.5,8.41,3445.57875,3207.6049317460315,62.0825,8.913
2016-12-19,2215.69,61.9475,55.69,8.42,3449.856275,3214.552590873016,61.9475,8.9399
2016-12-20,2226.36,61.46,56.38,8.43,3465.1148000000003,3221.656398809524,61.46,8.861
2016-12-21,2212.33,61.1675,55.72,8.42,3408.2531,3227.0889666666667,61.1675,8.8299
2016-12-22,2174.64,60.965,55.93,8.41,3409.7724500000004,3232.323373809524,60.965,8.788
2016-12-23,2173.18,61.04,55.59,8.38,3393.2136,3237.551454761905,61.04,8.795
2016-12-26,2177.86,60.99,55.85,8.37,3406.2915000000003,3244.586176984127,60.99,8.778
2016-12-27,2189.43,60.67,56.54,8.36,3430.2818,3252.2053801587303,60.67,8.722
2016-12-28,2182.98,60.335,57.1,8.31,3445.1285000000003,3256.7663912698413,60.335,8.657
2016-12-29,2206.33,60.4,57.14,8.23,3451.256,3261.7029944444444,60.4,8.698
2016-12-30,2232.72,61.2725,56.62,8.3,3469.24895,3266.839565079365,61.2725,8.6501
2017-01-03,2285.43,60.9025,57.73,8.22,3515.901325,3271.809298015873,60.9025,8.7734
2017-01-04,2263.9,60.46,55.59,8.19,3360.9714000000004,3273.870103968254,60.46,8.777
2017-01-05,2220.35,59.45,57.06,8.16,3392.217,3276.0482992063494,59.45,8.62
2017-01-06,2213.93,59.62,56.61,8.15,3375.0882,3277.7280027777783,59.62,8.62
2017-01-09,2211.25,60.09,55.65,8.11,3344.0085,3277.945779761905,60.09,8.719
2017-01-10,2237.49,60.1675,55.06,8.0,3312.82255,3277.903711111111,60.1675,8.7077
2017-01-11,2218.61,59.7475,55.22,8.05,3299.25695,3277.746199206349,59.7475,8.697
2017-01-12,2212.0,59.3325,56.68,7.9,3362.9661,3278.4315325396824,59.3325,8.6409
2017-01-13,2195.19,59.66,56.14,7.89,3349.3124,3279.278459523809,59.66,8.7071
2017-01-16,2189.07,59.87,55.8,7.96,3340.746,3280.0851531746034,59.87,8.72
2017-01-17,2178.73,59.41,56.24,7.91,3341.2184,3281.097734126984,59.41,8.7235
2017-01-18,2170.09,59.56,54.92,7.92,3271.0352000000003,3279.987699206349,59.56,8.684
2017-01-19,2162.25,59.72,55.12,7.94,3291.7664,3280.413009126984,59.72,8.743
2017-01-20,2159.96,59.755,56.21,7.9,3358.82855,3281.6933480158727,59.755,8.751
2017-01-23,2146.09,59.5175,55.25,7.91,3288.341875,3282.376478174604,59.5175,8.734
2017-01-24,2174.59,59.24,55.98,7.96,3316.2552,3283.8008210317457,59.24,8.7074
2017-01-25,2176.0,59.5175,55.95,8.05,3330.004125,3285.471257936508,59.5175,8.705
2017-01-26,2229.2,60.4375,56.62,8.1,3421.97125,3288.3423535714287,60.4375,8.8048
2017-01-27,2266.05,59.83,55.74,7.96,3334.9242,3290.1714392857143,59.83,8.714
2017-01-30,2234.14,59.93,55.21,8.01,3308.7353,3293.188130555556,59.93,8.742
2017-01-31,2217.39,60.16,56.35,8.01,3390.016,3297.939984523809,60.16,8.814
2017-02-01,2231.68,60.1325,56.11,7.98,3374.034575,3303.6582039682544,60.1325,8.8
2017-02-02,2217.56,59.425,56.57,7.98,3361.67225,3309.1211476190474,59.425,8.658
2017-02-03,2226.61,58.9625,57.16,8.01,3370.2965,3315.5904698412696,58.9625,8.679
2017-02-06,2210.51,58.9025,56.07,7.96,3302.663175,3320.3436353174607,58.9025,8.65
2017-02-07,2218.77,59.32,55.06,8.07,3266.1592,3324.746571825397,59.32,8.679
2017-02-08,2189.61,59.23,55.11,8.07,3264.1653,3327.631016269841,59.23,8.6491
2017-02-09,2173.98,58.95,55.94,8.01,3297.663,3332.093159126984,58.95,8.5939
2017-02-10,2162.19,58.24,57.05,8.02,3322.592,3337.540867063492,58.24,8.4968
2017-02-13,2161.49,57.98,56.09,7.98,3252.0982,3341.259775793651,57.98,8.45
2017-02-14,2141.5,57.1075,56.51,7.98,3227.144825,3342.816183730158,57.1075,8.3345
2017-02-15,2137.08,57.265,56.06,8.12,3210.2759,3344.47351547619,57.265,8.3815
2017-02-16,2148.48,57.6,55.74,8.21,3210.6240000000003,3346.950007142857,57.6,8.41
2017-02-17,2128.21,58.4175,55.75,8.24,3256.775625,3348.328413888889,58.4175,8.535
2017-02-20,2119.09,57.95,56.43,8.23,3270.1185,3349.48241031746,57.95,8.46
2017-02-21,2127.72,57.4025,56.78,8.27,3259.31395,3349.7294095238094,57.4025,8.378
2017-02-22,2106.3,58.0725,56.02,8.27,3253.22145,3350.097152380952,58.0725,8.4492
2017-02-24,2093.09,58.445,56.48,8.31,3300.9736,3352.1315349206347,58.445,8.5263
2017-02-27,2056.46,58.0525,56.66,8.22,3289.25465,3353.643221428571,58.0525,8.4603
2017-02-28,2035.77,58.2875,55.88,8.32,3257.1055,3356.3022273809524,58.2875,8.528
2017-03-01,2059.87,58.3075,56.72,8.32,3307.2014,3357.02734484127,58.3075,8.4773
2017-03-02,2049.0,58.805,55.42,8.33,3258.9731,3354.2725210317462,58.805,8.545
2017-03-03,2056.89,58.23,55.5,8.26,3231.765,3350.5220416666666,58.23,8.4513
2017-03-06,2047.42,58.19,56.07,8.31,3262.7133,3346.666179761905,58.19,8.435
2017-03-07,2024.84,58.18,56.04,8.26,3260.4072,3343.8938646825395,58.18,8.4294
2017-03-09,1974.24,59.3175,52.16,8.2,3094.0008,3339.653021825397,59.3175,8.5924
2017-03-10,1973.96,58.9975,51.72,8.13,3051.3507,3333.9877821428568,58.9975,8.5726
2017-03-13,2000.14,58.7725,51.54,8.13,3029.13465,3327.480398015873,58.7725,8.5344
2017-03-14,2001.25,59.16,51.02,8.16,3018.3432,3320.251798015873,59.16,8.5984
2017-03-15,1992.59,58.39,51.77,8.07,3022.8503,3314.295098809524,58.39,8.53
2017-03-16,2014.37,57.79,51.98,7.98,3003.9242,3306.677863888889,57.79,8.4137
2017-03-17,2036.96,57.22,51.85,7.95,2966.857,3300.5405666666666,57.22,8.3237
2017-03-20,2042.72,57.3025,51.65,7.94,2959.674125,3292.8277948412697,57.3025,8.3227
2017-03-21,2048.07,57.7,51.32,7.97,2961.164,3285.070774603175,57.7,8.3816
2017-03-22,2061.53,57.7875,50.78,8.02,2934.44925,3276.647511904762,57.7875,8.4475
2017-03-23,2051.04,57.465,50.76,8.0,2916.9234,3268.848627777778,57.465,8.35
2017-03-24,2039.77,56.88,50.78,8.0,2888.3664000000003,3260.5723412698417,56.88,8.278
2017-03-27,2013.16,56.9025,50.9,7.97,2896.33725,3252.6854150793647,56.9025,8.3193
2017-03-28,2032.54,57.0075,51.78,7.96,2951.84835,3245.472031746032,57.0075,8.3028
2017-03-29,2023.71,56.61,52.32,7.94,2961.8352,3238.036371428572,56.61,8.2511
2017-03-30,2021.88,56.08,53.19,7.88,2982.8952,3230.699334920635,56.08,8.1672
2017-03-31,1995.9,56.28,53.1,7.94,2988.4680000000003,3223.3534936507936,56.28,8.1823
2017-04-03,2008.61,56.115,53.18,7.94,2984.1957,3215.654235714286,56.115,8.2086
2017-04-04,2025.69,56.09,53.95,7.95,3026.0555000000004,3207.87890515873,56.09,8.16
2017-04-05,2056.32,56.38,54.37,7.88,3065.3806,3203.1869876984124,56.38,8.1582
2017-04-06,2054.69,56.3975,54.7,7.86,3084.9432500000003,3198.3096265873014,56.3975,8.1567
2017-04-07,2020.23,57.25,55.45,7.95,3174.5125000000003,3195.12588531746,57.25,8.29
2017-04-10,1971.23,57.1675,56.13,8.0,3208.811775,3192.9799055555554,57.1675,8.2994
2017-04-11,1977.95,56.8975,56.01,8.05,3186.828975,3190.9800075396824,56.8975,8.25
2017-04-12,1947.88,56.595,56.45,8.1,3194.78775,3189.321766269841,56.595,8.225
2017-04-13,1944.7,56.2825,56.15,8.04,3160.262375,3186.104246825397,56.2825,8.1833
2017-04-14,1916.29,56.3625,57.05,8.03,3215.480625,3183.979932936508,56.3625,8.185
2017-04-17,1942.72,55.9425,56.7,8.02,3171.9397500000005,3181.3004686507934,55.9425,8.1433
2017-04-18,1920.29,56.25,56.18,8.04,3160.125,3178.4259702380955,56.25,8.1788
2017-04-19,1916.5,56.5675,56.5,7.99,3196.0637500000003,3177.235947222222,56.5675,8.2264
2017-04-20,1932.17,56.1975,54.7,7.88,3074.00325,3173.7793892857144,56.1975,8.1721
2017-04-21,1944.72,56.455,52.9,7.76,2986.4695,3167.868928174604,56.455,8.2154
2017-04-24,1979.57,55.8475,53.6,7.78,2993.426,3163.187723809524,55.8475,8.12
2017-04-25,1998.41,56.1675,53.3,7.77,2993.72775,3158.0682404761906,56.1675,8.1648
2017-04-26,2026.92,57.16,53.35,7.8,3049.486,3153.6155718253967,57.16,8.2807
2017-04-27,2011.67,56.9725,53.0,7.83,3019.5425,3147.2278138888887,56.9725,8.27
2017-04-28,2016.71,56.9225,54.62,7.69,3109.10695,3143.643413095238,56.9225,8.243
2017-05-02,2026.85,57.0,53.75,7.66,3063.75,3139.7547575396825,57.0,8.292
2017-05-03,1993.66,57.3825,53.0,7.7,3041.2725,3134.2191464285715,57.3825,8.31
2017-05-04,1998.87,58.3975,51.73,7.79,3020.902675,3128.6138781746035,58.3975,8.4735
2017-05-05,2002.41,57.9325,51.5,7.85,2983.52375,3122.611521031746,57.9325,8.4264
2017-05-10,2028.21,57.435,50.87,7.71,2921.71845,3115.491234523809,57.435,8.3177
2017-05-11,2002.54,57.05,52.22,7.71,2979.151,3110.3561206349204,57.05,8.26
2017-05-12,1994.58,57.085,52.3,7.72,2985.5455,3105.901934920635,57.085,8.28
2017-05-15,2003.12,56.345,53.09,7.66,2991.3560500000003,3101.5716293650794,56.345,8.1764
2017-05-16,1992.94,56.58,53.09,7.7,3003.8322000000003,3096.907648412698,56.58,8.22
2017-05-17,1994.35,57.085,53.8,7.76,3071.173,3092.9168706349205,57.085,8.2682
2017-05-18,1967.66,57.58,53.38,7.77,3073.6204,3090.08388968254,57.58,8.37
2017-05-19,1962.4,56.9,54.5,7.69,3101.05,3088.0823845238097,56.9,8.251
2017-05-22,1950.51,56.64,54.66,7.68,3095.9424,3086.267567063492,56.64,8.2325
2017-05-23,1960.16,56.36,56.0,7.68,3156.16,3085.4030591269843,56.36,8.1812
2017-05-24,1951.98,56.405,56.77,7.76,3202.11185,3084.53538015873,56.405,8.2135
2017-05-25,1947.26,56.96,55.7,7.77,3172.672,3082.988610317461,56.96,8.307
2017-05-26,1934.25,56.5,53.2,7.81,3005.8,3078.96457936508,56.5,8.3
2017-05-29,1940.77,56.45,54.55,7.77,3079.3475,3076.204675396825,56.45,8.2701
2017-05-30,1932.91,56.54,54.09,7.82,3058.2486000000004,3072.351897619048,56.54,8.297
2017-05-31,1900.38,56.56,52.38,7.83,2962.6128000000003,3067.1671063492063,56.56,8.4
2017-06-01,1869.66,56.385,53.0,7.71,2988.405,3062.902019047619,56.385,8.3536
2017-06-02,1881.87,56.6575,52.0,7.73,2946.19,3057.1716793650794,56.6575,8.358
2017-06-05,1877.69,56.6,51.65,7.76,2923.39,3051.844963492064,56.6,8.3573
2017-06-06,1870.04,56.52,50.93,7.74,2878.5636,3046.238592063492,56.52,8.35
2017-06-07,1868.42,57.0825,51.0,7.72,2911.2075,3040.659134920634,57.0825,8.4064
2017-06-08,1874.21,56.9175,50.75,7.72,2888.563125,3034.7568480158734,56.9175,8.3902
2017-06-09,1883.34,57.03,49.98,7.7,2850.3594,3030.889524206349,57.03,8.3926
2017-06-13,1861.27,56.98,50.0,7.7,2849.0,3027.6776083333334,56.98,8.38
2017-06-14,1838.32,57.435,50.0,7.7,2871.75,3025.179439285714,57.435,8.4628
2017-06-15,1817.82,57.89,49.6,7.81,2871.344,3022.846118650794,57.89,8.5
2017-06-16,1822.91,57.77,48.88,7.91,2823.7976000000003,3019.686551984127,57.77,8.4743
2017-06-19,1849.78,58.4425,48.88,7.95,2856.6694,3017.349174206349,58.4425,8.5562
2017-06-20,1857.96,59.6325,49.19,7.96,2933.322675,3016.8168833333334,59.6325,8.7219
2017-06-21,1850.81,60.3225,48.29,7.92,2912.973525,3016.075603968254,60.3225,8.8405
2017-06-22,1860.05,59.9375,48.6,7.92,2912.9625,3015.3105007936506,59.9375,8.7769
2017-06-23,1867.46,59.385,48.06,7.87,2854.0431,3014.0342126984124,59.385,8.6917
2017-06-26,1860.39,58.77,48.04,7.85,2823.3108,3012.5482984126984,58.77,8.5825
2017-06-27,1878.94,59.49,49.32,7.84,2934.0468,3013.273384126984,59.49,8.6655
2017-06-28,1891.98,59.2,50.05,7.85,2962.96,3014.330888095238,59.2,8.7056
2017-06-29,1881.04,59.425,50.6,7.89,3006.905,3015.204803174603,59.425,8.7377
2017-06-30,1879.5,58.93,50.2,7.85,2958.286,3015.1484666666665,58.93,8.6912
2017-07-03,1902.59,59.265,50.8,7.85,3010.662,3015.5892095238096,59.265,8.7347
2017-07-04,1917.4,59.4125,52.0,7.85,3089.4500000000003,3017.192098412698,59.4125,8.7175
2017-07-05,1921.38,59.9825,51.5,7.92,3089.09875,3018.857226190476,59.9825,8.8433
2017-07-06,1923.22,60.16,50.89,7.98,3061.5424,3019.4205103174604,60.16,8.847
2017-07-07,1912.48,60.355,48.97,8.03,2955.58435,3017.6777126984125,60.355,8.8675
2017-07-10,1925.74,60.23,48.97,7.99,2949.4631,3015.527234126984,60.23,8.8518
2017-07-11,1937.64,60.76,48.54,8.05,2949.2904,3011.95228015873,60.76,8.9408
2017-07-12,1954.39,60.005,50.0,7.99,3000.25,3008.6417757936506,60.005,8.8394
2017-07-13,1959.91,59.8225,50.4,7.96,3015.054,3005.915188888889,59.8225,8.8283
2017-07-14,1960.69,59.09,52.42,7.89,3097.4978,3004.370903968254,59.09,8.7396
2017-07-17,1959.11,59.3275,51.28,7.89,3042.3142000000003,3002.4987107142856,59.3275,8.7787
2017-07-18,1947.71,59.18,51.28,7.89,3034.7504,2999.629976984126,59.18,8.7716
2017-07-19,1951.89,59.0,51.89,7.9,3061.51,2997.877123809524,59.0,8.7317
2017-07-20,1946.51,58.935,52.02,7.89,3065.7987000000003,2996.3798809523814,58.935,8.7152
2017-07-21,1925.13,59.36,51.39,7.91,3050.5104,2994.0695103174608,59.36,8.7764
2017-07-24,1931.75,60.005,50.7,8.02,3042.2535000000003,2993.565546031746,60.005,8.9039
2017-07-25,1923.73,59.87,51.63,8.01,3091.0881,2995.2261587301587,59.87,8.8697
2017-07-26,1933.1,59.3975,53.29,7.97,3165.292775,2997.954202777777,59.3975,8.82
2017-07-27,1945.12,59.4975,53.0,7.9,3153.3675000000003,3000.488167063492,59.4975,8.8303
2017-07-28,1916.75,59.565,53.52,7.93,3187.9188,3002.685513095238,59.565,8.8362
2017-07-31,1919.53,59.78,54.3,7.95,3246.054,3006.2809337301587,59.78,8.8901
2017-08-01,1940.14,60.35,53.46,7.97,3226.311,3008.1413154761904,60.35,8.9568
2017-08-02,1965.48,60.59,53.97,7.97,3270.0423,3011.4157964285714,60.59,8.996
2017-08-03,1965.29,60.36,54.08,7.93,3264.2688,3014.955420238095,60.36,8.96
2017-08-04,1953.49,59.97,53.1,7.86,3184.407,3017.550726984127,59.97,8.9106
2017-08-07,1970.37,60.0325,53.9,7.86,3235.75175,3021.554346031746,60.0325,8.9206
2017-08-08,1989.61,59.8175,53.99,7.87,3229.5468250000004,3026.4405107142857,59.8175,8.9202
2017-08-09,1975.91,59.9825,53.36,7.89,3200.6662,3029.956625,59.9825,8.9578
2017-08-10,1960.23,60.11,53.58,7.87,3220.6938,3033.6891376984127,60.11,9.014
2017-08-11,1944.83,59.8625,53.19,7.86,3184.086375,3036.7483492063493,59.8625,8.965
2017-08-14,1951.75,59.87,53.36,7.82,3194.6632,3039.7774126984127,59.87,8.941
2017-08-15,1950.28,59.7125,51.55,7.85,3078.179375,3039.888625,59.7125,8.9212
2017-08-16,1942.88,59.3775,52.2,7.81,3099.5055,3040.2994996031744,59.3775,8.8755
2017-08-17,1941.52,59.225,52.36,7.78,3101.021,3040.299039285714,59.225,8.8651
2017-08-18,1930.71,59.0,51.1,7.79,3014.9,3039.012651984127,59.0,8.8392
2017-08-21,1937.66,59.145,52.61,7.77,3111.61845,3038.305643253968,59.145,8.8726
2017-08-22,1947.4,59.07,52.89,7.77,3124.2123,3037.069142460318,59.07,8.8534
2017-08-23,1958.52,59.065,52.49,7.75,3100.32185,3035.9207273809525,59.065,8.8637
2017-08-24,1973.5,59.1575,52.44,7.76,3102.2193,3037.451192460317,59.1575,8.8781
2017-08-25,1979.14,58.575,53.35,7.76,3124.97625,3038.175458333333,58.575,8.8203
2017-08-28,1987.15,58.435,51.86,7.76,3030.4391,3037.734037698413,58.435,8.8377
2017-08-29,1989.12,58.835,51.05,7.8,3003.52675,3038.3834654761904,58.835,8.899
2017-08-30,2008.88,58.56,52.0,7.75,3045.12,3039.2837035714283,58.56,8.8791
2017-08-31,2022.22,58.02,51.8,7.7,3005.436,3040.224116269841,58.02,8.7973
2017-09-01,2010.98,57.52,53.1,7.68,3054.3120000000004,3042.3022432539683,57.52,8.7719
2017-09-04,2003.32,57.8475,52.75,7.65,3051.455625,3045.046561111112,57.8475,8.8594
2017-09-05,2004.02,57.52,53.47,7.58,3075.5944,3047.6558769841267,57.52,8.7925
2017-09-06,2014.6,57.35,54.49,7.52,3125.0015000000003,3051.408867063492,57.35,8.7765
2017-09-07,2010.17,56.9,54.2,7.52,3083.98,3055.117130555556,56.9,8.785
2017-09-08,2032.75,57.3675,54.2,7.52,3109.3185000000003,3059.249170238096,57.3675,8.825
2017-09-11,2044.13,57.22,53.2,7.52,3044.1040000000003,3061.9849480158728,57.22,8.7516
2017-09-12,2058.8,57.71,53.8,7.54,3104.798,3065.690567063492,57.71,8.8228
2017-09-13,2054.19,57.96,53.88,7.53,3122.8848000000003,3070.437982936508,57.96,8.847
2017-09-14,2052.25,57.5,54.45,7.53,3130.875,3074.7904527777782,57.5,8.784
2017-09-15,2053.81,57.69,54.45,7.52,3141.2205,3078.0904182539684,57.69,8.7888
2017-09-18,2059.08,58.11,55.63,7.54,3232.6593000000003,3083.1647956349207,58.11,8.838
2017-09-19,2048.99,58.1275,55.18,7.53,3207.47545,3087.83960436508,58.1275,8.8332
2017-09-20,2057.53,58.1225,55.28,7.5,3213.0118,3093.537520238095,58.1225,8.8279
2017-09-21,2060.24,57.9,55.66,7.55,3222.714,3099.877253571429,57.9,8.8132
2017-09-22,2051.63,57.5,55.55,7.53,3194.125,3104.0054789682545,57.5,8.7499
2017-09-25,2069.11,57.555,56.72,7.54,3264.5196,3108.7921392857143,57.555,8.7101
2017-09-26,2071.13,57.82,56.83,7.59,3285.9106,3113.2207996031743,57.82,8.7239
2017-09-27,2081.12,58.195,57.8,7.65,3363.671,3119.6554821428567,58.195,8.7646
2017-09-28,2071.64,57.91,57.47,7.62,3328.0877,3124.69398531746,57.91,8.7138
2017-09-29,2077.19,57.48,56.48,7.57,3246.4704,3127.186372619048,57.48,8.6651
2017-10-02,2075.72,57.9125,55.3,7.6,3202.56125,3128.98736468254,57.9125,8.6851
2017-10-03,2076.81,57.9,55.69,7.59,3224.451,3131.5732154761904,57.9,8.6909
2017-10-04,2077.09,57.6875,55.08,7.55,3177.4275,3135.09453531746,57.6875,8.6733
2017-10-05,2088.32,57.6975,55.83,7.51,3221.251425,3139.408635714286,57.6975,8.6811
2017-10-06,2093.86,58.19,55.18,7.51,3210.9242,3143.5615531746034,58.19,8.746
2017-10-09,2096.29,58.33,55.24,7.53,3222.1492,3147.083762698413,58.33,8.8227
2017-10-10,2086.91,57.9875,56.23,7.48,3260.637125,3150.9819075396827,57.9875,8.823
2017-10-11,2101.07,57.8375,55.8,7.43,3227.3325,3153.0427757936504,57.8375,8.7973
2017-10-12,2094.96,57.6975,55.39,7.37,3195.864525,3155.480082539683,57.6975,8.777
2017-10-13,2098.77,57.16,55.85,7.36,3192.386,3157.982234920635,57.16,8.7059
2017-10-16,2106.39,57.3175,56.2,7.4,3221.2435000000005,3160.517687301588,57.3175,8.7165
2017-10-17,2092.57,57.2925,56.62,7.43,3243.90135,3163.3447134920634,57.2925,8.668
2017-10-18,2094.4,57.425,57.65,7.39,3310.55125,3167.472346031746,57.425,8.6734
2017-10-19,2072.73,57.2725,57.56,7.38,3296.6051,3171.509673015873,57.2725,8.6671
2017-10-20,2071.83,57.4825,56.95,7.41,3273.628375,3174.4071376984125,57.4825,8.69
2017-10-23,2063.81,57.55,57.03,7.4,3282.0765,3176.260847619048,57.55,8.6668
2017-10-24,2061.79,57.62,56.52,7.42,3256.6824,3177.900766666666,57.62,8.6782
2017-10-25,2049.48,57.745,56.92,7.45,3286.8454,3179.4710301587297,57.745,8.6967
2017-10-26,2046.69,57.855,57.77,7.46,3342.28335,3180.9984801587307,57.855,8.695
2017-10-27,2068.76,58.06,58.64,7.5,3404.6384000000003,3183.829073809524,58.06,8.7341
2017-10-30,2065.25,57.9725,60.04,7.48,3480.6689,3187.172353174603,57.9725,8.7385
2017-10-31,2064.31,58.32,59.36,7.49,3461.8752,3190.308962698413,58.32,8.8204
2017-11-01,2082.73,58.29,59.98,7.49,3496.2342,3195.258600793651,58.29,8.8232
2017-11-02,2073.04,58.1625,60.05,7.47,3492.658125,3199.3364797619047,58.1625,8.8068
2017-11-03,2081.15,59.08,59.8,7.5,3532.984,3204.152942857143,59.08,8.9036
2017-11-07,2155.55,59.365,62.2,7.5,3692.503,3211.959876190476,59.365,8.9332
2017-11-08,2163.01,59.2275,62.4,7.55,3695.796,3219.5011809523808,59.2275,8.9299
2017-11-09,2183.61,59.29,62.87,7.54,3727.5623,3228.127782936508,59.29,8.9252
2017-11-10,2169.26,59.22,63.11,7.55,3737.3742,3236.7422432539684,59.22,8.8828
2017-11-13,2167.63,59.35,62.62,7.58,3716.497,3246.874269047619,59.35,8.9334
2017-11-14,2166.83,60.2375,61.99,7.61,3734.122625,3256.947556746032,60.2375,9.07
2017-11-15,2131.75,60.215,61.0,7.58,3673.115,3266.0284138888887,60.215,9.0736
2017-11-16,2132.65,59.6775,60.6,7.57,3616.4565,3275.5769297619045,59.6775,8.9899
2017-11-17,2131.91,59.08,60.83,7.53,3593.8364,3283.231182936508,59.08,8.9272
2017-11-20,2130.39,59.345,60.9,7.53,3614.1105,3291.007344841269,59.345,8.9268
2017-11-21,2155.82,59.1775,61.61,7.52,3645.925775,3299.6677246031745,59.1775,8.9346
2017-11-22,2160.16,58.485,61.91,7.48,3620.80635,3307.899265079365,58.485,8.8917
2017-11-23,2148.56,58.45,63.19,7.45,3693.4555,3316.922745238095,58.45,8.8866
2017-11-24,2161.17,58.37,62.86,7.46,3669.1382,3327.0608261904763,58.37,8.8444
2017-11-27,2145.87,58.4975,62.3,7.43,3644.39425,3337.233326190476,58.4975,8.8649
2017-11-28,2149.45,58.36,62.34,7.42,3638.1624,3346.646697619048,58.36,8.842
2017-11-29,2124.08,58.62,61.71,7.43,3617.4402,3356.36105,58.62,8.8693
2017-11-30,2100.62,58.45,62.5,7.43,3653.125,3365.866018253968,58.45,8.8373
2017-12-01,2105.99,58.88,61.64,7.39,3629.3632,3375.039154365079,58.88,8.9383
2017-12-04,2119.42,58.8075,61.5,7.4,3616.66125,3383.627517063492,58.8075,8.8848
2017-12-05,2113.69,58.75,61.05,7.38,3586.6875,3390.9558662698414,58.75,8.8782
2017-12-06,2124.12,59.23,61.54,7.38,3645.0142,3399.861171031746,59.23,8.9472
2017-12-07,2103.15,59.1775,60.93,7.36,3605.685075,3407.7400055555554,59.1775,8.9372
2017-12-08,2104.99,59.13,62.1,7.35,3671.973,3417.70618015873,59.13,8.9518
2017-12-11,2148.6,59.005,61.77,7.36,3644.73885,3426.2766698412697,59.005,8.905
2017-12-12,2160.75,59.285,62.61,7.34,3711.83385,3435.625067460317,59.285,8.9341
2017-12-13,2131.94,58.6125,61.2,7.35,3587.085,3442.866496031746,58.6125,8.86
2017-12-14,2152.41,58.76,61.2,7.34,3596.112,3450.086996031746,58.76,8.8916
2017-12-15,2143.99,58.8,61.35,7.27,3607.38,3456.0349436507936,58.8,8.9035
2017-12-18,2134.58,58.6625,61.53,7.23,3609.503625,3462.4163432539685,58.6625,8.8741
2017-12-19,2118.16,58.7625,62.24,7.22,3657.378,3469.469775,58.7625,8.8999
2017-12-20,2102.97,58.71,62.7,7.17,3681.117,3476.7460130952377,58.71,8.9412
2017-12-21,2093.38,58.4625,62.4,7.16,3648.06,3483.951330555555,58.4625,8.906
2017-12-22,2102.94,58.375,62.86,7.15,3669.4525,3490.3788369047616,58.375,8.9019
2017-12-25,2105.06,57.9625,62.45,7.17,3619.758125,3495.6780039682544,57.9625,8.925
2017-12-26,2097.03,57.62,62.96,7.16,3627.7552,3499.869816666667,57.62,8.819
2017-12-27,2106.17,57.745,64.6,7.17,3730.3269999999993,3506.254567460318,57.745,8.807
2017-12-28,2102.89,57.5025,62.25,7.14,3579.530625,3511.5412376984123,57.5025,8.816
2017-12-29,2109.74,57.63,65.83,7.18,3793.7829,3520.9257083333328,57.63,8.886
2018-01-03,2152.97,57.22,66.6,7.15,3810.852,3530.2336607142856,57.22,9.0995
2018-01-04,2197.6,56.84,65.6,7.09,3728.704,3538.9840813492065,56.84,9.0599
2018-01-05,2207.41,56.9825,65.5,7.11,3732.35375,3547.0968166666667,56.9825,9.0199
2018-01-09,2225.39,56.995,66.0,7.03,3761.67,3555.838813492064,56.995,8.73
2018-01-10,2232.27,57.0325,67.0,7.04,3821.1775,3565.3471992063496,57.0325,8.758
2018-01-11,2246.45,56.4275,63.61,7.07,3589.353275,3570.564915873016,56.4275,8.706
2018-01-12,2262.38,56.65,67.52,7.0,3825.008,3580.0518285714284,56.65,8.74
2018-01-15,2261.53,56.32,68.45,6.99,3855.104,3590.515947222222,56.32,8.774
2018-01-16,2257.89,56.53,67.8,7.03,3832.734,3600.680201190476,56.53,8.787
2018-01-17,2277.89,56.7525,68.0,7.03,3859.17,3610.806018650793,56.7525,8.845
2018-01-18,2297.47,56.525,67.47,7.02,3813.74175,3619.851104365079,56.525,8.781
2018-01-19,2286.33,56.72,65.68,7.02,3725.3696,3626.435522619048,56.72,8.845
2018-01-22,2308.61,56.495,66.21,7.02,3740.53395,3633.482012301588,56.495,8.8317
2018-01-23,2298.95,56.35,66.08,7.02,3723.608,3640.6245460317455,56.35,8.8221
2018-01-24,2306.99,56.1725,66.81,7.0,3752.884725,3648.097692460317,56.1725,8.8527
2018-01-25,2320.03,55.9275,67.18,7.02,3757.20945,3656.042566269841,55.9275,8.84
2018-01-26,2295.26,56.275,67.65,7.06,3807.00375,3664.299048015873,56.275,8.88
2018-01-29,2284.27,56.32,67.65,7.05,3810.048,3671.7238837301584,56.32,8.896
2018-01-30,2280.36,56.385,65.91,6.99,3716.33535,3676.671454365079,56.385,8.8947
2018-01-31,2289.99,56.2075,66.17,6.94,3719.250275,3680.45846031746,56.2075,8.9397
2018-02-01,2302.57,55.92,66.75,6.93,3732.66,3684.756631746032,55.92,8.885
2018-02-02,2281.84,56.55,65.04,6.91,3678.012,3687.641993650793,56.55,8.9691
2018-02-05,2276.85,57.195,64.49,6.91,3688.50555,3690.750682936508,57.195,9.0575
2018-02-06,2238.24,56.855,64.24,6.94,3652.3652,3692.645622619048,56.855,9.064
2018-02-07,2254.64,57.61,64.24,6.85,3700.8664,3692.778375,57.61,9.105
2018-02-08,2227.24,58.4225,63.15,6.86,3689.380875,3692.676547619048,58.4225,9.1806
2018-02-09,2197.12,58.4,60.65,6.84,3541.96,3689.730479365079,58.4,9.2555
2018-02-12,2220.12,57.83,61.0,6.83,3527.63,3686.401206349206,57.83,9.142
2018-02-13,2250.63,57.63,59.5,6.83,3428.985,3681.837523809524,57.63,9.1
2018-02-14,2257.95,56.71,59.9,6.81,3396.929,3676.4852440476193,56.71,8.995
2018-02-15,2265.45,56.3925,60.6,6.77,3417.3855,3672.426045634921,56.3925,8.9885
2018-02-16,2255.27,56.3975,61.71,6.72,3480.289725,3670.264668253969,56.3975,8.946
2018-02-19,2254.92,56.46,61.16,6.73,3453.0936,3668.030655555556,56.46,8.9489
2018-02-20,2270.12,56.565,62.65,6.76,3543.79725,3666.914572222222,56.565,8.908
2018-02-21,2320.32,56.76,61.56,6.7,3494.1456,3664.505363095238,56.76,8.952
2018-02-22,2336.82,56.5175,62.8,6.7,3549.2989999999995,3663.370325793651,56.5175,9.0
2018-02-26,2353.16,55.705,64.3,6.66,3581.8315,3661.5985162698416,55.705,8.8575
2018-02-27,2341.89,56.275,64.77,6.7,3644.93175,3661.2142869047616,56.275,8.894
2018-02-28,2296.8,56.3325,63.67,6.67,3586.6902750000004,3660.298350793651,56.3325,8.8854
2018-03-01,2297.9,56.8225,61.26,6.71,3480.94635,3657.802857936508,56.8225,8.945
2018-03-02,2288.84,56.815,60.56,6.72,3440.7164,3654.997718253968,56.815,8.982
2018-03-05,2309.53,56.42,62.4,6.71,3520.608,3652.894273809524,56.42,8.917
2018-03-06,2303.32,56.67,62.4,6.7,3536.208,3651.41561984127,56.67,8.985
2018-03-07,2291.23,56.79,62.5,6.7,3549.375,3650.347584126984,56.79,8.992
2018-03-09,2311.69,56.66,62.0,6.67,3512.92,3649.1766714285714,56.66,8.9929
2018-03-12,2318.01,56.88,63.26,6.68,3598.2288,3648.4340460317458,56.88,8.997
2018-03-13,2319.38,57.02,62.25,6.68,3549.4950000000003,3647.542140079365,57.02,9.0
2018-03-14,2275.24,57.1225,61.9,6.71,3535.88275,3645.381977380953,57.1225,9.06
2018-03-15,2272.49,57.46,62.05,6.72,3565.393,3644.122519444444,57.46,9.0651
2018-03-16,2294.6,57.49,63.51,6.72,3651.1899,3643.159917063492,57.49,9.09
2018-03-19,2281.72,57.84,64.0,6.72,3701.76,3644.98015515873,57.84,9.149
2018-03-20,2291.18,57.53,63.71,6.66,3665.2363,3646.077366269841,57.53,9.0829
2018-03-21,2309.36,56.88,64.4,6.64,3663.072000000001,3646.9613662698416,56.88,9.0669
2018-03-22,2285.76,57.245,65.78,6.6,3765.5761,3649.438707142857,57.245,9.02
2018-03-23,2285.53,57.29,65.3,6.6,3741.037,3650.7666277777776,57.29,9.0399
2018-03-26,2240.85,57.1625,66.85,6.63,3821.313125,3652.991963095238,57.1625,9.137
2018-03-27,2262.5,57.5125,66.5,6.62,3824.58125,3655.7938876984126,57.5125,9.16
2018-03-28,2249.23,57.7225,66.76,6.64,3853.5541,3658.7161353174606,57.7225,9.1889
2018-03-29,2274.62,57.2575,63.08,6.65,3611.8031,3658.5898650793647,57.2575,9.14
2018-03-30,2270.98,57.145,65.5,6.61,3742.9975,3660.419107936508,57.145,9.15
2018-04-02,2256.64,57.4825,66.7,6.63,3834.082750000001,3662.0660246031744,57.4825,9.172
2018-04-03,2263.85,57.57,64.67,6.66,3723.0519,3664.344140079365,57.57,9.179
2018-04-04,2265.6,57.445,64.5,6.64,3705.2025,3662.938101984127,57.445,9.156
2018-04-05,2296.25,57.71,64.64,6.63,3730.3744,3661.6606797619047,57.71,9.15
2018-04-06,2281.23,58.175,65.0,6.64,3781.375,3662.496727380953,58.175,9.2193
2018-04-09,2090.88,60.66,65.5,6.88,3973.23,3666.320159920635,60.66,9.555
2018-04-10,2173.76,63.0225,66.99,7.26,4221.877275,3673.6250373015873,63.0225,10.0359
2018-04-11,2192.15,62.59,67.7,7.21,4237.343000000001,3680.2308388888887,62.59,9.99
2018-04-12,2210.05,61.99,67.01,7.09,4153.9499000000005,3689.192690079365,61.99,9.8818
2018-04-13,2175.16,62.05,66.72,7.17,4139.976,3694.1921821428577,62.05,9.8948
2018-04-16,2143.67,61.165,68.0,7.18,4159.22,3699.0194202380953,61.165,9.766
2018-04-17,2191.19,61.5575,67.01,7.12,4124.968075,3703.658056349206,61.5575,9.8
2018-04-18,2241.49,60.85,67.75,7.06,4122.587500000001,3707.839286507936,60.85,9.7098
2018-04-19,2230.55,60.8925,70.15,7.01,4271.608875,3715.1070186507936,60.8925,9.6985
2018-04-20,2232.66,61.4,69.67,7.02,4277.738,3723.874771031746,61.4,9.7621
2018-04-23,2250.99,61.805,69.22,7.02,4278.1421,3732.408233730159,61.805,9.8077
2018-04-24,2253.77,61.62,69.69,6.97,4294.297799999999,3741.466801984127,61.62,9.775
2018-04-25,2253.5,62.365,68.84,7.0,4293.2066,3750.04333968254,62.365,9.876
2018-04-26,2286.02,62.72,73.0,7.01,4578.56,3763.08065,62.72,9.9002
2018-04-27,2301.49,62.155,69.1,6.95,4294.9105,3770.8252015873018,62.155,9.8264
2018-04-28,2297.3,62.27,69.16,6.93,4306.5932,3778.706871428572,62.27,9.919
2018-04-30,2307.02,62.9675,69.93,6.93,4403.317275,3789.6113464285713,62.9675,9.9546
2018-05-02,2306.42,64.02,69.01,6.94,4418.0202,3800.7029325396825,64.02,10.0569
2018-05-03,2274.07,63.025,67.43,7.0,4249.775750000001,3808.9111190476174,63.025,9.9722
2018-05-04,2289.47,62.505,69.86,6.99,4366.5993,3819.841076190476,62.505,9.824
2018-05-07,2297.12,62.9325,70.99,6.97,4467.578175,3832.2073083333335,62.9325,9.8915
2018-05-08,2301.99,63.225,70.48,7.01,4456.098,3844.964971825397,63.225,9.932
2018-05-10,2312.92,61.71,72.08,6.99,4448.0568,3856.825136904762,61.71,9.7589
2018-05-11,2345.26,61.93,73.07,6.95,4525.2251,3870.0925055555554,61.93,9.793
2018-05-14,2357.62,61.85,73.7,7.03,4558.345,3886.2256007936494,61.85,9.7659
2018-05-15,2337.03,62.3175,74.1,7.04,4617.72675,3903.528723809524,62.3175,9.7821
2018-05-16,2338.39,61.73,73.54,7.07,4539.6242,3921.1579174603175,61.73,9.724
2018-05-17,2323.51,62.185,74.41,7.04,4627.18585,3940.685803968254,62.185,9.7652
2018-05-18,2326.94,62.2575,75.0,7.09,4669.3125,3960.557661111111,62.2575,9.796
2018-05-21,2332.63,61.6,75.0,7.07,4620.0,3978.6483003968256,61.6,9.69
2018-05-22,2326.87,61.21,76.38,7.05,4675.2198,3998.0471289682537,61.21,9.616
2018-05-23,2295.57,61.33,75.1,7.04,4605.883,4014.905632936508,61.33,9.6268
2018-05-24,2294.01,61.6,76.37,7.01,4704.392000000001,4034.115893253968,61.6,9.664
2018-05-25,2306.57,62.2875,74.35,7.03,4631.075625,4051.28695079365,62.2875,9.75
2018-05-28,2311.28,62.32,72.01,7.03,4487.6632,4065.665231746032,62.32,9.74
2018-05-29,2298.0,62.815,73.09,7.05,4591.14835,4080.684542857143,62.815,9.77
2018-05-30,2297.6,62.075,73.5,7.05,4562.5125,4096.173784523809,62.075,9.6828
2018-05-31,2302.88,62.405,73.99,7.07,4617.34595,4114.211873412698,62.405,9.7449
2018-06-01,2295.34,62.1925,73.62,7.04,4578.61185,4132.273705952381,62.1925,9.6943
2018-06-04,2323.64,62.0575,72.93,7.04,4525.853475,4148.229983333334,62.0575,9.6958
2018-06-05,2318.23,62.15,72.11,7.04,4481.6365,4163.236784920635,62.15,9.7259
2018-06-06,2315.45,61.7675,72.5,7.08,4478.14375,4177.979146031746,61.7675,9.7115
2018-06-07,2316.07,62.4175,73.99,7.11,4618.270825,4195.524397222222,62.4175,9.8
2018-06-08,2267.92,62.31,74.99,7.19,4672.6269,4212.57833531746,62.31,9.76
2018-06-09,2281.51,62.525,76.47,7.18,4781.28675,4232.13058531746,62.525,9.6251
2018-06-11,2271.74,62.8175,73.54,7.14,4619.5989500000005,4249.332429761905,62.8175,9.8138
2018-06-13,2270.73,62.535,72.31,7.23,4521.90585,4264.515173412698,62.535,9.7986
2018-06-14,2253.48,62.63,73.4,7.22,4597.042,4279.528698809523,62.63,9.702
2018-06-15,2237.53,63.1975,71.3,7.4,4505.98175,4292.294123412698,63.1975,9.8094
2018-06-18,2222.56,63.4525,70.95,7.58,4501.954875,4305.575370634921,63.4525,9.81
2018-06-19,2221.42,63.875,70.94,7.65,4531.2925,4319.356648412699,63.875,9.826
2018-06-20,2256.27,63.69,72.0,7.54,4585.68,4332.37417063492,63.69,9.7992
2018-06-21,2245.94,63.715,71.15,7.53,4533.32225,4344.950126984127,63.715,9.813
2018-06-22,2249.68,62.895,72.34,7.52,4549.8243,4356.513796428571,62.895,9.66
2018-06-25,2236.65,62.7825,72.73,7.52,4566.171225,4368.285065873016,62.7825,9.609
2018-06-26,2231.03,63.0275,68.24,7.59,4300.9966,4375.387327777778,63.0275,9.5831
2018-06-27,2253.6,63.23,74.99,7.58,4741.6177,4393.320892857143,63.23,9.562
2018-06-28,2250.26,62.8,76.12,7.55,4780.336,4409.786583333333,62.8,9.46
2018-06-29,2295.95,62.77,74.99,7.51,4707.1223,4423.644353968254,62.77,9.4601
2018-07-02,2319.31,63.43,75.84,7.53,4810.5312,4440.90593015873,63.43,9.5015
2018-07-03,2301.65,63.145,73.66,7.52,4651.2607,4455.922726984127,63.145,9.47
2018-07-04,2304.06,63.24,75.5,7.52,4774.62,4472.498053968255,63.24,9.538
2018-07-05,2346.86,63.115,74.3,7.47,4689.4445,4486.911855555556,63.115,9.4886
2018-07-06,2345.38,62.9725,74.45,7.46,4688.302625,4498.26221468254,62.9725,9.4501
2018-07-09,2373.17,62.485,74.9,7.39,4680.1265,4505.536011904762,62.485,9.45
2018-07-10,2365.17,61.735,74.06,7.38,4572.0941,4510.849521428572,61.735,9.308
2018-07-11,2336.15,62.3575,75.84,7.37,4729.192800000001,4519.980361111111,62.3575,9.272
2018-07-12,2322.06,62.255,73.01,7.34,4545.237550000001,4526.413084126984,62.255,9.314
2018-07-13,2346.43,62.56,74.64,7.34,4669.4784,4534.512423809524,62.56,9.321
2018-07-16,2334.18,62.33,72.01,7.36,4488.3833,4540.280919444444,62.33,9.29
2018-07-17,2310.92,62.6,71.9,7.45,4500.9400000000005,4546.28651468254,62.6,9.2978
2018-07-18,2294.78,62.9625,72.6,7.47,4571.077499999999,4551.039984920635,62.9625,9.37
2018-07-19,2269.45,63.6625,72.0,7.5,4583.7,4555.896524603175,63.6625,9.3821
2018-07-20,2247.82,63.515,72.0,7.49,4573.08,4560.578078571429,63.515,9.3685
2018-07-23,2261.25,63.0675,72.29,7.49,4559.149575,4564.782075,63.0675,9.264
2018-07-24,2278.3,63.325,72.83,7.5,4611.95975,4569.841648809524,63.325,9.2989
2018-07-25,2282.84,62.82,73.4,7.53,4610.988,4570.356378968254,62.82,9.307
2018-07-26,2293.07,62.955,76.6,7.54,4822.352999999999,4578.728482142857,62.955,9.2596
2018-07-27,2292.72,62.7975,74.2,7.58,4659.5745,4584.331359920635,62.7975,9.2101
2018-07-30,2295.72,62.2375,73.16,7.56,4553.295499999999,4586.711966666667,62.2375,9.125
2018-07-31,2321.11,62.5025,74.23,7.52,4639.560575,4590.228480555556,62.5025,9.1851
2018-08-01,2315.18,63.045,73.63,7.58,4642.00335,4596.454315476191,63.045,9.225
2018-08-02,2295.15,63.405,74.05,7.69,4695.14025,4601.669251190477,63.405,9.227
2018-08-03,2297.99,63.3375,73.3,7.72,4642.63875,4604.44799047619,63.3375,9.2383
2018-08-06,2299.88,63.74,74.0,7.77,4716.76,4608.585482539682,63.74,9.2564
2018-08-07,2312.19,63.49,73.75,7.77,4682.3875,4612.305017460318,63.49,9.3048
2018-08-08,2293.01,65.5475,72.41,7.99,4746.294475,4615.81405515873,65.5475,9.5841
2018-08-09,2309.58,66.65,72.05,8.11,4802.132500000001,4619.683698015873,66.65,9.72
2018-08-10,2275.05,67.72,72.09,8.22,4881.9348,4623.877476587301,67.72,9.848
2018-08-13,2285.61,67.8,72.62,8.34,4923.636,4629.972901984127,67.8,9.8661
2018-08-14,2282.88,66.34,72.41,8.3,4803.6794,4632.774386904763,66.34,9.622
2018-08-15,2267.13,67.29,71.12,8.42,4785.6648000000005,4634.621248809523,67.29,9.6874
2018-08-16,2261.09,66.8425,70.6,8.43,4719.0805,4636.193955158731,66.8425,9.7304
2018-08-17,2255.12,67.03,71.88,8.57,4818.1164,4638.462155158731,67.03,9.82
2018-08-20,2272.49,67.1075,72.13,8.56,4840.463975,4642.185662698413,67.1075,9.832
2018-08-21,2291.76,67.275,72.66,8.44,4888.2015,4645.103273809525,67.275,9.8367
2018-08-22,2297.06,68.03,73.99,8.44,5033.539699999999,4651.491592460317,68.03,9.942
2018-08-23,2260.04,68.19,75.0,8.49,5114.25,4661.437414682539,68.19,9.902
2018-08-24,2279.76,67.1,77.0,8.46,5166.7,4670.57315515873,67.1,9.8887
2018-08-27,2312.93,67.52,76.1,8.46,5138.271999999999,4679.712194841271,67.52,9.94
2018-08-28,2316.28,67.87,75.8,8.48,5144.546,4688.080449603174,67.87,9.964
2018-08-29,2348.44,67.94,75.37,8.5,5120.6378,4696.684036111111,67.94,9.969
2018-08-30,2330.92,68.2375,79.9,8.56,5452.17625,4711.387572222222,68.2375,9.944
2018-08-31,2345.85,67.55,77.0,8.51,5201.349999999999,4722.811596031746,67.55,9.856
2018-09-03,2346.08,68.12,78.36,8.49,5337.8832,4736.458253968254,68.12,9.979
2018-09-04,2336.38,68.11,79.0,8.62,5380.69,4748.560145634921,68.11,9.954
2018-09-05,2321.33,68.25,77.99,8.68,5322.817499999999,4758.880631349206,68.25,9.982
2018-09-06,2320.65,69.255,77.0,8.91,5332.634999999999,4767.632190873016,69.255,10.128
2018-09-07,2321.82,69.9125,76.27,8.98,5332.226374999999,4778.943737301587,69.9125,10.1839
2018-09-10,2335.85,70.565,77.0,9.02,5433.505,4793.413565079366,70.565,10.27
2018-09-11,2335.19,69.41,77.0,8.73,5344.57,4805.279088888889,69.41,10.114
2018-09-12,2340.63,69.0325,78.6,8.6,5425.9545,4819.881830952381,69.0325,10.091
2018-09-13,2357.32,68.25,76.0,8.57,5187.0,4830.755563095237,68.25,9.966
2018-09-14,2360.26,68.0525,77.06,8.6,5244.12565,4842.070375,68.0525,9.8948
2018-09-17,2373.75,68.0625,75.45,8.67,5135.315625,4850.79475,68.0625,9.916
2018-09-18,2402.58,67.3725,77.01,8.58,5188.356225,4861.192114682539,67.3725,9.8155
2018-09-19,2404.42,66.83,77.18,8.46,5157.9394,4870.84473531746,66.83,9.7502
2018-09-20,2400.89,66.26,75.51,8.48,5003.292600000001,4877.78316984127,66.26,9.689
2018-09-21,2426.8,66.41,78.69,8.45,5225.8029,4892.462634920635,66.41,9.7038
2018-09-24,2430.01,65.835,76.9,8.4,5062.7115,4897.559361904761,65.835,9.5959
2018-09-25,2444.22,65.8925,80.35,8.42,5294.462374999999,4905.720098015873,65.8925,9.5799
2018-09-26,2427.29,65.8,80.0,8.43,5264.0,4914.5594265873015,65.8,9.5603
2018-09-27,2474.57,65.6225,77.44,8.35,5081.8064,4918.865382142857,65.6225,9.5
2018-09-28,2475.36,65.535,79.2,8.36,5190.372,4927.42270436508,65.535,9.53
2018-10-01,2472.22,65.0,81.5,8.32,5297.5,4935.722386904761,65.0,9.4885
2018-10-02,2449.7,65.5,80.37,8.31,5264.235000000001,4944.846045634921,65.5,9.524
2018-10-03,2493.91,65.8625,81.6,8.35,5374.379999999999,4955.736162698412,65.8625,9.5233
2018-10-04,2465.03,67.0175,83.69,8.51,5608.694575,4970.475338492064,67.0175,9.718
2018-10-05,2450.9,66.5975,81.14,8.53,5403.721149999999,4983.675767857142,66.5975,9.6583
2018-10-08,2454.28,66.5575,80.8,8.63,5377.8460000000005,4993.971850396826,66.5575,9.6288
2018-10-09,2443.83,66.25,82.0,8.62,5432.5,5008.055381349207,66.25,9.58
2018-10-10,2417.69,66.9,82.9,8.64,5546.010000000001,5021.968581349206,66.9,9.6215
2018-10-11,2366.47,66.27,79.5,8.66,5268.464999999999,5034.350830555555,66.27,9.6168
2018-10-12,2403.02,66.1175,77.31,8.6,5111.543925000001,5044.042956349206,66.1175,9.5917
2018-10-15,2389.05,65.65,80.55,8.5,5288.1075,5055.424384920634,65.65,9.48
2018-10-16,2417.26,65.3075,79.25,8.45,5175.619375,5064.819930555555,65.3075,9.4679
2018-10-17,2411.42,65.4975,77.92,8.48,5103.5652,5073.240330555555,65.4975,9.4479
2018-10-18,2378.62,65.82,77.9,8.52,5127.378,5082.259829365079,65.82,9.48
2018-10-19,2344.79,65.49,78.84,8.5,5163.2316,5091.010176190475,65.49,9.453
2018-10-22,2308.56,65.25,78.23,8.42,5104.507500000001,5098.843819047619,65.25,9.4
2018-10-23,2305.58,65.5125,76.08,8.46,4984.191,5101.412676190477,65.5125,9.42
2018-10-24,2336.49,65.685,75.75,8.47,4975.63875,5106.429569047619,65.685,9.4488
2018-10-25,2331.59,65.5925,76.08,8.5,4990.2774,5113.36578968254,65.5925,9.4124
2018-10-26,2293.22,65.72,75.84,8.5,4984.2048,5118.836332936508,65.72,9.44
2018-10-29,2317.06,65.85,76.08,8.46,5009.868,5124.67545436508,65.85,9.44
2018-10-30,2299.98,65.56,74.5,8.48,4884.22,5127.676720238095,65.56,9.3975
2018-10-31,2352.71,65.875,75.61,8.49,4980.80875,5133.044498015874,65.875,9.4265
2018-11-01,2359.33,65.72,72.51,8.5,4765.3572,5133.815882142858,65.72,9.4789
2018-11-02,2377.95,66.2025,72.96,8.49,4830.1344,5136.161071031746,66.2025,9.607
2018-11-06,2412.31,66.11,72.49,8.5,4792.313899999999,5136.891538095239,66.11,9.5378
2018-11-07,2445.34,66.32,70.8,8.57,4695.455999999999,5135.19826031746,66.32,9.5728
2018-11-08,2438.62,66.9025,71.41,8.68,4777.507525,5133.540684523809,66.9025,9.625
2018-11-09,2403.47,68.005,70.56,8.81,4798.4328,5131.5533321428575,68.005,9.76
2018-11-12,2393.81,67.845,72.05,8.85,4888.23225,5132.895440873015,67.845,9.7069
2018-11-13,2374.94,68.13,69.99,8.9,4768.418699999999,5132.621693253968,68.13,9.812
2018-11-14,2378.59,67.02,66.98,8.57,4488.9996,5128.969615476191,67.02,9.6604
2018-11-15,2381.45,65.8975,67.58,8.5,4453.35305,5123.179721031745,65.8975,9.55
2018-11-16,2372.67,65.98,68.31,8.51,4507.093800000001,5117.888130952381,65.98,9.51
2018-11-19,2373.78,65.55,66.71,8.53,4372.840499999999,5109.707797619048,65.55,9.465
2018-11-20,2341.6,66.165,65.68,8.61,4345.717200000001,5098.789980158731,66.165,9.5348
2018-11-21,2357.97,65.66,65.64,8.58,4309.9224,5086.022875396826,65.66,9.468
2018-11-22,2369.53,65.62,64.02,8.55,4200.9924,5070.694183333333,65.62,9.47
2018-11-23,2342.97,66.1925,62.3,8.65,4123.79275,5054.591338095239,66.1925,9.538
2018-11-26,2308.5,67.1025,61.0,8.72,4093.252500000001,5037.90413968254,67.1025,9.6734
2018-11-27,2338.71,67.1075,61.0,8.62,4093.5575,5021.601277777778,67.1075,9.6676
2018-11-28,2381.12,66.955,62.95,8.61,4214.81725,5001.960658730159,66.955,9.64
2018-11-29,2398.56,66.21,60.8,8.52,4025.5679999999993,4983.297452380953,66.21,9.5555
2018-11-30,2392.5,66.95,59.5,8.49,3983.525,4961.799703174603,66.95,9.639
2018-12-03,2441.19,66.5275,63.34,8.44,4213.85185,4943.278462698412,66.5275,9.69
2018-12-04,2443.38,66.82,64.99,8.51,4342.631799999999,4927.71995952381,66.82,9.748
2018-12-05,2445.55,66.57,63.64,8.54,4236.5148,4910.321226190476,66.57,9.69
2018-12-06,2412.31,66.8675,60.34,8.54,4034.7849500000007,4889.726917857142,66.8675,9.712
2018-12-07,2431.29,66.395,62.43,8.49,4145.03985,4869.275090079364,66.395,9.653
2018-12-10,2396.84,66.6425,63.4,8.51,4225.1345,4851.506272619047,66.6425,9.6386
2018-12-11,2394.26,66.3525,61.1,8.53,4054.13775,4829.731403571429,66.3525,9.6099
2018-12-12,2370.35,66.3825,61.46,8.53,4079.86845,4812.157886904762,66.3825,9.642
2018-12-13,2378.5,66.235,61.35,8.58,4063.51725,4793.418071031746,66.235,9.63
2018-12-14,2365.69,66.76,61.05,8.58,4075.698,4776.598743650793,66.76,9.6595
2018-12-17,2359.13,66.78,62.59,8.61,4179.760200000001,4760.589282936508,66.78,9.67
2018-12-18,2350.29,67.2825,59.99,8.61,4036.277175,4742.785120634921,67.2825,9.752
2018-12-19,2358.58,67.46,57.52,8.61,3880.2992,4724.959828571428,67.46,9.7448
2018-12-20,2352.88,68.2925,55.01,8.58,3756.770425,4701.641852777778,68.2925,9.94
2018-12-21,2347.17,68.84,57.0,8.56,3923.88,4683.565162301587,68.84,9.96
2018-12-24,2322.27,68.5825,54.42,8.56,3732.25965,4658.768293650794,68.5825,9.9368
2018-12-25,2290.86,68.665,53.06,8.57,3643.364900000001,4633.043926984127,68.665,9.902
2018-12-26,2308.85,68.695,53.65,8.58,3685.48675,4610.880123015873,68.695,9.966
2018-12-27,2327.81,69.56,57.23,8.55,3980.9188,4591.682453174603,69.56,10.126
2018-12-28,2358.5,69.5175,54.56,8.53,3792.8748,4567.799513492063,69.5175,10.134
2018-12-29,2369.33,69.8175,55.08,8.51,3845.5479,4545.28067063492,69.8175,10.41
2019-01-03,2375.6,68.64,58.53,8.5,4017.4992,4523.74288015873,68.64,9.965
2019-01-04,2406.5,67.74,60.16,8.48,4075.2383999999993,4499.402305952381,67.74,9.87
2019-01-08,2389.69,66.885,59.87,8.41,4004.40495,4477.190937698413,66.885,9.79
2019-01-09,2414.13,66.745,61.98,8.3,4136.8551,4457.492669444445,66.745,9.8014
2019-01-10,2434.15,66.91,63.05,8.28,4218.675499999999,4438.225613888889,66.91,9.8851
2019-01-11,2444.45,66.875,65.39,8.24,4372.95625,4419.605713095238,66.875,9.9116
2019-01-14,2440.15,67.075,61.67,8.24,4136.51525,4401.638256746032,67.075,9.9043
2019-01-15,2439.55,66.96,61.61,8.18,4125.405599999999,4385.985267460318,66.96,9.8842
2019-01-16,2434.6,66.3675,61.86,8.15,4105.49355,4367.213617460318,66.3675,9.81
2019-01-17,2447.64,66.37,63.0,8.19,4181.31,4351.430928968254,66.37,9.785
2019-01-18,2473.61,66.275,62.72,8.16,4156.768,4336.402401984127,66.275,9.7321
2019-01-21,2468.25,66.39,63.94,8.16,4244.9766,4322.396030555556,66.39,9.77
2019-01-22,2468.73,66.535,62.04,8.18,4127.8314,4305.961106746033,66.535,9.7539
2019-01-23,2491.49,66.0725,63.36,8.2,4186.3536,4291.38723531746,66.0725,9.7342
2019-01-24,2482.71,65.7775,61.5,8.15,4045.31625,4276.484461507937,65.7775,9.67
2019-01-25,2498.23,66.0,62.0,8.18,4092.0,4262.458449603175,66.0,9.7661
2019-01-28,2476.81,66.26,61.5,8.19,4074.99,4247.930078174604,66.26,9.803
2019-01-29,2498.35,66.05,61.0,8.17,4029.05,4232.768890873016,66.05,9.7795
2019-01-30,2511.86,65.505,61.8,8.15,4048.209,4217.504462301587,65.505,9.76
2019-01-31,2521.1,65.4,63.22,8.0,4134.588000000001,4205.605541666667,65.4,9.746
2019-02-01,2521.7,65.505,62.16,8.0,4071.7907999999993,4191.17668531746,65.505,9.7319
2019-02-04,2523.52,65.59,64.27,8.01,4215.4693,4182.448305952381,65.59,9.6975
2019-02-05,2547.27,65.62,63.05,7.97,4137.341,4171.45158531746,65.62,9.6966
2019-02-06,2539.73,65.87,61.56,8.0,4054.9572,4159.747510714285,65.87,9.7121
2019-02-07,2509.89,65.9075,64.43,8.03,4246.420225000001,4152.619958730159,65.9075,9.744
2019-02-08,2502.82,65.81,62.9,8.01,4139.449,4142.49204563492,65.81,9.702
2019-02-11,2510.22,65.85,61.49,8.03,4049.1165,4130.598136111112,65.85,9.69
2019-02-12,2533.32,65.885,63.0,8.04,4150.755,4118.892148015873,65.885,9.712
2019-02-13,2485.76,66.515,63.34,8.09,4213.060100000001,4110.076932142857,66.515,9.795
2019-02-14,2460.82,66.645,64.8,8.23,4318.596,4107.372113095238,66.645,9.857
2019-02-15,2490.16,66.3,66.15,8.15,4385.745,4106.298969444445,66.3,9.786
2019-02-18,2472.41,66.28,65.56,8.12,4345.3168000000005,4103.731080555555,66.28,9.7791
2019-02-19,2458.55,65.7625,66.58,8.18,4378.46725,4103.820394047619,65.7625,9.739
2019-02-20,2487.82,65.6325,65.65,8.16,4308.773625,4103.233988095238,65.6325,9.783
2019-02-21,2470.23,65.57,66.9,8.14,4386.633,4104.451616666666,65.57,9.7565
2019-02-22,2488.63,65.3925,68.62,8.15,4487.23335,4108.995123809524,65.3925,9.7467
2019-02-25,2494.63,65.49,65.32,8.08,4277.806799999999,4111.439791269841,65.49,9.805
2019-02-26,2494.02,65.7,63.25,8.15,4155.525000000001,4112.428243650794,65.7,9.8475
2019-02-27,2490.65,65.79,65.98,8.19,4340.824200000001,4116.353111904762,65.79,9.8438
2019-02-28,2485.27,65.905,67.95,8.15,4478.24475,4120.53450079365,65.905,9.8369
2019-03-01,2478.01,65.94,65.32,8.14,4307.2008,4125.004862698413,65.94,9.8156
2019-03-04,2473.79,65.74,65.34,8.15,4295.4516,4129.956078571428,65.74,9.7998
2019-03-05,2466.23,65.75,65.86,8.15,4330.295,4131.804382539683,65.75,9.8017
2019-03-06,2494.04,65.98,65.35,8.19,4311.793,4131.314877777778,65.98,9.82
2019-03-07,2476.64,66.2825,65.95,8.16,4371.330875000001,4133.454815476191,66.2825,9.855
2019-03-11,2465.94,65.97,64.55,8.17,4258.3635,4137.003681349206,65.97,9.8081
2019-03-12,2468.25,65.635,65.84,8.13,4321.4084,4139.803182142858,65.635,9.7877
2019-03-13,2470.61,65.4,68.44,8.13,4475.976000000001,4143.784793253968,65.4,9.762
2019-03-14,2457.79,65.5125,67.45,8.12,4418.818125000001,4149.57337063492,65.5125,9.741
2019-03-15,2476.73,64.815,66.39,8.12,4303.067849999999,4153.116218253968,64.815,9.6557
2019-03-18,2483.7,64.365,67.46,8.05,4342.062899999999,4157.537577777777,64.365,9.58
2019-03-19,2493.28,64.39,68.3,8.04,4397.837,4162.650895238096,64.39,9.5963
2019-03-20,2504.23,63.8675,67.5,8.03,4311.05625,4164.73495952381,63.8675,9.532
2019-03-21,2507.81,63.87,67.68,7.96,4322.7216,4169.281696428571,63.87,9.52
2019-03-22,2492.7,64.66,66.2,8.03,4280.492,4175.633963095238,64.66,9.6081
2019-03-25,2497.59,64.085,65.01,7.93,4166.16585,4182.132303174602,64.085,9.512
2019-03-26,2512.63,64.4,67.05,7.97,4318.02,4188.388493650793,64.4,9.5741
2019-03-27,2487.48,64.835,66.43,8.01,4306.98905,4197.5111825396825,64.835,9.6404
2019-03-28,2492.4,64.94,65.5,8.05,4253.57,4207.196977777778,64.94,9.644
2019-03-29,2497.1,65.6375,65.9,8.11,4325.5112500000005,4217.356096825397,65.6375,9.7511
2019-04-01,2521.25,65.1725,67.57,8.1,4403.705824999999,4224.067001984126,65.1725,9.7
2019-04-02,2527.77,65.2975,67.75,8.11,4423.905625,4234.083364285714,65.2975,9.715
2019-04-03,2532.32,65.24,65.85,8.1,4296.053999999999,4241.234254761905,65.24,9.715
2019-04-04,2535.5,65.475,66.68,8.1,4365.8730000000005,4246.763997619048,65.475,9.753
2019-04-05,2540.99,65.34,68.03,8.07,4445.0802,4252.634502380953,65.34,9.7356
2019-04-08,2560.07,64.8775,68.37,8.04,4435.674675,4259.4800535714285,64.8775,9.666
2019-04-09,2570.28,64.92,68.81,8.02,4467.1452,4264.722753571428,64.92,9.6645
2019-04-10,2578.58,64.2925,68.8,7.99,4423.3240000000005,4267.971142460317,64.2925,9.5624
2019-04-11,2551.45,64.61,68.95,7.97,4454.8595000000005,4269.271194047619,64.61,9.6125
2019-04-12,2559.72,64.35,68.0,7.96,4375.799999999999,4273.06936468254,64.35,9.5896
2019-04-15,2545.12,64.26,69.76,8.0,4482.7776,4278.741936111112,64.26,9.59
2019-04-16,2559.84,64.09,69.25,7.97,4438.2325,4284.023506746032,64.09,9.5578
2019-04-17,2568.26,63.845,69.92,7.98,4464.0424,4288.511322619048,63.845,9.56
2019-04-18,2560.8,63.8925,69.68,7.98,4452.0294,4293.198011507937,63.8925,9.5399
2019-04-19,2563.9,64.05,69.65,7.98,4461.0825,4296.628263888889,64.05,9.5605
2019-04-22,2584.74,63.82,71.0,7.98,4531.22,4303.031257539683,63.82,9.5004
2019-04-23,2587.48,63.6875,71.33,8.0,4542.829375,4308.689603174604,63.6875,9.47
2019-04-24,2579.05,64.3225,70.67,8.01,4545.671075,4316.631743253968,64.3225,9.564
2019-04-25,2560.94,64.655,70.95,8.03,4587.27225,4324.493207539683,64.655,9.58
2019-04-26,2563.72,64.735,69.45,8.0,4495.84575,4331.173457539683,64.735,9.6279
2019-04-29,2569.83,64.4575,69.15,7.94,4457.236125,4337.970062698413,64.4575,9.57
2019-04-30,2559.32,64.6225,69.15,7.92,4468.645875,4344.643663888889,64.6225,9.57
2019-05-02,2575.22,65.4375,67.0,7.93,4384.3125,4348.607544841269,65.4375,9.69
2019-05-03,2580.95,65.0775,67.6,7.93,4399.239,4353.80513531746,65.0775,0.0
2019-05-06,2579.75,65.2275,66.3,7.95,4324.583250000001,4355.537102777778,65.2275,9.6328
2019-05-07,2565.1,65.4075,66.98,7.97,4380.99435,4359.404616269841,65.4075,9.6071
2019-05-08,2544.43,65.0725,67.0,7.93,4359.8575,4364.244303571429,65.0725,9.55
2019-05-10,2514.87,65.075,67.5,7.98,4392.5625,4366.564022222223,65.075,9.522
2019-05-13,2508.87,65.43,67.08,7.96,4389.044400000001,4370.525853968254,65.43,9.456
2019-05-14,2562.33,64.97,67.25,7.95,4369.2325,4375.60706031746,64.97,9.4
2019-05-15,2554.49,64.65,68.32,7.91,4416.888,4379.831393650794,64.65,9.3552
2019-05-16,2581.11,64.65,68.68,7.89,4440.162000000001,4383.436185714285,64.65,9.317
2019-05-17,2577.48,64.7775,69.28,7.88,4487.7852,4386.121728571429,64.7775,9.312
2019-05-20,2571.65,64.525,68.85,7.85,4442.54625,4387.023335714286,64.525,9.3041
2019-05-21,2616.53,64.41,69.18,7.81,4455.8838000000005,4388.778367460317,64.41,9.285
2019-05-22,2638.71,64.39,67.49,7.71,4345.6811,4388.257952380953,64.39,9.286
2019-05-23,2618.61,64.855,64.72,7.78,4197.4156,4386.490364682539,64.855,9.34
2019-05-24,2619.24,64.4725,63.81,7.76,4113.990225,4382.162701587302,64.4725,9.3189
2019-05-27,2632.95,64.4575,65.68,7.76,4233.5686000000005,4378.136276984127,64.4575,9.3233
2019-05-28,2609.78,64.715,65.74,7.75,4254.3641,4377.76417063492,64.715,9.3479
2019-05-29,2641.15,64.97,68.92,7.77,4477.7324,4382.878573809524,64.97,9.3877
2019-05-30,2659.52,65.17,64.36,7.71,4194.3412,4380.553446825397,65.17,9.4078
2019-05-31,2665.33,65.43,63.74,7.71,4170.5082,4375.668739682539,65.43,9.4298
2019-06-03,2729.93,65.34,60.33,7.73,3941.9622,4369.871301587302,65.34,9.43
2019-06-04,2706.29,65.165,60.24,7.7,3925.539600000001,4363.999682539683,65.165,9.4111
2019-06-05,2701.84,65.395,58.02,7.63,3794.2179,4355.490522222222,65.395,9.427
2019-06-06,2728.25,65.085,60.22,7.58,3919.4187,4349.262358730158,65.085,9.415
2019-06-07,2729.61,64.805,59.52,7.57,3857.193600000001,4341.101449603174,64.805,9.3494
2019-06-10,2742.59,64.78,60.95,7.53,3948.341,4336.180457539683,64.78,9.3262
2019-06-11,2751.75,64.5575,60.37,7.52,3897.336275,4329.449153968254,64.5575,9.3212
2019-06-13,2758.36,64.58,60.0,7.54,3874.8,4319.906677777777,64.58,9.3023
2019-06-14,2739.28,64.38,59.95,7.5,3859.581,4311.029898015873,64.38,9.287
2019-06-17,2734.31,64.32,60.5,7.49,3891.36,4304.494852777778,64.32,9.2758
2019-06-18,2761.69,64.02,62.13,7.44,3977.5626,4298.709133730158,64.02,9.2709
2019-06-19,2759.12,63.785,61.73,7.36,3937.44805,4291.401372619047,63.785,9.268
2019-06-20,2780.2,62.89,61.97,7.29,3897.2933,4284.8337067460325,62.89,9.179
2019-06-21,2761.23,63.025,63.0,7.37,3970.575,4279.244078174604,63.025,9.2
2019-06-24,2762.65,62.6,63.23,7.32,3958.198,4274.128300396826,62.6,9.11
2019-06-25,2753.96,62.835,63.04,7.33,3961.1184,4270.873578968253,62.835,9.1379
2019-06-26,2775.14,63.0725,64.18,7.36,4047.993050000001,4266.587436904762,63.0725,9.1454
2019-06-27,2779.66,63.0725,66.0,7.36,4162.785,4264.298483730159,63.0725,9.1799
2019-06-28,2765.85,63.24,64.34,7.35,4068.8616,4261.366604365079,63.24,9.21
2019-07-01,2801.47,62.96,66.55,7.31,4189.988,4259.215441666667,62.96,9.18
2019-07-02,2809.81,63.32,63.59,7.3,4026.5188,4253.228346031746,63.32,9.1852
2019-07-03,2823.95,63.32,62.65,7.3,3966.998,4245.975844047619,63.32,9.21
2019-07-04,2842.78,63.48,62.3,7.27,3954.804,4240.559177380952,63.48,9.2305
2019-07-05,2835.35,63.8025,62.34,7.3,3977.447850000001,4234.393698809525,63.8025,9.251
2019-07-08,2822.55,63.695,63.06,7.24,4016.6067,4227.592532142858,63.695,9.2427
2019-07-09,2822.66,63.915,63.01,7.25,4027.28415,4221.110142857143,63.915,9.2633
2019-07-10,2822.75,63.18,63.27,7.21,3997.3986,4213.653847619048,63.18,9.193
2019-07-11,2789.66,62.815,64.48,7.2,4050.3112,4207.733009523809,62.815,9.1466
2019-07-12,2777.58,62.9775,64.25,7.26,4046.304375,4201.2480075396825,62.9775,9.1501
2019-07-15,2756.44,62.67,64.67,7.25,4052.8689,4196.122117063493,62.67,9.1161
2019-07-16,2755.88,63.045,64.5,7.27,4066.4025,4189.512988492064,63.045,9.1538
2019-07-17,2713.17,62.935,63.59,7.25,4002.036650000001,4182.58924484127,62.935,9.1257
2019-07-18,2702.59,62.8075,61.2,7.25,3843.819,4172.7444289682535,62.8075,9.13
2019-07-19,2700.57,63.055,62.15,7.21,3918.86825,4164.281553571428,63.055,9.165
2019-07-22,2684.25,63.095,62.5,7.17,3943.4375,4156.0649662698415,63.095,9.172
2019-07-23,2701.06,63.16,61.61,7.14,3891.2876,4145.907309126985,63.16,9.18
2019-07-24,2682.91,63.2975,62.47,7.09,3954.194825,4136.563903571428,63.2975,9.2009
2019-07-25,2701.02,63.2375,63.15,7.04,3993.448125,4127.798459920636,63.2375,9.1946
2019-07-26,2715.68,63.3675,63.05,7.12,3995.320875,4118.402406349206,63.3675,9.218
2019-07-29,2728.27,63.4325,61.9,7.11,3926.47175,4109.364723809524,63.4325,9.2155
2019-07-30,2734.68,63.5075,62.78,7.12,3987.00085,4101.900671825397,63.5075,9.2182
2019-07-31,2739.5,63.625,61.91,7.1,3939.02375,4093.493971428572,63.625,9.1963
2019-08-01,2729.42,64.355,62.2,7.13,4002.881,4087.439503174604,64.355,9.2479
2019-08-02,2674.9,65.2725,61.13,7.27,3990.107925,4080.945359126984,65.2725,9.3525
2019-08-05,2649.16,65.53,59.12,7.17,3874.1336,4073.79536468254,65.53,9.2268
2019-08-06,2683.35,65.2725,58.55,7.14,3821.704875,4064.9177539682537,65.2725,9.25
2019-08-07,2674.98,65.3325,56.9,7.11,3717.41925,4054.720321428572,65.3325,9.2525
2019-08-08,2696.69,65.045,56.98,7.13,3706.2641,4043.8266960317465,65.045,9.195
2019-08-09,2679.71,65.2825,57.33,7.13,3742.645725,4033.5663996031744,65.2825,9.2
2019-08-12,2689.93,65.405,56.1,7.16,3669.2205,4022.455098015873,65.405,9.2339
2019-08-13,2680.12,64.93,59.0,7.16,3830.87,4013.153225,64.93,9.2609
2019-08-14,2637.04,66.015,58.87,7.17,3886.30305,4004.3618130952377,66.015,9.3839
2019-08-15,2625.58,66.0575,56.75,7.16,3748.763125,3992.631303968254,66.0575,9.37
2019-08-16,2615.2,66.52,57.05,7.15,3794.966,3982.352252380953,66.52,9.4301
2019-08-19,2648.09,66.89,59.5,7.16,3979.955,3974.797826984127,66.89,9.474
2019-08-20,2672.84,66.565,57.68,7.11,3839.4692,3966.762717460317,66.565,9.4
2019-08-21,2673.95,65.75,58.01,7.05,3814.1575,3960.6792555555553,65.75,9.3082
2019-08-22,2675.13,65.6,58.33,7.03,3826.448,3956.115093253968,65.6,9.2501
2019-08-23,2660.74,65.985,57.22,7.03,3775.6617,3948.846729761905,65.985,9.25
2019-08-26,2658.24,66.07,57.43,7.03,3794.4001,3941.5457138888887,66.07,9.2259
2019-08-27,2659.35,66.4425,56.97,7.02,3785.229225,3930.5536,66.4425,9.264
2019-08-28,2677.31,66.8,58.41,7.0,3901.788,3925.9098984126986,66.8,9.306
2019-08-29,2714.25,66.59,58.49,6.98,3894.8491,3921.534357142857,66.59,9.3097
2019-08-30,2740.04,66.79,58.51,6.89,3907.8829,3920.993415873016,66.79,9.3244
2019-09-02,2773.01,66.79,57.89,6.88,3866.4731000000006,3920.055852380952,66.79,9.282
2019-09-03,2774.2,66.7575,56.32,6.87,3759.7824,3919.509257142857,66.7575,9.31
2019-09-04,2793.36,66.2225,58.17,6.79,3852.162825,3918.441703571428,66.2225,9.255
2019-09-05,2807.06,66.215,58.7,6.79,3886.8205,3918.911971825397,66.215,9.285
2019-09-06,2797.55,65.73,58.73,6.8,3860.3229,3917.514859126984,65.73,9.253
2019-09-09,2786.63,65.55,59.15,6.8,3877.2825,3917.196545238095,65.55,9.2082
2019-09-10,2787.52,65.42,59.94,6.81,3921.2748,3917.934240476191,65.42,9.2
2019-09-11,2817.05,65.5,61.04,6.81,3998.12,3920.1332722222223,65.5,9.2142
2019-09-12,2799.99,64.7,57.75,6.77,3736.425,3917.673986507936,64.7,9.185
2019-09-13,2791.74,64.3375,58.59,6.78,3769.5341250000006,3914.3719472222224,64.3375,9.128
2019-09-16,2834.32,64.045,63.5,6.79,4066.8575,3916.426065476191,64.045,9.05
2019-09-17,2820.86,64.36,60.0,6.82,3861.6,3915.85950515873,64.36,9.095
2019-09-18,2818.6,64.15,59.19,6.82,3797.0385,3913.1049575396814,64.15,9.0849
2019-09-19,2794.77,64.005,58.36,6.78,3735.3318,3909.567398809524,64.005,9.01
2019-09-20,2796.41,64.01,61.59,6.78,3942.375900000001,3909.269898809524,64.01,8.99
2019-09-23,2785.46,63.835,59.65,6.78,3807.75775,3905.456640079365,63.835,8.9779
2019-09-24,2754.53,63.985,60.15,6.81,3848.69775,3900.471128174603,63.985,8.9999
2019-09-25,2760.29,64.145,58.85,6.79,3774.93325,3895.805598809524,64.145,9.0139
2019-09-26,2772.7,64.21,59.63,6.79,3828.8423,3890.073127380952,64.21,9.0079
2019-09-27,2757.98,64.6975,59.13,6.78,3825.5631750000007,3886.883355555556,64.6975,9.064
2019-09-30,2747.18,64.865,56.79,6.8,3683.68335,3882.386297619048,64.865,9.0939
2019-10-01,2758.83,65.265,58.39,6.81,3810.82335,3880.100890476191,65.265,9.1579
2019-10-02,2719.39,65.195,57.3,6.8,3735.6735,3876.263202380952,65.195,9.1499
2019-10-03,2707.47,65.1275,57.14,6.8,3721.38535,3871.577149206349,65.1275,9.138
2019-10-04,2692.55,64.615,57.0,6.72,3683.055,3866.1131944444446,64.615,9.0999
2019-10-07,2719.22,64.975,56.02,6.65,3639.8995,3860.438605555556,64.975,9.1001
2019-10-08,2707.89,65.2,56.5,6.66,3683.8,3854.620967460317,65.2,9.1
2019-10-09,2713.02,64.8875,55.1,6.63,3575.3012500000004,3847.144727380952,64.8875,9.09
2019-10-10,2721.51,64.4575,57.0,6.5,3674.0775,3841.13216547619,64.4575,9.0839
2019-10-11,2708.07,64.205,58.2,6.5,3736.731,3835.899284523809,64.205,9.0401
2019-10-14,2697.46,64.295,57.25,6.47,3680.88875,3830.801698809524,64.295,9.0861
2019-10-15,2715.26,64.275,57.65,6.47,3705.45375,3828.605425,64.275,9.0705
2019-10-16,2744.35,64.075,57.57,6.49,3688.79775,3824.953512301587,64.075,9.0265
2019-10-17,2748.64,64.115,57.17,6.47,3665.45455,3820.54108452381,64.115,9.0406
2019-10-18,2752.91,63.76,56.8,6.37,3621.568,3816.259821031746,63.76,9.018
2019-10-21,2761.15,63.73,55.76,6.32,3553.5848,3809.900931746032,63.73,9.0102
2019-10-22,2802.23,63.735,57.5,6.28,3664.7625,3804.6836996031743,63.735,9.0019
2019-10-23,2821.58,63.95,57.9,6.28,3702.705,3800.0390031746033,63.95,9.048
2019-10-24,2877.05,64.07,59.0,6.3,3780.13,3797.716118253968,64.07,9.0739
2019-10-25,2873.41,63.8525,58.88,6.21,3759.6352,3794.10713968254,63.8525,9.05
2019-10-28,2856.91,63.75,59.54,6.19,3795.675,3791.831762698413,63.75,9.0299
2019-10-29,2886.48,63.95,59.27,6.21,3790.3165,3788.457723015873,63.95,9.0321
2019-10-30,2911.15,63.835,58.26,6.23,3719.0271,3784.1548527777777,63.835,9.0681
2019-10-31,2893.98,64.13,57.04,6.24,3657.9752,3780.723767063492,64.13,9.1039
2019-11-01,2930.4,63.54,57.29,6.17,3640.2066,3777.842842063492,63.54,9.02
2019-11-05,2949.55,63.4925,59.7,6.16,3790.50225,3779.00288968254,63.4925,9.08
2019-11-06,2980.84,63.8725,59.75,6.16,3816.381875,3780.750790873016,63.8725,9.128
2019-11-07,3008.54,63.52,60.35,6.14,3833.432,3782.191842857143,63.52,9.14
2019-11-08,2973.19,63.8,58.0,6.16,3700.4,3782.686755555556,63.8,9.1339
2019-11-11,2961.46,63.89,60.0,6.22,3833.4,3782.726914285714,63.89,9.1111
2019-11-12,2951.16,64.23,59.52,6.26,3822.9696,3781.7216214285713,64.23,9.1625
2019-11-13,2933.89,64.35,58.59,6.32,3770.2665,3782.06294484127,64.35,9.1475
2019-11-14,2922.45,63.98,59.61,6.27,3813.8478,3782.362655952381,63.98,9.1238
2019-11-15,2934.82,63.7675,60.0,6.24,3826.05,3779.9197194444446,63.7675,9.105
2019-11-18,2924.48,63.8225,59.76,6.24,3814.0326,3779.5159638888895,63.8225,9.0842
2019-11-19,2941.69,63.82,58.5,6.2,3733.47,3778.235209920635,63.82,9.0818
2019-11-20,2936.47,63.89,57.5,6.2,3673.675,3775.810241666667,63.89,9.0739
2019-11-21,2942.6,63.72,59.69,6.19,3803.4468,3776.251275,63.72,9.06
2019-11-22,2947.68,63.87,60.05,6.17,3835.3935,3776.9019638888894,63.87,9.0666
2019-11-25,2955.32,63.94,59.63,6.2,3812.7422,3777.338677777777,63.94,9.1001
2019-11-26,2930.62,63.95,59.89,6.18,3829.9655,3776.198638095238,63.95,9.1339
2019-11-27,2929.05,63.96,60.35,6.19,3859.986,3775.645255555555,63.96,9.1141
2019-11-28,2927.57,64.07,60.3,6.22,3863.421,3774.939511111111,64.07,9.12
2019-11-29,2935.37,64.3175,59.9,6.22,3852.61825,3774.719592857143,64.3175,9.1441
2019-12-02,2921.18,64.175,58.83,6.24,3775.41525,3774.967733333333,64.175,9.1081
2019-12-03,2883.48,64.145,57.36,6.24,3679.3572,3772.224786904762,64.145,9.07
2019-12-04,2900.66,63.95,58.92,6.2,3767.934,3770.3376996031743,63.95,9.0641
2019-12-05,2899.29,63.7225,59.7,6.21,3804.23325,3769.447387698413,63.7225,9.055
2019-12-06,2928.76,63.755,60.21,6.19,3838.68855,3768.83478531746,63.755,9.05
2019-12-09,2945.03,63.59,59.0,6.19,3751.81,3766.144867857143,63.59,9.03
2019-12-10,2932.4,63.4925,59.41,6.2,3772.089425,3762.557080952381,63.4925,9.0378
2019-12-11,2954.4,63.27,59.32,6.21,3753.1764,3762.822976190476,63.27,9.008
2019-12-12,2982.86,62.8425,59.34,6.13,3729.07395,3762.180751190476,62.8425,9.045
2019-12-13,2996.63,62.8975,59.5,6.17,3742.40125,3757.030651984127,62.8975,8.9839
2019-12-16,3006.16,62.445,61.59,6.15,3845.98755,3756.782835317461,62.445,8.93
2019-12-17,3013.29,62.415,60.85,6.14,3797.95275,3756.797347222224,62.415,8.92
2019-12-18,3023.92,62.665,61.32,6.12,3842.6178,3758.5002996031744,62.665,8.9421
2019-12-19,3008.39,62.405,61.45,6.16,3834.78725,3756.7925432539687,62.405,8.916
2019-12-20,3015.93,62.2525,62.19,6.16,3871.482975,3757.804054761905,62.2525,8.89
2019-12-23,3033.81,62.265,61.16,6.14,3808.1274,3757.160080952381,62.265,8.8839
2019-12-24,3030.59,61.9675,61.86,6.11,3833.30955,3758.086688888889,61.9675,8.85
2019-12-25,3030.84,61.85,62.68,6.1,3876.758,3758.847255555556,61.85,8.8101
2019-12-26,3031.67,62.215,62.2,6.05,3869.7730000000006,3759.548998809524,62.215,8.9
2019-12-27,3050.47,62.0325,63.25,6.17,3923.555625,3763.3564952380952,62.0325,8.8722
2019-12-30,3045.87,61.985,62.5,6.1,3874.0625,3764.360291269841,61.985,8.868
2020-01-03,3076.37,62.1,63.77,6.04,3960.117,3767.922886507936,62.1,8.884
2020-01-06,3078.87,61.82,65.27,6.07,4034.9914,3772.90076031746,61.82,8.868
2020-01-08,3110.06,61.2475,64.2,6.06,3932.089500000001,3776.853688888889,61.2475,8.8761
2020-01-09,3118.08,61.2925,61.22,6.02,3752.32685,3778.63825,61.2925,8.8586
2020-01-10,3123.66,61.06,60.99,5.9,3724.0494,3779.27712936508,61.06,8.844
2020-01-13,3151.69,61.2725,60.6,5.84,3713.1135,3781.464625396825,61.2725,8.8901
2020-01-14,3129.77,61.445,60.6,5.89,3723.567,3782.250173015873,61.445,8.9242
2020-01-15,3132.63,61.4175,60.5,5.93,3715.75875,3781.91728015873,61.4175,8.9259
2020-01-16,3157.23,61.6625,61.0,5.91,3761.4125,3783.195434920635,61.6625,8.9719
2020-01-17,3196.88,61.555,61.49,5.88,3785.01695,3784.458342857143,61.555,8.9621
2020-01-20,3219.92,61.5475,61.79,5.88,3803.020025,3786.2713948412697,61.5475,8.9759
2020-01-21,3209.22,61.8825,60.38,5.89,3736.46535,3787.398550396825,61.8825,8.94
2020-01-22,3174.62,61.8425,59.72,5.89,3693.2341,3788.536107539682,61.8425,8.9537
2020-01-23,3141.2,61.905,59.3,5.86,3670.9665,3790.399309126984,61.905,8.9416
2020-01-24,3146.2,62.07,58.5,5.85,3631.095,3789.864904365079,62.07,8.968
2020-01-27,3085.16,62.97,56.19,5.91,3538.2843,3787.255051984127,62.97,9.012
2020-01-28,3113.1,62.2925,57.15,5.9,3560.016375,3783.761184920635,62.2925,8.9461
2020-01-29,3128.8,62.54,56.74,5.89,3548.5196,3780.410143650794,62.54,8.99
2020-01-30,3108.58,63.26,56.44,5.92,3570.3944,3776.834261111111,63.26,9.078
2020-01-31,3076.65,63.915,56.3,5.95,3598.4145,3773.788197619048,63.915,9.118
2020-02-03,3070.84,63.725,56.0,5.96,3568.6,3771.400465873016,63.725,9.0659
2020-02-04,3097.6,63.105,55.04,5.91,3473.2992,3768.469100793651,63.105,8.9921
2020-02-05,3114.25,62.87,56.22,5.89,3534.5514,3766.7920341269846,62.87,9.028
2020-02-06,3096.68,63.355,56.6,5.9,3585.893,3763.544268253968,63.355,9.0641
2020-02-07,3087.63,64.125,56.36,5.86,3614.085,3760.333206746032,64.125,9.1275
2020-02-10,3062.41,64.13,55.64,5.83,3568.1932,3756.123067063492,64.13,9.186
2020-02-11,3097.58,63.3725,56.92,5.83,3607.1627,3754.643109920635,63.3725,9.0875
2020-02-12,3122.27,63.2125,57.46,5.77,3632.19025,3751.44930436508,63.2125,9.0599
2020-02-13,3110.05,63.6325,56.99,5.76,3626.416175,3748.3294087301583,63.6325,9.08
2020-02-14,3096.88,63.5625,59.06,5.71,3754.00125,3748.07123015873,63.5625,9.094
2020-02-17,3110.06,63.4675,58.11,5.72,3688.096425,3746.075176587302,63.4675,9.0801
2020-02-18,3074.05,63.81,57.2,5.73,3649.932,3743.279652777777,63.81,9.13
2020-02-19,3114.57,63.575,58.19,5.67,3699.42925,3741.460551984127,63.575,9.06
2020-02-20,3125.1,64.2,58.6,5.65,3762.12,3741.915313888889,64.2,9.1205
2020-02-21,3106.03,64.0725,59.0,5.69,3780.2775,3743.607417063492,64.0725,9.1059
2020-02-25,3002.68,65.385,58.11,5.76,3799.52235,3743.545124206349,65.385,9.2901
2020-02-26,3017.42,65.47,56.55,5.75,3702.3285,3741.4329813492063,65.47,9.31
2020-02-27,2915.84,66.015,53.5,5.92,3531.8025,3736.973621031746,66.015,9.401
2020-02-28,2785.08,66.8775,51.03,6.11,3412.758825,3730.351292857143,66.8775,9.578
2020-03-02,2765.77,66.4425,55.52,6.07,3688.8876,3727.635445238096,66.4425,9.5572
2020-03-03,2821.37,66.04,53.54,5.85,3535.7816000000003,3722.43481984127,66.04,9.486
2020-03-04,2828.01,66.26,55.55,5.74,3680.743,3719.7066412698414,66.26,9.574
2020-03-05,2816.7,67.62,51.65,5.87,3492.5730000000003,3715.217081746032,67.62,9.733
2020-03-06,2719.51,68.5725,51.19,6.15,3510.226275,3712.5324638888887,68.5725,9.8262
2020-03-10,2498.94,71.4,39.12,6.69,2793.168,3697.059987698413,71.4,10.278
2020-03-11,2492.88,72.95,41.2,6.92,3005.5400000000004,3684.382317063492,72.95,10.438
2020-03-12,2286.4,74.85,42.72,7.73,3197.592,3674.2061813492064,74.85,10.6059
2020-03-13,2316.38,72.5975,42.75,7.49,3103.543125,3663.916230952381,72.5975,10.3
2020-03-16,2266.9,74.6525,39.57,7.74,2953.999425,3650.930675396825,74.6525,10.668
2020-03-17,2224.74,75.4425,39.11,7.74,2950.556175,3638.1906718253967,75.4425,10.732
2020-03-18,2112.64,80.87,35.4,8.19,2862.798,3624.440259920635,80.87,11.53
2020-03-19,2275.7,79.125,37.0,7.88,2927.625,3611.507303571429,79.125,11.0699
2020-03-20,2331.61,79.9325,36.75,7.42,2937.5193750000003,3597.087173809524,79.9325,11.192
2020-03-23,2253.35,79.6,38.0,7.35,3024.8,3584.814907936508,79.6,11.168
2020-03-24,2415.97,78.28,38.98,6.92,3051.3544,3572.255171428572,78.28,11.057
2020-03-25,2452.69,78.25,38.0,6.91,2973.5,3558.583945238095,78.25,10.962
2020-03-26,2489.97,77.4675,38.69,6.87,2997.217575,3544.7067166666666,77.4675,10.98
2020-03-27,2401.11,78.82,38.7,6.83,3050.334,3532.67825,78.82,11.136
2020-03-30,2433.35,79.32,37.0,6.83,2934.84,3518.4168285714286,79.32,11.158
2020-03-31,2508.81,78.3725,40.51,6.61,3174.869975,3507.275748809524,78.3725,11.053
2020-04-01,2473.61,78.79,37.98,6.67,2992.4442,3493.34989484127,78.79,11.07
2020-04-02,2545.95,77.25,39.99,6.69,3089.2275,3480.1065912698414,77.25,10.889
2020-04-03,2572.23,76.4925,38.36,6.64,2934.2523,3465.188969047619,76.4925,10.75
2020-04-06,2622.59,76.02,38.45,6.54,2922.969,3448.726302380953,76.02,10.715
2020-04-07,2634.74,75.54,39.4,6.53,2976.2760000000003,3431.921296031746,75.54,10.723
2020-04-08,2670.12,74.9725,39.25,6.54,2942.670625,3416.2162345238094,74.9725,10.6
2020-04-09,2701.77,74.3,40.57,6.49,3014.351,3404.5023321428566,74.3,10.554
2020-04-10,2677.86,73.75,39.65,6.45,2924.1875,3391.8061115079363,73.75,10.4925
2020-04-13,2628.85,73.61,40.41,6.46,2974.5801,3380.0833591269843,73.61,10.428
2020-04-14,2631.83,73.0025,41.42,6.44,3023.76355,3368.975367857144,73.0025,10.383
2020-04-15,2498.94,74.8125,38.55,6.51,2884.021875,3355.773195238095,74.8125,10.58
2020-04-16,2515.05,74.15,38.88,6.37,2882.952,3341.829377777778,74.15,10.468
2020-04-17,2534.97,73.99,39.0,5.97,2885.61,3327.553076984127,73.99,10.435
2020-04-20,2525.97,75.55,40.28,5.83,3043.154,3315.4917115079365,75.55,10.65
2020-04-21,2488.02,77.08,37.72,5.99,2907.4576,3302.332858333333,77.08,10.888
2020-04-22,2573.41,75.9025,37.12,5.86,2817.5008,3288.432329761905,75.9025,10.682
2020-04-23,2599.41,74.77,37.5,5.75,2803.875,3274.668972619048,74.77,10.555
2020-04-24,2562.03,74.545,35.17,5.66,2621.74765,3258.647586111112,74.545,10.529
2020-04-27,2570.91,74.495,36.5,5.69,2719.0675,3245.6441448412697,74.495,10.54
2020-04-28,2612.24,74.1425,33.99,5.67,2520.103575,3229.1375924603176,74.1425,10.475
2020-04-29,2663.14,73.01,36.9,5.66,2694.069,3215.574884523809,73.01,10.339
2020-04-30,2650.56,74.395,37.15,5.68,2763.77425,3202.7713900793656,74.395,10.478
2020-05-04,2624.64,74.845,35.84,5.67,2682.4448,3188.2321884920634,74.845,10.5119
2020-05-05,2653.51,73.75,36.45,5.64,2688.1875,3174.257386904762,73.75,10.396
2020-05-06,2632.1,74.58,35.65,5.66,2658.777,3161.3284630952385,74.58,10.45
2020-05-07,2634.0,74.1,37.0,5.63,2741.7,3148.7435202380952,74.1,10.4479
2020-05-08,2641.55,73.4,38.4,5.43,2818.56,3136.5636313492064,73.4,10.362
2020-05-12,2642.04,73.71,35.81,5.34,2639.5551,3121.094902777778,73.71,10.379
2020-05-13,2604.98,73.94,36.5,5.31,2698.81,3107.295169444444,73.94,10.419
2020-05-14,2590.31,73.48,34.9,5.19,2564.452,3090.744205952381,73.48,10.3519
2020-05-15,2593.91,73.58,36.06,5.02,2653.2948,3075.206182936508,73.58,10.312
2020-05-18,2694.25,72.6775,40.0,4.95,2907.1,3063.7884658730163,72.6775,10.22
2020-05-19,2711.72,72.465,38.3,4.96,2775.4095,3048.2552634920635,72.465,10.19
2020-05-20,2770.79,71.09,38.83,4.95,2760.4247,3033.53031547619,71.09,10.02
2020-05-21,2718.67,70.9675,38.69,4.95,2745.732575,3019.1779436507936,70.9675,9.959
2020-05-22,2709.38,71.64,38.3,4.99,2743.812,3004.009415873016,71.64,10.025
2020-05-25,2757.93,71.65,39.84,4.97,2854.5360000000005,2989.6033206349207,71.65,10.0355
2020-05-26,2754.04,70.78,39.31,5.01,2782.3618,2973.763388888889,70.78,9.9021
2020-05-27,2741.02,71.01,38.3,5.07,2719.683,2956.623081746032,71.01,9.89
2020-05-28,2779.98,70.485,38.84,5.06,2737.6374,2941.3105246031746,70.485,9.842
2020-05-29,2734.83,70.1425,39.34,5.09,2759.4059500000003,2929.0502619047616,70.1425,9.8551
2020-06-01,2750.24,69.12,40.25,5.07,2782.0800000000004,2919.0394869047623,69.12,9.7069
2020-06-02,2796.51,68.73,41.75,5.05,2869.4775,2906.032977380952,68.73,9.6632
2020-06-03,2831.08,68.665,41.55,5.11,2853.03075,2895.195662301587,68.665,9.636
2020-06-04,2766.26,69.1525,43.0,5.16,2973.5575000000003,2883.970495634921,69.1525,9.7281
2020-06-05,2792.74,68.7,43.34,5.29,2977.4580000000005,2875.794067063492,68.7,9.72
2020-06-08,2796.3,68.2,45.0,5.36,3069.0,2868.790475396825,68.2,9.6783
2020-06-09,2795.9,68.585,43.5,5.24,2983.4475,2871.810784920636,68.585,9.6926
2020-06-10,2785.18,68.5,44.0,5.15,3014.0,2871.9450706349207,68.5,9.7249
2020-06-11,2743.8,70.2,41.3,5.16,2899.26,2867.209642063492,70.2,9.906
2020-06-15,2719.06,69.5775,41.77,5.11,2906.252175,2864.0780396825394,69.5775,9.854
2020-06-16,2748.3,69.6175,42.4,5.09,2951.782,2864.042842460318,69.6175,9.8329
2020-06-17,2740.1,69.74,43.1,5.0,3005.794,2864.9196333333334,69.74,9.876
2020-06-18,2724.33,69.8625,43.0,5.02,3004.0875,2867.1623238095235,69.8625,9.8621
2020-06-19,2758.67,69.4375,43.4,4.96,3013.5875,2868.526807936508,69.4375,9.804
2020-06-22,2763.29,69.02,43.95,5.06,3033.429,2870.0491829365083,69.02,9.78
2020-06-23,2791.97,68.8625,44.1,5.06,3036.83625,2870.2402345238097,68.8625,9.758
2020-06-25,2760.75,69.02,42.34,5.13,2922.3068000000003,2868.1918599206347,69.02,9.764
2020-06-26,2761.74,69.8,41.72,5.08,2912.056,2867.216558333333,69.8,9.8436
2020-06-29,2767.95,69.99,44.0,5.13,3079.56,2868.523580952381,69.99,9.8958
2020-06-30,2743.2,71.2775,45.0,5.27,3207.4875,2871.018080952381,71.2775,10.0849
2020-07-02,2788.79,70.5525,44.0,5.24,3104.31,2873.708080952381,70.5525,9.9899
2020-07-03,2801.66,71.37,44.5,5.37,3175.965,2873.725462301587,71.37,10.0941
2020-07-06,2835.18,71.8275,44.3,5.34,3181.95825,2876.7336218253968,71.8275,10.25
2020-07-07,2825.21,71.4725,44.48,5.26,3179.0968,2878.1601186507937,71.4725,10.1841
2020-07-08,2815.83,71.11,45.0,5.2,3199.95,2882.3775424603173,71.11,10.1809
2020-07-09,2782.43,70.915,44.31,5.18,3142.2436500000003,2885.858092460317,70.915,10.1281
2020-07-10,2800.94,70.7275,44.34,5.19,3136.0573500000005,2888.39430436508,70.7275,10.09
2020-07-13,2766.79,70.97,44.47,5.13,3156.0359,2891.7810547619047,70.97,10.131
2020-07-14,2744.54,70.865,44.65,5.12,3164.12225,2894.158376190476,70.865,10.11
2020-07-15,2747.91,70.99,44.7,5.14,3173.253,2898.111796825397,70.99,10.1595
2020-07-16,2760.01,71.53,46.2,5.14,3304.686,2903.351573015873,71.53,10.233
2020-07-17,2774.79,71.8725,44.55,5.12,3201.919875,2906.179451190477,71.8725,10.2867
2020-07-20,2802.24,71.3325,45.93,5.08,3276.301725,2912.4061154761907,71.3325,10.2091
2020-07-21,2825.71,70.705,46.01,5.05,3253.13705,2918.282068650793,70.705,10.1433
2020-07-22,2834.65,71.0575,45.77,5.08,3252.3017750000004,2924.102573015873,71.0575,10.129
2020-07-23,2851.79,71.47,46.97,5.08,3356.9459,2929.0833968253964,71.47,10.1979
2020-07-24,2863.12,71.735,45.94,5.09,3295.5059,2935.242893650794,71.735,10.2099
2020-07-27,2884.88,71.5725,46.55,5.12,3331.699875,2943.4047837301587,71.5725,10.233
2020-07-28,2895.45,72.59,46.79,5.15,3396.4861,2952.8113091269843,72.59,10.358
2020-07-29,2918.42,72.57,47.9,5.17,3476.103,2966.3725051587303,72.57,10.3859
2020-07-30,2882.63,73.17,44.5,5.26,3256.065,2974.896275,73.17,10.457
2020-07-31,2911.57,74.42,45.4,5.26,3378.668,2988.524281746032,74.42,10.638
2020-08-03,2929.97,73.1125,46.7,5.18,3414.35375,2999.957373015873,73.1125,10.475
2020-08-04,2940.46,73.56,47.11,5.17,3465.4116,3011.094473809524,73.56,10.556
2020-08-05,2992.78,72.88,47.85,5.17,3487.308,3023.87008015873,72.88,10.5043
2020-08-06,2988.5,73.2825,47.66,5.21,3492.64395,3036.6392301587302,73.2825,10.5501
2020-08-07,2972.35,73.7275,47.15,5.2,3476.2516250000003,3049.615017857143,73.7275,10.588
2020-08-10,2960.78,73.4725,47.12,5.21,3462.0242,3061.0487353174603,73.4725,10.5461
2020-08-11,3005.63,73.11,48.9,5.2,3575.079,3073.0569734126984,73.11,10.5405
2020-08-12,3053.99,73.7125,49.0,5.22,3611.9125,3088.491217857143,73.7125,10.616
2020-08-13,3080.44,72.9425,49.3,5.25,3596.06525,3102.73336468254,72.9425,10.492
2020-08-14,3061.99,72.875,48.75,5.31,3552.65625,3118.419146428572,72.875,10.49
2020-08-17,3052.46,73.735,47.8,5.52,3524.533,3132.248324206349,73.735,10.638
2020-08-18,3050.7,73.16,48.75,5.4,3566.55,3142.7157845238094,73.16,10.5999
2020-08-19,3056.54,73.3025,48.0,5.36,3518.5199999999995,3154.5111892857144,73.3025,10.59
2020-08-20,2993.69,73.79,48.4,5.41,3571.436,3167.38438452381,73.79,10.692
2020-08-21,2995.61,74.8,47.0,5.46,3515.6,3179.6045023809525,74.8,10.8089
2020-08-24,3029.42,74.6675,47.9,5.43,3576.57325,3192.822934920635,74.6675,10.7939
2020-08-25,3029.05,75.3275,48.79,5.44,3675.228725,3205.8498035714283,75.3275,10.908
2020-08-26,3051.97,75.3775,49.68,5.46,3744.7542,3221.125873412698,75.3775,10.963
2020-08-27,3012.01,74.965,47.55,5.44,3564.58575,3234.537028174603,74.965,10.868
2020-08-28,2980.17,74.0125,48.2,5.38,3567.4025,3247.7079027777777,74.0125,10.7989
2020-08-31,2966.2,74.075,47.95,5.37,3551.89625,3260.287113888889,74.075,10.8041
2020-09-01,2975.0,73.5775,48.78,5.33,3589.11045,3273.097121031746,73.5775,10.77
2020-09-02,2956.5,75.41,48.75,5.48,3676.2375,3285.9028353174604,75.41,11.029
2020-09-03,2931.92,75.28,47.5,5.49,3575.8,3297.375363095238,75.28,11.001
2020-09-04,2921.55,75.4325,46.0,5.43,3469.8950000000004,3305.253736111112,75.4325,11.029
2020-09-07,2932.29,75.77,45.8,5.47,3470.266,3313.0760853174606,75.77,11.092
2020-09-08,2888.79,76.28,45.0,5.54,3432.6,3318.8475138888884,76.28,11.144
2020-09-09,2876.07,75.325,43.96,5.5,3311.2870000000003,3324.05131547619,75.325,11.0349
2020-09-10,2897.55,75.2525,45.79,5.46,3445.811975,3330.905473809524,75.2525,11.0
2020-09-11,2910.51,75.05,45.79,5.5,3436.5395,3339.43371984127,75.05,10.9761
2020-09-14,2928.38,75.2725,45.79,5.51,3446.727775,3348.012697619048,75.2725,11.0431
2020-09-15,2980.58,74.99,45.1,5.51,3382.049,3354.8423325396825,74.99,11.07
2020-09-16,2975.01,74.97,45.34,5.49,3399.1398000000004,3361.085916666667,74.97,11.125
2020-09-17,2971.74,75.17,46.22,5.5,3474.3574,3368.550518253968,75.17,11.131
2020-09-18,2951.79,75.745,45.98,5.53,3482.7551,3375.9976230158727,75.745,11.164
2020-09-21,2863.67,76.13,44.35,5.58,3376.3655,3381.441059523809,76.13,11.2
2020-09-22,2884.66,76.1075,44.91,5.58,3417.987825,3387.4910845238096,76.1075,11.218
2020-09-23,2916.39,77.0825,44.5,5.6,3430.17125,3395.552425,77.0825,11.283
2020-09-24,2912.76,77.14,45.34,5.62,3497.5276000000003,3404.8456249999995,77.14,11.298
2020-09-25,2896.83,78.2075,44.81,5.63,3504.478075,3411.5903563492066,78.2075,11.465
2020-09-28,2927.17,79.08,45.09,5.65,3565.7172,3417.276542063492,79.08,11.614
2020-09-29,2910.12,79.0775,45.0,5.62,3558.4875,3424.485708730159,79.0775,11.6219
2020-09-30,2905.81,77.63,44.28,5.6,3437.4564,3428.636365873016,77.63,11.4625
2020-10-01,2889.8,77.365,43.7,5.54,3380.8505,3431.793385714286,77.365,11.48
2020-10-02,2852.42,78.2025,42.45,5.54,3319.6961250000004,3434.025121031746,78.2025,11.594
2020-10-05,2881.98,78.105,44.1,5.53,3444.4305000000004,3437.905763888889,78.105,11.64
2020-10-06,2892.99,78.465,45.84,5.49,3596.8356000000003,3445.1215091269846,78.465,11.63
2020-10-07,2842.58,78.0225,44.63,5.45,3482.144175,3450.6149507936507,78.0225,11.601
2020-10-08,2846.39,77.3575,45.34,5.38,3507.38905,3456.191984920635,77.3575,11.477
2020-10-09,2834.09,76.7675,45.84,5.39,3519.0222000000003,3461.8253174603174,76.7675,11.489
2020-10-12,2846.14,77.105,44.81,5.39,3455.0750500000004,3466.298683333333,77.105,11.437
2020-10-13,2829.23,77.05,44.6,5.36,3436.43,3468.389857936508,77.05,11.434
2020-10-14,2856.08,77.64,45.0,5.37,3493.8,3473.0228757936507,77.64,11.575
2020-10-15,2817.29,78.075,44.31,5.41,3459.50325,3475.9308365079364,78.075,11.64
2020-10-16,2799.54,77.9375,44.79,5.38,3490.820625,3479.703591666667,77.9375,11.645
2020-10-19,2794.27,77.665,44.79,5.37,3478.61535,3483.295870634921,77.665,11.633
2020-10-20,2803.06,77.34,46.04,5.37,3560.7336,3486.5305960317464,77.34,11.62
2020-10-21,2786.23,76.725,44.35,5.35,3402.75375,3488.2329428571425,76.725,11.561
2020-10-22,2803.17,76.5825,45.0,5.39,3446.2125,3490.050603571429,76.5825,11.486
2020-10-23,2816.7,76.125,44.82,5.36,3411.9225,3490.2956257936507,76.125,11.425
2020-10-26,2785.59,76.38,43.77,5.37,3343.1526,3488.185301984127,76.38,11.428
2020-10-27,2763.03,77.31,45.88,5.4,3546.9828,3492.80304484127,77.31,11.522
2020-10-28,2693.46,79.23,42.52,5.46,3368.8596,3492.647355952381,79.23,11.786
2020-10-29,2709.04,78.875,40.75,5.5,3214.15625,3489.4696178571426,78.875,11.769
2020-10-30,2690.59,79.53,42.2,5.54,3356.166,3487.735560714286,79.53,11.88
2020-11-02,2737.54,80.55,41.8,5.64,3366.99,3485.825751190476,80.55,12.043
2020-11-03,2786.42,79.345,42.93,5.61,3406.28085,3484.454908333333,79.345,11.868
2020-11-05,2861.39,77.0,44.0,5.37,3388.0,3483.0540888888886,77.0,11.666
2020-11-06,2895.62,77.41,42.92,5.33,3322.4372,3480.838422222222,77.41,11.744
2020-11-09,2987.75,76.28,44.9,5.28,3424.972,3478.455771428572,76.28,11.539
2020-11-10,2998.61,76.55,44.8,5.32,3429.44,3475.5593825396822,76.55,11.605
2020-11-11,3015.03,77.1325,46.2,5.29,3563.5215,3475.042815079365,77.1325,11.652
2020-11-12,3025.83,77.37,46.02,5.28,3560.5674000000004,3475.168388888889,77.37,11.704
2020-11-13,3025.22,77.3875,45.5,5.26,3521.13125,3475.114392857143,77.3875,11.725
2020-11-16,3079.74,76.16,45.77,5.25,3485.8432000000003,3473.8333325396825,76.16,11.604
2020-11-17,3052.22,76.22,45.0,5.26,3429.9,3472.426665873016,76.22,11.658
2020-11-18,3080.68,76.06,46.24,5.26,3517.0144000000005,3471.562830952381,76.06,11.58
2020-11-19,3046.49,76.05,46.5,5.29,3536.325,3471.891799206349,76.05,11.588
2020-11-20,3051.04,76.2,45.83,5.28,3492.246,3470.5532714285714,76.2,11.635
2020-11-23,3047.06,76.175,47.4,5.26,3610.695,3469.528926587302,76.175,11.583
2020-11-24,3095.84,75.48,47.44,5.27,3580.7712,3466.926021825397,75.48,11.476
2020-11-25,3134.52,75.5625,47.98,5.29,3625.48875,3467.892736111111,75.5625,11.52
2020-11-26,3138.62,75.715,48.26,5.31,3654.0059,3469.2673932539683,75.715,11.526
2020-11-27,3142.68,75.8525,48.4,5.32,3671.261,3471.1620718253967,75.8525,11.55
2020-11-30,3107.58,76.39,47.69,5.34,3643.0391,3472.018082142857,76.39,11.6029
2020-12-01,3147.79,75.8475,47.7,5.35,3617.92575,3471.092498809524,75.8475,11.587
2020-12-02,3189.61,75.07,47.88,5.34,3594.3516,3471.3869686507937,75.07,11.482
2020-12-03,3162.67,74.45,48.16,5.35,3585.512,3473.222159126984,74.45,11.392
2020-12-04,3184.72,74.05,48.69,5.32,3605.4945,3475.368643253968,74.05,11.3716
2020-12-07,3195.08,73.64,48.32,5.32,3558.2848,3477.3636400793653,73.64,11.2972
2020-12-08,3179.61,73.505,48.77,5.29,3584.83885,3481.705732936508,73.505,11.279
2020-12-09,3211.66,73.86,49.64,5.31,3666.4104,3485.2072952380954,73.86,11.3142
2020-12-10,3258.31,73.0475,50.0,5.34,3652.375,3488.6332555555555,73.0475,11.166
2020-12-11,3276.58,72.945,49.7,5.33,3625.3665,3491.468790873016,72.945,11.15
2020-12-14,3254.83,73.87,49.41,5.34,3649.9167,3495.720659126984,73.87,11.3089
2020-12-15,3248.11,73.3925,50.19,5.35,3683.569575,3500.2354174603174,73.3925,11.2658
2020-12-16,3269.95,73.3475,50.7,5.36,3718.71825,3504.114161111112,73.3475,11.2587
2020-12-17,3282.67,72.8325,51.0,5.33,3714.4575,3507.791976984127,72.8325,11.196
2020-12-18,3273.75,73.3475,51.69,5.39,3791.332275,3514.378751190476,73.3475,11.2517
2020-12-21,3186.38,74.8,50.8,5.45,3799.84,3520.4398968253968,74.8,11.422
2020-12-22,3236.46,75.91,51.0,5.47,3871.41,3527.4436865079365,75.91,11.6046
2020-12-23,3252.1,75.08,50.9,5.51,3821.572,3532.5872484126985,75.08,11.508
2020-12-24,3236.88,73.895,50.8,5.54,3753.866,3536.5457869047614,73.895,11.333
2020-12-25,3246.35,74.17,51.13,5.51,3792.3121,3540.1425313492064,74.17,11.393
2020-12-28,3258.95,73.77,51.34,5.49,3787.3518,3543.775298015873,73.77,11.2956
2020-12-29,3274.67,74.0375,51.02,5.46,3777.39325,3549.1711210317458,74.0375,11.372
2020-12-30,3289.02,74.415,51.02,5.47,3796.6533,3555.77116547619,74.415,11.448
2021-01-04,3350.51,74.33,50.5,5.44,3753.665,3562.6595603174605,74.33,11.502
2021-01-05,3359.15,74.04,50.9,5.38,3768.636,3567.8056793650794,74.04,11.51
2021-01-06,3371.03,73.9225,52.59,5.4,3887.584275,3572.4207376984127,73.9225,11.464
2021-01-08,3454.82,74.155,53.68,5.45,3980.6404,3580.3333761904764,74.155,11.468
2021-01-11,3482.48,74.66,53.6,5.52,4001.776,3588.180788095238,74.66,11.53
2021-01-12,3471.65,73.54,54.12,5.53,3979.9848,3595.497654761905,73.54,11.41
2021-01-13,3470.26,73.7475,54.8,5.58,4041.363,3604.803812698413,73.7475,11.394
2021-01-14,3490.85,73.21,54.49,5.58,3989.2129,3613.578144444444,73.21,11.335
2021-01-15,3450.95,73.645,54.13,5.67,3986.40385,3621.397253174603,73.645,11.347
2021-01-18,3471.92,73.995,54.0,5.69,3995.730000000001,3629.908788888889,73.995,11.3915
2021-01-19,3443.23,73.68,54.2,5.64,3993.4560000000006,3637.8871281746033,73.68,11.374
2021-01-20,3466.8,73.52,54.8,5.67,4028.896,3646.6217416666655,73.52,11.381
2021-01-21,3422.67,73.845,54.2,5.71,4002.399,3653.632303571428,73.845,11.4235
2021-01-22,3382.92,75.3,53.5,5.81,4028.55,3663.5655773809526,75.3,11.581
2021-01-25,3397.48,75.3675,54.68,5.82,4121.0949,3674.277996428571,75.3675,11.6205
2021-01-26,3390.76,75.085,54.0,5.76,4054.59,3684.479067857143,75.085,11.605
2021-01-27,3343.62,75.85,53.12,5.81,4029.152,3695.367947222224,75.85,11.683
2021-01-28,3342.01,75.9575,53.7,5.79,4078.91775,3703.811359126984,75.9575,11.749
2021-01-29,3277.08,75.755,53.47,5.78,4050.61985,3714.6329503968254,75.755,11.75
2021-02-01,3291.14,76.1475,53.89,5.77,4103.588774999999,3728.750926984127,76.1475,11.762
2021-02-02,3360.25,76.225,54.57,5.78,4159.59825,3741.5038198412703,76.225,11.812
2021-02-03,3343.46,75.9275,55.0,5.82,4176.0125,3754.3454468253967,75.9275,11.75
2021-02-04,3372.0,75.505,56.69,5.78,4280.378449999999,3768.2200119047616,75.505,11.675
2021-02-05,3392.73,74.645,56.18,5.7,4193.5561,3781.006616666667,74.645,11.568
2021-02-08,3445.9,74.3,57.7,5.71,4287.11,3796.318883333333,74.3,11.53
2021-02-09,3426.86,73.8875,57.97,5.78,4283.258375,3809.942476587301,73.8875,11.5161
2021-02-10,3399.66,73.945,57.96,5.81,4285.852199999999,3823.536321031746,73.945,11.51
2021-02-11,3414.32,73.605,58.0,5.88,4269.09,3834.735821031746,73.605,11.478
2021-02-12,3427.08,73.7175,57.9,5.99,4268.24325,3845.968771031746,73.7175,11.488
2021-02-15,3481.9,73.325,58.89,6.08,4318.10925,3858.61921547619,73.325,11.4621
2021-02-16,3495.26,73.64,58.25,6.16,4289.53,3871.376148809524,73.64,11.458
2021-02-17,3436.8,73.71,59.5,6.22,4385.745,3886.5482916666665,73.71,11.451
2021-02-18,3400.17,73.91,59.9,6.13,4427.209,3900.995825,73.91,11.434
2021-02-19,3457.68,74.125,58.95,6.21,4369.66875,3914.223503571429,74.125,11.467
2021-02-20,3446.32,74.08,58.3,6.18,4318.864,3927.344424206349,74.08,11.4701
2021-02-22,3433.93,74.3,59.5,6.22,4420.849999999999,3940.204027380952,74.3,11.4861
2021-02-24,3385.48,73.54,62.0,6.2,4559.4800000000005,3955.739087698412,73.54,11.405
2021-02-25,3409.76,74.75,62.79,6.32,4693.5525,3972.692480555556,74.75,11.517
2021-02-26,3346.64,74.63,60.2,6.4,4492.726,3986.005498015873,74.63,11.506
2021-03-01,3386.16,74.165,60.19,6.36,4463.99135,3998.588519444445,74.165,11.47
2021-03-02,3410.1,73.81,59.86,6.35,4418.2666,4010.893717857143,73.81,11.3945
2021-03-03,3416.04,73.97,60.01,6.26,4438.9397,4023.92568531746,73.97,11.435
2021-03-04,3397.56,74.7,61.47,6.25,4591.809,4039.7583424603176,74.7,11.508
2021-03-05,3414.13,74.2025,63.27,6.32,4694.7921750000005,4057.365964285714,74.2025,11.387
2021-03-09,3478.72,73.915,63.52,6.34,4695.080800000001,4074.6609849206334,73.915,11.348
2021-03-10,3463.06,73.6025,64.3,6.42,4732.6407500000005,4093.3015555555553,73.6025,11.338
2021-03-11,3508.51,73.3,63.3,6.46,4639.889999999999,4110.048399206349,73.3,11.323
2021-03-12,3539.5,73.33,64.98,6.49,4764.9834,4127.486065873016,73.33,11.2904
2021-03-15,3584.49,72.805,64.1,6.54,4666.8005,4143.588057936508,72.805,11.22
2021-03-16,3589.83,72.85,62.46,6.53,4550.210999999999,4158.268129365079,72.85,11.2125
2021-03-17,3507.91,73.64,64.59,6.6,4756.4076000000005,4175.831476984127,73.64,11.364
2021-03-18,3504.85,74.3025,62.5,6.66,4643.90625,4191.074916269841,74.3025,11.4315
2021-03-19,3475.26,74.115,61.37,6.75,4548.43755,4204.245063888889,74.115,11.4005
2021-03-22,3489.07,74.94,62.4,6.79,4676.255999999999,4219.511706746031,74.94,11.5165
2021-03-23,3467.21,76.39,60.17,6.97,4596.3863,4232.290342063492,76.39,11.71
2021-03-24,3485.33,76.5775,61.5,6.92,4709.51625,4246.729647619048,76.5775,11.7235
2021-03-25,3439.3,76.21,59.4,6.84,4526.874,4257.133838095238,76.21,11.63
2021-03-26,3489.83,75.655,61.01,6.72,4615.71155,4269.739227777778,75.655,11.568
2021-03-29,3529.33,75.68,60.51,6.72,4579.3968,4282.842891269841,75.68,11.516
2021-03-30,3525.23,75.85,61.99,6.8,4701.9415,4297.281453174604,75.85,11.5326
2021-03-31,3541.72,75.69,60.3,6.74,4564.107,4309.61090079365,75.69,11.54
2021-04-01,3527.54,76.2575,61.1,6.8,4659.33325,4323.609948412698,76.2575,11.606
2021-04-02,3558.22,76.5525,62.0,6.79,4746.255,4338.682991269841,76.5525,11.64
2021-04-05,3524.93,76.39,60.7,6.78,4636.8730000000005,4352.702165873016,76.39,11.6534
2021-04-06,3493.89,77.265,61.44,6.94,4747.161599999999,4368.234318253969,77.265,11.802
2021-04-07,3500.34,76.98,60.37,6.97,4647.2826000000005,4380.293021825397,76.98,11.75
2021-04-08,3507.83,76.855,60.7,7.0,4665.0985,4391.157436111112,76.855,11.7235
2021-04-09,3486.03,77.395,60.3,7.0,4666.9185,4401.715253571429,77.395,11.7935
2021-04-12,3522.65,77.385,61.5,6.96,4759.177500000001,4414.083391666666,77.385,11.812
2021-04-13,3526.3,75.94,61.6,6.96,4677.904,4424.187217063492,75.94,11.6155
2021-04-14,3576.89,75.87,64.0,6.77,4855.68,4437.940663095238,75.87,11.608
2021-04-15,3568.51,76.325,63.57,6.81,4851.9802500000005,4451.6799710317455,76.325,11.7
2021-04-16,3598.44,75.8175,63.3,6.7,4799.24775,4464.434221031746,75.8175,11.611
2021-04-19,3574.08,76.35,63.52,6.77,4849.752,4478.026221031746,76.35,11.7269
2021-04-20,3552.41,76.83,61.57,6.81,4730.4231,4489.161571825397,76.83,11.8145
2021-04-21,3561.72,76.6,61.98,6.75,4747.668,4500.991238492064,76.6,11.796
2021-04-22,3600.35,75.4175,61.79,6.68,4660.0473250000005,4511.015005555555,75.4175,11.616
2021-04-23,3597.17,74.98,61.42,6.67,4605.2716,4518.70035,74.98,11.56
2021-04-26,3610.98,74.97,61.79,6.65,4632.396299999999,4527.871878571428,74.97,11.59
2021-04-27,3600.6,74.89,61.51,6.67,4606.4839,4537.035876984127,74.89,11.566
2021-04-28,3578.12,74.4125,63.82,6.69,4749.005749999999,4547.672194444445,74.4125,11.495
2021-04-29,3571.05,74.635,62.62,6.67,4673.6437000000005,4557.561461904762,74.635,11.5435
2021-04-30,3544.0,75.21,64.08,6.67,4819.456799999999,4568.924446428571,75.21,11.62
2021-05-04,3577.21,74.8425,64.68,6.64,4840.812900000001,4579.737377380952,74.8425,11.554
2021-05-05,3643.56,74.86,66.83,6.64,5002.8938,4592.862477380952,74.86,11.5415
2021-05-06,3658.27,74.23,65.0,6.62,4824.95,4601.506470238095,74.23,11.4844
2021-05-07,3682.69,73.785,65.34,6.61,4821.1119,4611.467673412699,73.785,11.5015
2021-05-10,3694.78,74.35,64.37,6.62,4785.9095,4619.38512579365,74.35,11.5741
2021-05-11,3652.05,74.11,65.47,6.66,4851.9817,4628.4124801587295,74.11,11.5284
2021-05-12,3654.14,74.63,66.8,6.69,4985.284,4639.514572222223,74.63,11.56
2021-05-13,3637.38,74.0775,64.64,6.74,4788.3696,4647.757105555555,74.0775,11.485
2021-05-14,3637.6,74.0125,64.6,6.7,4781.2075,4655.899395238095,74.0125,11.4909
2021-05-17,3639.61,73.8,66.32,6.72,4894.415999999999,4665.047121428572,73.8,11.46
2021-05-18,3687.96,73.7,66.39,6.71,4892.943,4674.625105555556,73.7,11.464
2021-05-19,3634.76,73.79,63.7,6.75,4700.423000000001,4679.619994444444,73.79,11.46
2021-05-20,3636.16,73.53,62.8,6.71,4617.684,4682.643407142857,73.53,11.438
2021-05-21,3660.48,73.5975,64.05,6.7,4713.919875,4688.1077107142855,73.5975,11.4418
2021-05-24,3662.51,73.4925,64.49,6.72,4739.531325,4694.784969841269,73.4925,11.468
2021-05-25,3686.76,73.5,65.55,6.73,4817.925,4701.087747619047,73.5,11.4679
2021-05-26,3711.05,73.51,65.13,6.71,4787.7063,4704.710387301587,73.51,11.5135
2021-05-27,3738.68,73.465,66.0,6.74,4848.6900000000005,4707.172887301587,73.465,11.535
2021-05-28,3730.55,73.15,65.93,6.73,4822.779500000001,4712.4118317460325,73.15,11.504
2021-05-31,3721.63,73.43,64.3,6.76,4721.549,4716.500048412699,73.43,11.5161
2021-06-01,3764.59,73.5075,67.35,6.77,4950.730124999999,4724.951850396826,73.5075,11.513
2021-06-02,3817.68,73.16,67.58,6.8,4944.1528,4732.971105952381,73.16,11.461
2021-06-03,3805.45,73.24,68.0,6.82,4980.32,4739.137947222223,73.24,11.448
2021-06-04,3807.43,72.795,68.3,6.87,4971.8985,4743.53646031746,72.795,11.4005
2021-06-07,3822.21,72.81,67.61,6.91,4922.6841,4747.149211111112,72.81,11.41
2021-06-08,3807.43,72.3,68.3,6.98,4938.089999999999,4750.41031031746,72.3,11.304
2021-06-09,3843.28,72.305,69.32,6.98,5012.1826,4756.319716666666,72.305,11.328
2021-06-10,3827.71,71.77,68.48,6.95,4914.8096,4758.697910317461,71.77,11.24
2021-06-11,3841.53,72.13,68.37,6.89,4931.5281,4762.899935714286,72.13,11.28
2021-06-14,3860.18,72.1025,68.84,6.88,4963.5361,4769.460651587301,72.1025,11.2605
2021-06-15,3822.4,72.18,69.43,6.96,5011.457400000001,4773.509061111112,72.18,11.274
2021-06-16,3829.67,72.5625,69.6,7.01,5050.349999999999,4779.960549206349,72.5625,11.285
2021-06-17,3819.07,72.3225,68.51,6.97,4954.814475000001,4786.410976587302,72.3225,11.2
2021-06-18,3802.95,72.85,68.0,6.92,4953.799999999999,4790.816436904762,72.85,11.26
2021-06-21,3813.45,73.1325,69.0,6.95,5046.1425,4797.955424206349,73.1325,11.32
2021-06-22,3821.68,72.875,70.16,6.96,5112.91,4804.358499603174,72.875,11.2435
2021-06-23,3837.15,72.6075,70.12,6.93,5091.2379,4813.316656746031,72.6075,11.219
2021-06-24,3823.44,72.305,70.17,6.93,5073.641850000001,4820.5853916666665,72.305,11.174
2021-06-25,3831.84,72.2025,70.4,6.94,5083.0560000000005,4828.579982142856,72.2025,11.1844
2021-06-28,3825.57,72.1175,70.0,7.01,5048.225,4834.076545634921,72.1175,11.1617
2021-06-29,3790.85,72.76,69.4,7.08,5049.544000000001,4841.781894841271,72.76,11.27
2021-06-30,3841.85,73.135,69.69,7.06,5096.77815,4848.72546468254,73.135,11.3259
2021-07-01,3858.32,73.4,70.15,7.08,5149.010000000001,4855.118401190476,73.4,11.3485
2021-07-02,3865.42,73.24,70.4,7.07,5156.0960000000005,4863.360036111111,73.24,11.3155
2021-07-05,3882.59,73.46,71.15,7.05,5226.679,4870.971423412698,73.46,11.367
2021-07-06,3884.3,74.4225,68.2,7.08,5075.614500000001,4877.770342460317,74.4225,11.493
2021-07-07,3895.1,74.7125,67.9,7.08,5072.978750000001,4884.244632142856,74.7125,11.542
2021-07-08,3861.08,74.7375,67.29,7.12,5029.086375,4889.993328571429,74.7375,11.5151
2021-07-09,3855.31,74.36,68.38,7.09,5084.7368,4895.160936507937,74.36,11.475
2021-07-12,3875.61,74.44,69.58,7.1,5179.535199999999,4903.123336507936,74.44,11.4925
2021-07-13,3877.03,74.295,69.72,7.09,5179.8474,4908.268850793651,74.295,11.4685
2021-07-14,3832.85,74.075,70.05,7.09,5188.95375,4913.617636507937,74.075,11.4741
2021-07-15,3799.97,74.365,69.08,7.07,5137.1342,4918.980913492062,74.365,11.5157
2021-07-16,3770.15,74.0725,69.3,7.05,5133.22425,4923.480473015873,74.0725,11.44
2021-07-19,3693.42,74.65,65.73,7.06,4906.744500000001,4926.279225396825,74.65,11.5
2021-07-20,3704.4,74.37,64.92,6.99,4828.1004,4927.555930158729,74.37,11.4675
2021-07-21,3722.96,74.015,66.2,6.92,4899.793000000001,4931.361417063492,74.015,11.448
2021-07-22,3754.44,73.7,67.3,6.85,4960.01,4936.99218531746,73.7,11.3845
2021-07-23,3734.54,73.76,68.7,6.85,5067.312000000001,4943.895609126985,73.76,11.394
2021-07-26,3750.1,73.65,68.0,6.86,5008.200000000001,4950.27205515873,73.65,11.364
2021-07-27,3733.1,73.7325,68.38,6.82,5041.82835,4954.920032936508,73.7325,11.298
2021-07-28,3782.28,73.4775,68.09,6.8,5003.082975,4960.149227777779,73.4775,11.336
2021-07-29,3804.33,73.1525,69.0,6.81,5047.5225,4963.769318253968,73.1525,11.323
2021-07-30,3771.58,73.16,68.8,6.79,5033.407999999999,4966.826383333334,73.16,11.3086
2021-08-02,3788.1,73.0575,69.07,6.82,5046.081525,4967.511902777777,73.0575,11.296
2021-08-03,3793.69,72.94,66.85,6.83,4876.039,4968.3228392857145,72.94,11.283
2021-08-04,3810.62,73.17,65.35,6.84,4781.6595,4967.696610714285,73.17,11.3325
2021-08-05,3833.75,73.07,67.0,6.83,4895.69,4969.439158333334,73.07,11.31
2021-08-06,3805.36,73.49,68.58,6.85,5039.9442,4972.422690079366,73.49,11.34
2021-08-09,3835.11,73.665,64.91,6.88,4781.59515,4969.189533730159,73.665,11.3641
2021-08-10,3862.32,73.9175,67.4,6.91,4982.039500000001,4972.263659126985,73.9175,11.3923
2021-08-11,3877.37,73.365,66.92,6.9,4909.5858,4974.301409920635,73.365,11.3241
2021-08-12,3888.86,73.5925,67.43,6.91,4962.342275000001,4975.379604761905,73.5925,11.365
2021-08-13,3873.0,73.21,67.9,6.87,4970.959,4976.6179539682535,73.21,11.3049
2021-08-16,3895.31,73.2375,65.83,6.82,4821.224625,4978.535440079364,73.2375,11.31
2021-08-17,3943.01,73.57,67.0,6.8,4929.19,4983.479979761904,73.57,11.344
2021-08-18,3925.17,73.82,66.5,6.83,4909.03,4986.576965873016,73.82,11.3885
2021-08-19,3853.98,74.2,63.3,6.85,4696.86,4985.899643253968,74.2,11.418
2021-08-20,3832.7,74.26,63.0,6.85,4678.38,4983.684643253969,74.26,11.4301
2021-08-23,3883.01,74.1225,64.9,6.86,4810.55025,4984.047245634921,74.1225,11.4494
2021-08-24,3888.87,73.73,66.02,6.88,4867.6546,4984.348271031746,73.73,11.394
2021-08-25,3886.64,73.9325,67.65,6.88,5001.533625000001,4987.185638095239,73.9325,11.435
2021-08-26,3851.57,74.23,66.0,6.94,4899.18,4990.005177777778,74.23,11.448
2021-08-27,3887.38,73.53,67.16,6.89,4938.2748,4989.80747420635,73.53,11.3894
2021-08-30,3928.5,73.5,67.51,6.9,4961.985000000001,4990.0905250000005,73.5,11.372
2021-08-31,3918.96,73.2175,68.77,6.88,5035.167475,4990.96111984127,73.2175,11.3451
2021-09-01,3971.02,72.98,67.3,6.88,4911.554,4990.00327063492,72.98,11.315
2021-09-02,3990.77,72.87,69.0,6.92,5028.030000000001,4991.675427777777,72.87,11.311
2021-09-03,4001.7,72.7225,67.38,6.9,4900.042049999999,4991.071492063492,72.7225,11.303
2021-09-06,4028.25,72.99,68.5,6.93,4999.815,4990.875180952381,72.99,11.322
2021-09-07,4010.16,73.2725,68.45,6.95,5015.502625,4992.473482936508,73.2725,11.3475
2021-09-08,4017.37,73.1475,68.1,6.95,4981.344749999999,4993.264223412699,73.1475,11.33
2021-09-09,3993.56,72.975,69.1,6.95,5042.572499999999,4994.518769444445,72.975,11.316
2021-09-10,4002.66,73.175,68.85,6.91,5038.098749999999,4994.941648015873,73.175,11.365
2021-09-13,4041.16,72.655,69.35,6.91,5038.62425,4994.7555250000005,72.655,11.28
2021-09-14,4055.7,72.9,69.4,6.95,5059.260000000001,4996.413390476191,72.9,11.33
2021-09-15,4065.53,72.275,70.97,7.0,5129.35675,4999.200005555556,72.275,11.25
2021-09-16,4045.1,72.5,69.65,7.01,5049.625,4999.255283333334,72.5,11.24
2021-09-17,4035.17,72.8525,70.31,7.03,5122.259275,4999.403684523811,72.8525,11.2615
2021-09-20,3969.61,73.425,68.97,7.12,5064.122249999999,4998.973277380953,73.425,11.3315
2021-09-21,3970.48,73.085,69.15,7.1,5053.82775,4998.658767857142,73.085,11.2799
2021-09-22,4030.98,72.9725,70.35,7.08,5133.615374999999,4999.461297619048,72.9725,11.3
2021-09-23,4052.14,72.8425,71.34,7.14,5196.58395,5001.816201587302,72.8425,11.27
2021-09-24,4038.23,72.7225,71.31,7.21,5185.841475,5003.979653571429,72.7225,11.255
2021-09-27,4081.22,72.53,73.6,7.23,5338.208,5007.811873412698,72.53,11.2355
2021-09-28,4065.46,72.795,72.99,7.23,5313.307049999999,5010.419763095238,72.795,11.258
2021-09-29,4058.37,72.84,72.5,7.21,5280.900000000001,5012.400778968254,72.84,11.2575
2021-09-30,4103.52,72.735,74.05,7.26,5386.02675,5014.930108333334,72.735,11.298
2021-10-01,4086.99,72.73,73.39,7.28,5337.6547,5019.089476587302,72.73,11.3225
2021-10-04,4112.72,72.51,76.4,7.38,5539.764000000001,5026.498766269841,72.51,11.2545
2021-10-05,4223.85,72.37,76.65,7.51,5547.160500000001,5034.722165079365,72.37,11.2235
2021-10-06,4171.71,72.39,76.36,7.54,5527.7004,5041.753333333334,72.39,11.2275
2021-10-07,4228.02,71.7,76.64,7.44,5495.088000000001,5046.762107936508,71.7,11.121
2021-10-08,4238.0,71.875,78.03,7.39,5608.40625,5053.56462936508,71.875,11.1535
2021-10-11,4279.87,71.865,78.99,7.43,5676.616349999999,5061.305305555556,71.865,11.1148
2021-10-12,4263.8,71.805,77.13,7.44,5538.31965,5067.673328571429,71.805,11.135
2021-10-13,4243.92,71.97,77.27,7.4,5561.121899999999,5074.465354761905,71.97,11.1985
2021-10-14,4259.13,71.345,77.97,7.39,5562.76965,5084.878452380953,71.345,11.095
2021-10-15,4261.82,71.025,78.0,7.43,5539.950000000001,5096.177652380953,71.025,11.0445
2021-10-18,4248.33,71.2875,78.87,7.51,5622.445125,5107.6483210317465,71.2875,11.0935
2021-10-19,4276.26,70.8525,78.75,7.49,5579.634375000001,5117.483628571429,70.8525,11.1185
2021-10-20,4287.52,70.8025,78.2,7.52,5536.7555,5124.935112698412,70.8025,11.0802
2021-10-21,4218.63,71.095,77.91,7.59,5539.01145,5133.360691269842,71.095,11.1205
2021-10-22,4196.96,70.3375,79.99,7.85,5626.296625,5142.63796547619,70.3375,11.011
2021-10-25,4254.98,69.71,79.5,8.13,5541.945,5151.191330952381,69.71,10.933
2021-10-26,4235.87,69.5025,79.59,8.17,5531.703975,5158.876751190476,69.5025,10.9065
2021-10-27,4229.53,70.6425,78.43,8.12,5540.491275,5166.925692063492,70.6425,11.0425
2021-10-28,4189.66,70.2025,76.3,8.34,5356.45075,5171.852187698413,70.2025,10.9905
2021-10-29,4150.0,70.955,77.25,8.33,5481.27375,5181.459088492064,70.955,11.068
2021-11-01,4221.49,71.56,76.92,8.41,5504.3952,5192.931083730159,71.56,11.194
2021-11-02,4207.53,71.5025,76.55,8.4,5473.516374999999,5202.102930952382,71.5025,11.1769
2021-11-03,4184.87,71.73,75.45,8.41,5412.0285,5208.009030952381,71.73,11.38
2021-11-05,4174.76,71.255,75.28,8.39,5364.0764,5217.254765079365,71.255,11.1485
2021-11-08,4218.27,71.2025,78.05,8.32,5557.355125,5226.386759126984,71.2025,11.156
2021-11-09,4187.33,70.755,77.5,8.23,5483.5125,5235.496706746032,70.755,11.0756
2021-11-10,4172.47,71.3,77.72,8.21,5541.436,5244.6886706349205,71.3,11.1345
2021-11-11,4189.35,71.63,75.0,8.17,5372.25,5251.058369047619,71.63,11.2
2021-11-12,4121.66,72.8875,75.37,8.25,5493.530875,5261.729896825397,72.8875,11.35
2021-11-15,4135.14,72.5,75.46,8.33,5470.849999999999,5270.327674603174,72.5,11.3665
2021-11-16,4120.02,73.13,76.9,8.44,5623.697,5281.671595238096,73.13,11.445
2021-11-17,4149.02,72.5,75.5,8.44,5473.75,5294.003182539683,72.5,11.3885
2021-11-18,4093.85,73.05,73.82,8.56,5392.551,5305.33923015873,73.05,11.451
2021-11-19,4016.47,73.445,74.25,8.62,5453.291249999999,5315.541468253968,73.445,11.499
2021-11-22,3872.77,74.82,73.66,8.89,5511.2412,5325.757128571429,74.82,11.6903
2021-11-23,3960.33,74.27,75.54,8.95,5610.3558,5335.420972619048,74.27,11.6275
2021-11-24,3950.56,74.99,76.01,8.85,5699.9899,5348.132240873016,74.99,11.716
2021-11-25,3947.82,74.68,76.46,8.74,5710.0328,5360.382367857143,74.68,11.6906
2021-11-26,3810.98,75.605,71.02,8.73,5369.4671,5366.850337698413,75.605,11.8105
2021-11-29,3879.54,74.6,70.5,8.59,5259.299999999999,5370.407996825396,74.6,11.6875
2021-11-30,3890.59,74.065,68.65,8.58,5084.56225,5373.15415952381,74.065,11.6395
2021-12-01,3959.29,74.2775,68.5,8.59,5088.00875,5374.106203174603,74.2775,11.655
2021-12-02,3947.54,73.64,67.0,8.6,4933.88,5374.643313492064,73.64,11.57
2021-12-03,3913.06,73.8325,68.51,8.59,5058.264575,5375.57108452381,73.8325,11.59
2021-12-06,3810.1,74.31,69.0,8.69,5127.39,5377.347074603174,74.31,11.6625
2021-12-07,3873.2,74.06,71.0,8.73,5258.26,5381.742554761904,74.06,11.64
2021-12-08,3773.61,73.5875,71.57,8.74,5266.657375,5385.299457539682,73.5875,11.5876
2021-12-09,3813.29,73.685,71.45,8.68,5264.793250000001,5388.897782936508,73.685,11.56
2021-12-10,3760.23,73.3725,71.5,8.66,5246.13375,5392.19158452381,73.3725,11.5
2021-12-13,3618.31,73.4975,73.23,8.71,5382.221925000001,5397.317964285714,73.4975,11.5375
2021-12-14,3619.39,73.8,69.08,8.73,5098.103999999999,5396.821888888889,73.8,11.575
2021-12-15,3621.82,73.71,70.44,8.73,5192.1324,5399.083911111111,73.71,11.57
2021-12-16,3750.36,73.7525,70.1,8.69,5170.050249999999,5399.8424980158725,73.7525,11.565
2021-12-17,3723.27,74.13,70.9,8.59,5255.817,5402.8852718253975,74.13,11.61
2021-12-20,3669.05,74.145,68.35,8.6,5067.81075,5403.107224206349,74.145,11.6175
2021-12-21,3693.02,73.9525,71.48,8.61,5286.1247,5405.528007142856,73.9525,11.6
2021-12-22,3746.75,73.74,70.36,8.54,5188.346399999999,5405.3972523809525,73.74,11.565
2021-12-23,3704.6,73.3,72.22,8.51,5293.726,5407.10970515873,73.3,11.51
2021-12-24,3702.72,73.65,72.8,8.44,5361.72,5407.482911507937,73.65,11.56
2021-12-27,3740.63,73.4325,74.39,8.48,5462.643675,5409.853334126985,73.4325,11.52
2021-12-28,3777.56,73.7175,74.44,8.46,5487.5307,5413.133186507936,73.7175,11.5675
2021-12-29,3741.07,73.9925,73.97,8.48,5473.225225,5414.5172892857145,73.9925,11.6325
2021-12-30,3787.26,74.68,74.38,8.44,5554.6984,5417.962427380953,74.68,11.7175
2022-01-03,3852.5,74.5425,74.31,8.33,5539.253175000001,5417.954319047619,74.5425,11.685
2022-01-04,3873.49,75.3625,75.54,8.34,5692.88325,5420.267378571429,75.3625,11.815
2022-01-05,3815.05,76.8,76.3,8.3,5859.839999999999,5425.539435714286,76.8,12.0325
2022-01-06,3753.29,76.3175,76.5,8.49,5838.28875,5430.987066666667,76.3175,11.935
2022-01-07,3772.04,75.75,77.84,8.49,5896.38,5435.558078571428,75.75,11.8375
2022-01-10,3738.68,75.0,76.83,8.66,5762.25,5436.917342857143,75.0,11.775
2022-01-11,3785.29,74.45,77.5,8.83,5769.875,5440.592824603174,74.45,11.6725
2022-01-12,3829.95,74.7075,77.99,8.88,5826.437924999999,5444.804190079366,74.7075,11.7502
2022-01-13,3674.73,76.2575,80.0,9.24,6100.599999999999,5453.341179761905,76.2575,12.0
2022-01-14,3596.98,76.21,80.4,9.46,6127.284,5462.663941666667,76.21,11.995
2022-01-17,3560.35,76.0925,79.75,9.58,6068.376875,5469.742223412698,76.0925,11.9925
2022-01-18,3328.94,76.91,81.25,9.58,6248.9375,5480.366082539682,76.91,12.1075
2022-01-19,3436.82,76.1775,81.96,9.42,6243.507899999999,5491.584374603175,76.1775,12.0
2022-01-20,3516.02,76.6825,81.27,9.5,6231.986775,5502.583982936508,76.6825,12.0725
2022-01-21,3439.25,77.425,80.07,9.6,6199.419749999999,5511.681175396826,77.425,12.2125
2022-01-24,3235.28,78.7625,79.09,9.9,6229.3261250000005,5522.591986904761,78.7625,12.44
2022-01-25,3258.74,78.6325,80.07,9.94,6296.104274999999,5534.725325,78.6325,12.4225
2022-01-26,3357.66,79.4175,81.39,9.92,6463.790325,5549.380865476191,79.4175,12.5555
2022-01-27,3455.93,77.96,80.3,9.65,6260.187999999999,5563.725901190476,77.96,12.265
2022-01-28,3488.6,77.8,81.0,9.67,6301.8,5576.750127380952,77.8,12.2375
2022-01-31,3530.38,77.315,82.28,9.6,6361.4782,5590.354619444444,77.315,12.1675
2022-02-01,3548.17,76.805,80.7,9.6,6198.163500000001,5601.8569547619045,76.805,12.0725
2022-02-02,3543.8,76.04,82.83,9.53,6298.3932,5615.926235714286,76.04,11.97
2022-02-03,3471.18,76.4475,81.62,9.54,6239.644950000001,5629.824149206349,76.4475,12.04
2022-02-04,3471.01,75.83,83.0,9.51,6293.889999999999,5641.515178968254,75.83,11.92
2022-02-07,3470.78,75.475,82.89,9.53,6256.12275,5653.778833730158,75.475,11.8725
2022-02-08,3551.65,75.0075,82.0,9.52,6150.615,5663.448341666666,75.0075,11.785
2022-02-09,3638.93,74.74,82.99,9.52,6202.672599999999,5676.629652777778,74.74,11.74
2022-02-10,3655.76,75.01,83.36,9.54,6252.8336,5688.682076984127,75.01,11.78
2022-02-11,3546.62,77.1675,83.45,9.97,6439.627875,5704.059503571429,77.1675,12.115
2022-02-14,3481.38,76.76,84.9,10.34,6516.924000000001,5718.237709920634,76.76,12.085
2022-02-15,3600.29,75.3125,83.0,10.01,6250.9375,5730.574019444444,75.3125,11.9125
2022-02-16,3646.41,75.2525,84.46,9.91,6355.826149999999,5745.864101190476,75.2525,11.8824
2022-02-17,3511.08,76.2825,83.91,10.0,6400.864575,5760.904947619048,76.2825,12.065
2022-02-18,3393.31,77.3,81.86,10.05,6327.777999999999,5773.865849206349,77.3,12.225
2022-02-21,3036.88,79.78,83.25,10.85,6641.685,5790.236153968253,79.78,12.6175
2022-02-22,3084.74,78.8,85.0,11.1,6698.0,5806.077584126983,78.8,12.445
2022-02-24,2058.12,85.25,89.75,14.96,7651.1875,5836.889563492064,85.25,15.3373
2022-02-25,2470.48,83.0,84.76,13.2,7035.080000000001,5863.327863492063,83.0,13.6071
2022-03-24,2578.51,97.0,103.63,13.6,10052.11,5939.404212698412,97.0,15.299
2022-03-25,2484.13,96.0,100.0,13.42,9600.0,6011.077827777777,96.0,15.468
2022-03-28,2430.7,89.75,97.31,13.43,8733.5725,6068.943919047619,89.75,14.8101
2022-03-29,2408.49,85.25,94.01,12.69,8014.352500000001,6117.840307936508,85.25,13.69
2022-03-30,2513.03,84.55,97.99,12.11,8285.0545,6169.05919563492,84.55,13.47
2022-03-31,2703.51,83.2,93.0,11.4,7737.6,6210.4911003968255,83.2,13.4096
2022-04-01,2759.64,83.95,91.99,11.82,7722.5605,6249.606981349206,83.95,13.35
2022-04-04,2787.69,84.0,95.39,12.12,8012.76,6293.1959119047615,84.0,13.34
2022-04-05,2662.79,83.3125,98.7,12.03,8222.94375,6340.150681746031,83.3125,13.3055
2022-04-06,2611.43,79.7,96.8,12.11,7714.96,6379.3384,79.7,13.079
2022-04-07,2635.39,75.75,93.0,12.04,7044.75,6405.72773452381,75.75,12.44
2022-04-08,2592.72,76.08,93.07,10.95,7080.7656,6437.198553571428,76.08,12.23
2022-04-11,2557.16,79.065,93.33,10.85,7379.13645,6471.912903571429,79.065,12.545
2022-04-12,2540.99,79.68,97.0,10.89,7728.960000000001,6512.530518650793,79.68,12.5301
2022-04-13,2528.42,79.8675,97.93,10.72,7821.424275000001,6553.254443650793,79.8675,12.7368
2022-04-14,2404.73,80.8975,96.67,10.74,7820.361325,6596.945722619048,80.8975,12.729
2022-04-15,2424.99,79.995,101.5,10.79,8119.4925,6641.91981468254,79.995,12.718
2022-04-18,2342.63,79.75,99.0,10.43,7895.25,6684.886538492063,79.75,12.615
2022-04-19,2317.46,78.515,100.14,10.3,7862.4921,6725.660603571429,78.515,12.31
2022-04-20,2330.73,76.4125,97.75,10.1,7469.321875,6759.114601587301,76.4125,12.12
2022-04-21,2271.05,74.785,101.11,9.87,7561.51135,6792.429961507935,74.785,11.93
2022-04-22,2232.23,75.45,102.48,9.94,7732.116000000001,6828.058299603174,75.45,11.6
2022-04-25,2186.22,73.125,97.75,10.0,7147.96875,6854.64153015873,73.125,11.2399
2022-04-26,2318.46,73.525,99.3,9.8,7301.0325,6882.361119047619,73.525,11.1216
2022-04-27,2424.28,72.78,97.99,10.03,7131.7122,6907.638246428572,72.78,11.145
2022-04-28,2383.66,72.08,100.0,10.19,7208.0,6931.687718650794,72.08,11.15
2022-04-29,2445.17,70.96,101.78,10.08,7222.3088,6953.314207539682,70.96,10.86
2022-05-04,2373.16,66.3,103.0,10.11,6828.9,6969.03819563492,66.3,10.0409
2022-05-05,2404.8,67.0,105.0,10.3,7035.0,6987.111528968255,67.0,10.2352
2022-05-06,2393.03,69.4025,108.71,10.3,7544.745775,7015.405112698413,69.4025,10.5001
2022-05-11,2387.14,67.2,101.7,10.34,6834.240000000001,7032.299795238096,67.2,10.06
2022-05-12,2297.89,63.3,103.38,10.39,6543.954,7043.688939285714,63.3,9.336
2022-05-13,2307.5,64.545,103.88,10.32,6704.9346,7053.281551984127,64.545,9.55
2022-05-16,2364.6,63.4,105.0,10.4,6657.0,7061.689742460317,63.4,9.468
2022-05-17,2424.1,63.6,106.5,10.27,6773.400000000001,7072.880585714286,63.6,9.5849
2022-05-18,2445.3,63.445,102.26,10.38,6487.885700000001,7076.673414285714,63.445,9.3975
2022-05-19,2436.57,61.905,101.19,10.24,6264.16695,7077.001335714286,61.905,9.175
2022-05-20,2373.26,60.2325,103.99,10.22,6263.577675,7077.502778571428,60.2325,8.9298
2022-05-23,2301.85,57.8675,106.0,10.28,6133.955,7076.463655555555,57.8675,8.75
2022-05-24,2293.62,56.8,107.49,10.27,6105.432,7074.497082142858,56.8,8.632
2022-05-25,2340.18,59.33,105.45,9.7,6256.3485,7073.866038095238,59.33,9.4007
2022-05-26,2413.06,65.26,109.98,9.59,7177.294800000001,7085.191505952382,65.26,9.891
2022-05-27,2407.59,66.7,106.86,9.69,7127.562,7098.959347222222,66.7,10.0479
2022-05-30,2400.39,62.25,110.0,9.74,6847.5,7107.621251984127,62.25,9.4744
2022-05-31,2355.75,61.5,118.0,9.68,7257.0,7121.835883730159,61.5,9.47
2022-06-01,2374.6,61.28,115.0,9.3,7047.2,7135.312653571428,61.28,9.306
2022-06-02,2340.17,61.65,109.0,9.23,6719.849999999999,7142.002444047618,61.65,9.3401
2022-06-03,2308.03,60.95,111.1,9.13,6771.545,7150.445301984128,60.95,9.3941
2022-06-06,2282.16,61.0175,116.5,9.1,7108.53875,7163.37623452381,61.0175,9.3214
2022-06-07,2291.62,61.0425,116.5,9.1,7111.45125,7176.9528773809525,61.0425,9.3081
2022-06-08,2318.85,59.4,118.51,9.12,7039.494,7191.062067857143,59.4,9.2497
2022-06-09,2293.99,59.35,120.0,9.08,7122.0,7205.654566269842,59.35,9.1114
2022-06-10,2285.52,56.8,120.0,9.08,6816.0,7214.5937154761905,56.8,8.777
2022-06-14,2289.75,56.6,114.42,9.1,6476.1720000000005,7215.173780952381,56.6,8.52
2022-06-15,2318.96,56.96,116.24,9.08,6621.0304,7216.826263492064,56.96,8.62
2022-06-16,2369.75,56.5,112.8,9.03,6373.2,7218.766938095237,56.5,8.6265
2022-06-17,2353.98,56.41,114.4,9.04,6453.304,7220.314205555555,56.41,8.43
2022-06-20,2404.4,55.63,112.03,9.02,6232.2289,7217.637448809523,55.63,8.439
2022-06-21,2358.81,53.775,113.3,8.94,6092.7075,7213.906171031746,53.775,8.129
2022-06-22,2373.52,53.15,111.7,8.97,5936.855,7202.718393253968,53.15,8.035
2022-06-23,2404.54,53.465,109.98,8.81,5880.0807,7189.735547222223,53.465,8.0186
2022-06-24,2391.51,53.4,109.0,8.73,5820.599999999999,7160.678602777778,53.4,8.1634
2022-06-27,2417.06,53.385,110.89,8.63,5919.86265,7142.976740079365,53.385,8.0501
2022-06-28,2408.75,51.8,111.71,8.61,5786.578,7075.269882936508,51.8,7.83
2022-06-29,2378.55,53.2375,111.98,8.63,5961.53525,7017.51647420635,53.2375,8.2031
2022-06-30,2204.85,51.45,108.0,8.74,5556.6,6967.088339285714,51.45,7.9901
2022-07-01,2206.61,54.5,104.53,8.79,5696.885,6930.303140873016,54.5,8.7511
2022-07-04,2204.66,55.24,114.0,8.87,6297.360000000001,6898.75243452381,55.24,8.675
2022-07-05,2226.64,61.15,112.01,8.92,6849.4115,6884.65420436508,61.15,9.3999
2022-07-06,2221.88,63.35,98.49,8.89,6239.3415,6861.111045634921,63.35,9.7485
2022-07-07,2226.65,61.95,101.21,8.81,6269.9595,6833.447545634921,61.95,9.5355
2022-07-08,2222.51,60.92,103.89,8.77,6328.9788,6803.384609920635,60.92,9.2762
2022-07-11,2162.34,58.9,102.99,8.78,6066.111,6777.212403571428,58.9,8.902
2022-07-12,2133.77,58.94,99.0,8.86,5835.06,6758.010975,58.94,8.8418
2022-07-13,2073.68,58.27,97.78,8.89,5697.640600000001,6736.056609920635,58.27,8.7052
2022-07-14,2063.3,58.3,94.98,8.9,5537.334,6706.821650396825,58.3,8.6563
2022-07-15,2109.52,57.165,99.57,8.9,5691.91905,6674.487667063492,57.165,8.5901
2022-07-18,2096.42,56.34,100.75,8.96,5676.255,6640.437361111111,56.34,8.44
2022-07-19,2071.28,55.4525,100.91,8.96,5595.711775,6605.125463492063,55.4525,8.3
2022-07-20,2075.24,55.02,103.94,8.9,5718.7788,6567.018896825397,55.02,8.15
2022-07-21,2053.64,56.6475,101.35,8.77,5741.224125,6532.828009920636,56.6475,8.52
2022-07-22,2096.75,57.29,100.88,8.49,5779.4152,6499.763297222222,57.29,8.5837
2022-07-25,2128.96,58.11,99.6,8.49,5787.755999999999,6473.071775396826,58.11,8.6894
2022-07-26,2192.42,60.55,106.99,8.46,6478.2445,6455.877063492064,60.55,9.2
2022-07-27,2196.22,59.88,104.0,8.44,6227.52,6431.994587301587,59.88,8.9971
2022-07-28,2189.16,60.82,105.0,8.39,6386.1,6419.901432539682,60.82,9.1401
2022-07-29,2213.81,61.62,105.5,8.37,6500.91,6407.201075396826,61.62,9.3299
2022-08-01,2180.09,60.17,98.99,8.36,5956.2283,6388.542600793651,60.17,9.033
2022-08-02,2137.3,60.295,101.1,8.38,6095.8245,6370.889021428572,60.295,8.97
2022-08-03,2123.92,60.58,100.5,8.39,6088.29,6352.888723015873,60.58,8.986
2022-08-04,2116.58,60.35,93.21,8.38,5625.2235,6333.782746825397,60.35,8.94
2022-08-05,2054.29,60.58,96.0,8.48,5815.68,6314.428461111111,60.58,9.052
2022-08-08,2088.4,60.755,93.54,8.46,5683.0227,6284.877301190476,60.755,9.027
2022-08-09,2136.8,60.1475,94.5,8.41,5683.93875,6266.618551190476,60.1475,8.924
2022-08-10,2151.5,60.665,97.4,8.44,5908.771000000001,6256.536281349207,60.665,9.09
2022-08-11,2133.11,60.67,99.22,8.56,6019.6774000000005,6245.659182936509,60.67,9.026
2022-08-12,2147.33,60.605,94.07,8.56,5701.112349999999,6230.486363095239,60.605,8.995
2022-08-15,2165.12,61.225,93.65,8.54,5733.7212500000005,6213.983525793651,61.225,9.03
2022-08-16,2208.33,60.9,97.3,8.54,5925.57,6205.0578797619055,60.9,8.97
2022-08-17,2188.56,60.75,94.19,8.55,5722.0425,6196.452729761904,60.75,8.901
2022-08-18,2194.31,59.5325,94.99,8.55,5654.992174999999,6186.792642460318,59.5325,8.756
2022-08-19,2195.16,59.1,99.08,8.62,5855.628,6182.374753571428,59.1,8.61
2022-08-22,2228.11,59.87,97.0,8.65,5807.389999999999,6177.643928174603,59.87,8.711
2022-08-23,2260.08,59.89,98.89,8.66,5922.5221,6172.345096428572,59.89,8.72
2022-08-24,2248.22,59.8875,99.76,8.62,5974.377,6153.251163095238,59.8875,8.748
2022-08-25,2246.34,60.145,100.99,8.59,6074.04355,6136.528648015873,60.145,8.755
2022-08-26,2268.89,60.5,100.0,8.57,6050.0,6123.869917857143,60.5,8.765
2022-08-29,2296.33,60.3975,101.0,8.52,6100.1475,6105.507179761905,60.3975,8.726
2022-08-30,2306.62,59.94,103.0,8.53,6173.82,6091.644005158731,59.94,8.675
2022-08-31,2400.08,60.23,111.25,8.51,6700.5875,6091.3382511904765,60.23,8.72
2022-09-01,2445.77,60.31,97.0,8.48,5850.070000000001,6076.711663888888,60.31,8.727
2022-09-02,2471.45,60.58,99.54,8.35,6030.1332,6059.5941154761895,60.58,8.805
2022-09-05,2488.44,60.87,100.39,8.28,6110.7393,6043.709798809524,60.87,8.738
2022-09-06,2425.33,61.235,99.5,8.28,6092.8825,6028.684219444444,61.235,8.765
2022-09-07,2401.57,60.79,95.29,8.25,5792.6791,6007.583887698413,60.79,8.732
2022-09-08,2390.27,60.73,94.99,8.35,5768.7427,5990.960755952381,60.73,8.731
2022-09-09,2426.06,60.6,97.45,8.36,5905.47,5981.901994047619,60.6,8.723
2022-09-12,2449.65,60.24,97.68,8.32,5884.243200000001,5970.206959126984,60.24,8.713
2022-09-13,2446.89,59.9,92.8,8.39,5558.719999999999,5957.27870515873,59.9,8.595
2022-09-14,2435.89,59.885,100.66,8.36,6028.0241,5950.528230555556,59.885,8.588
2022-09-15,2446.59,59.8,94.49,8.35,5650.502,5941.294470238096,59.8,8.571
2022-09-16,2435.18,60.275,95.9,8.47,5780.3725,5936.336771825397,60.275,8.546
2022-09-19,2430.54,60.16,93.78,8.65,5641.8048,5931.65343531746,60.16,8.559
2022-09-20,2215.67,60.6,92.92,9.25,5630.952,5927.699011507936,60.6,8.645
2022-09-21,2130.71,60.69,97.1,9.16,5892.999,5928.848201984127,60.69,8.577
2022-09-22,2190.87,58.84,97.93,9.5,5762.2012,5926.345639285713,58.84,8.303
2022-09-23,2089.87,57.92,88.99,9.62,5154.3008,5916.309493253969,57.92,8.092
2022-09-26,1933.35,58.395,88.39,9.84,5161.53405,5903.611061507936,58.395,8.12
2022-09-27,1953.46,58.4575,91.6,9.64,5354.707,5900.406410714286,58.4575,8.155
2022-09-28,1963.86,57.54,91.64,9.91,5272.9656,5893.677531349206,57.54,8.023
2022-09-29,1953.77,57.21,91.6,10.14,5240.436,5876.900959920636,57.21,8.12
2022-09-30,1957.31,58.45,91.08,10.28,5323.626,5852.682142460318,58.45,8.341
2022-10-03,2041.96,58.86,94.09,9.79,5538.1374000000005,5841.551918650794,58.86,8.268
2022-10-04,2046.42,58.95,94.37,9.69,5563.111500000001,5830.332109126984,58.95,8.199
2022-10-05,2029.88,60.1725,95.5,9.72,5746.47375,5821.085997222222,60.1725,8.575
2022-10-06,2020.63,60.9025,99.2,9.55,6041.528,5820.695790873016,60.9025,8.555
2022-10-07,1944.75,61.0025,97.0,9.57,5917.242499999999,5822.000274999999,61.0025,8.497
2022-10-10,1916.97,62.69,96.19,9.74,6030.1511,5827.278219444444,62.69,8.657
2022-10-11,1949.46,63.66,96.02,9.57,6112.633199999999,5836.409952777778,63.66,8.683
2022-10-12,1951.65,64.42,97.0,9.51,6248.74,5845.248380555555,64.42,8.683
2022-10-13,1955.2,63.63,93.21,9.43,5930.9523,5849.291194841269,63.63,8.685
2022-10-14,1950.98,62.1075,93.37,9.41,5798.977275,5852.517631349207,62.1075,8.602
2022-10-17,2012.85,61.65,93.76,9.31,5780.304,5853.494221825396,61.65,8.533
2022-10-18,2032.4,61.575,92.64,9.3,5704.308,5852.9082515873015,61.575,8.505
2022-10-19,1978.4,61.735,94.96,9.26,5862.3556,5854.224765873015,61.735,8.462
2022-10-20,2025.51,61.4,94.69,9.22,5813.965999999999,5854.640797619048,61.4,8.438
2022-10-21,2043.71,61.29,94.32,9.17,5780.872799999999,5843.571405555555,61.29,8.309
2022-10-24,2063.95,61.185,90.35,9.15,5528.06475,5832.468941269842,61.185,8.332
2022-10-25,2130.65,61.4875,93.99,9.13,5779.210125,5822.835768650794,61.4875,8.407
2022-10-26,2120.58,61.75,95.0,9.19,5866.25,5812.7618003968255,61.75,8.5
2022-10-27,2164.64,61.725,96.2,9.27,5937.945000000001,5812.471589285714,61.725,8.47
2022-10-28,2167.7,61.52,95.95,9.25,5902.844,5809.408406746032,61.52,8.403
2022-10-31,2166.61,61.4775,94.3,9.37,5797.32825,5804.789966269842,61.4775,8.385
2022-11-01,2174.35,61.2375,93.77,9.38,5742.240374999999,5806.647376984127,61.2375,8.397
2022-11-02,2173.84,61.8,95.0,9.49,5871.0,5807.525472222223,61.8,8.414
2022-11-03,2155.92,62.1,96.72,9.46,6006.312,5812.657048412699,62.1,8.407
2022-11-07,2208.78,61.0,96.16,9.52,5865.76,5815.5431,61.0,8.417
2022-11-08,2207.2,60.9925,97.28,9.67,5933.3504,5815.933249206349,60.9925,8.372
2022-11-09,2166.56,61.31,95.35,9.54,5845.9085,5813.1750126984125,61.31,8.454
2022-11-10,2210.02,60.53,97.1,9.44,5877.463,5815.974229365079,60.53,8.391
2022-11-11,2217.44,60.5375,96.0,9.42,5811.6,5817.210399999999,60.5375,8.473
2022-11-14,2244.77,60.55,95.0,9.52,5752.25,5814.459288888888,60.55,8.534
2022-11-15,2223.26,60.4,93.73,9.44,5661.292,5813.494995238095,60.4,8.55
2022-11-16,2227.19,60.35,94.4,9.29,5697.040000000001,5814.162421031746,60.35,8.493
2022-11-17,2212.93,60.53,93.92,9.26,5684.9776,5811.45368452381,60.53,8.453
2022-11-18,2206.32,60.4025,94.16,9.23,5687.4994,5809.550659126984,60.4025,8.49
2022-11-21,2166.31,60.85,93.0,9.26,5659.05,5805.368562301586,60.85,8.47
2022-11-22,2196.04,60.6825,94.4,9.24,5728.428,5801.464609920635,60.6825,8.47
2022-11-23,2211.89,60.7,96.79,9.25,5875.153,5798.307617063492,60.7,8.44
2022-11-24,2210.95,60.6725,92.5,9.21,5612.20625,5791.358509920636,60.6725,8.449
2022-11-25,2195.17,60.5025,97.83,9.19,5918.959575,5788.482511111111,60.5025,8.415
2022-11-28,2177.45,61.2275,86.2,9.23,5277.8105000000005,5774.260138095237,61.2275,8.436
2022-11-29,2185.32,61.0225,90.8,9.26,5540.843,5755.851495238096,61.0225,8.468
2022-11-30,2174.53,60.99,95.89,9.24,5848.3311,5755.823893650793,60.99,8.593
2022-12-01,2187.29,61.49,95.99,9.26,5902.4251,5753.796780952382,61.49,8.724
2022-12-02,2180.44,62.0,95.42,9.3,5916.04,5750.706315873016,62.0,8.805
2022-12-05,2208.28,62.35,96.58,9.35,6021.763,5749.577434920635,62.35,8.93
2022-12-06,2196.24,63.085,91.6,9.35,5778.585999999999,5749.353734920634,63.085,8.958
2022-12-07,2192.88,62.75,92.38,9.32,5796.844999999999,5749.799803174604,62.75,9.005
2022-12-08,2184.43,62.7725,90.8,9.24,5699.743,5746.534295238095,62.7725,8.999
2022-12-09,2177.85,62.43,90.03,9.26,5620.5729,5742.349052380952,62.43,8.978
2022-12-12,2173.16,62.8,87.51,9.26,5495.628,5741.347592063492,62.8,8.985
2022-12-13,2174.38,62.85,90.5,9.24,5687.925,5735.949193650794,62.85,9.045
2022-12-14,2159.81,63.995,88.99,9.27,5694.91505,5736.654162698413,63.995,9.165
2022-12-15,2126.8,64.3525,90.5,9.3,5823.901250000001,5737.345095238095,64.3525,9.215
2022-12-16,2132.75,64.65,88.07,9.31,5693.7255000000005,5738.169233333333,64.65,9.279
2022-12-19,2129.98,67.72,87.36,9.34,5916.0192,5742.694109523809,67.72,9.657
2022-12-20,2119.37,68.875,90.39,9.39,6225.61125,5747.973669047619,68.875,9.89
2022-12-21,2116.13,70.995,91.0,9.37,6460.545,5759.058491269841,70.995,10.079
2022-12-22,2122.91,68.95,91.0,9.36,6274.45,5776.838637301587,68.95,9.769
2022-12-23,2124.02,70.2,90.58,9.34,6358.716,5795.841525396825,70.2,9.92
2022-12-26,2139.21,69.29,92.9,9.32,6437.041000000001,5813.02143015873,69.29,9.774
2022-12-27,2150.92,70.4,90.65,9.44,6381.760000000001,5830.621341269841,70.4,9.98
2022-12-28,2139.77,72.19,91.59,9.38,6611.8821,5852.390326984127,72.19,10.249
2022-12-29,2147.06,72.175,89.39,9.39,6451.72325,5870.296632539682,72.175,10.186
2022-12-30,2154.12,69.9,91.82,9.37,6418.218,5884.266165873016,69.9,9.912
2023-01-03,2172.68,71.1375,106.97,9.28,7609.578375,5916.749767063492,71.1375,10.11
2023-01-04,2168.42,72.0,88.0,9.25,6336.0,5926.107326587302,72.0,10.265
2023-01-05,2156.67,72.18,87.64,9.21,6325.855200000001,5930.620456746032,72.18,10.417
2023-01-06,2156.39,72.1225,90.94,9.33,6558.8201500000005,5940.804228968254,72.1225,10.437
2023-01-09,2163.5,69.99,91.65,9.39,6414.5835,5946.906330555556,69.99,10.219
2023-01-10,2159.51,69.8,90.51,9.38,6317.598,5950.159740079365,69.8,10.279
2023-01-11,2186.98,68.7325,92.2,9.43,6337.1365000000005,5951.562859126985,68.7325,10.074
2023-01-12,2185.93,67.7575,91.47,9.41,6197.778525,5955.798196031747,67.7575,10.021
2023-01-13,2199.94,68.7875,92.2,9.39,6342.2075,5964.420898015874,68.7875,10.19
2023-01-16,2224.9,68.43,92.0,9.37,6295.56,5972.59956468254,68.43,10.149
2023-01-17,2196.84,69.15,95.5,9.34,6603.825000000001,5986.877612301588,69.15,10.19
2023-01-18,2196.26,68.7475,95.89,9.34,6592.197775000001,5998.462408730159,68.7475,10.19
2023-01-19,2168.83,68.8,95.97,9.36,6602.736,6010.982567460318,68.8,10.129
2023-01-20,2166.69,68.83,95.2,9.35,6552.616,6023.23245952381,68.83,10.119
2023-01-23,2185.31,68.925,97.16,9.36,6696.753,6041.783066666667,68.925,10.128
2023-01-24,2172.75,69.0,96.0,9.39,6624.0,6055.192429761905,69.0,10.138
2023-01-25,2170.15,69.305,94.93,9.37,6579.123650000001,6066.5078845238095,69.305,10.216
2023-01-26,2166.92,69.265,94.29,9.39,6530.99685,6075.921405952381,69.265,10.279
2023-01-27,2189.35,69.46,95.96,9.38,6665.381599999999,6088.025177380952,69.46,10.26
2023-01-30,2204.41,70.405,93.8,9.44,6603.989,6100.829316269841,70.405,10.405
2023-01-31,2225.6,69.82,97.06,9.37,6776.7292,6117.249773809524,69.82,10.348
2023-02-01,2230.15,70.1975,95.93,9.37,6734.046175000001,6130.948919444445,70.1975,10.391
2023-02-02,2243.54,70.455,95.0,9.32,6693.224999999999,6141.852300396826,70.455,10.451
2023-02-03,2248.3,70.6,93.5,9.37,6601.099999999999,6153.524363888889,70.6,10.417
2023-02-06,2272.37,70.95,92.0,9.34,6527.400000000001,6162.953722619048,70.95,10.419
2023-02-07,2267.69,71.15,95.48,9.37,6793.402000000001,6177.993301984127,71.15,10.455
2023-02-08,2251.97,72.3025,94.8,9.4,6854.276999999999,6193.498286111111,72.3025,10.67
2023-02-09,2262.45,73.0,95.63,9.48,6980.99,6212.060032142857,73.0,10.767
2023-02-10,2261.58,73.39,95.88,9.49,7036.633199999999,6232.447067063492,73.39,10.749
2023-02-13,2264.27,73.825,95.86,9.63,7076.864500000001,6254.916471825397,73.825,10.8
2023-02-14,2232.23,73.8,97.84,9.57,7220.592,6279.099836904762,73.8,10.803
2023-02-15,2166.46,74.5725,93.99,9.72,7009.069275,6300.117165079365,74.5725,10.87
2023-02-16,2153.96,74.855,94.94,9.67,7106.7337,6322.644693650794,74.855,10.875
2023-02-17,2168.88,74.29,95.16,9.66,7069.4364000000005,6345.03177936508,74.29,10.76
2023-02-20,2183.57,74.5,95.92,9.76,7146.04,6367.533557142857,74.5,10.87
2023-02-21,2212.42,75.0475,95.9,9.74,7197.05525,6388.516132539683,75.0475,10.85
2023-02-22,2212.4,75.0,96.0,9.72,7200.0,6413.719207936508,75.0,10.903
2023-02-24,2208.03,76.13,92.75,9.67,7061.0575,6431.847746428572,76.13,10.965
2023-02-27,2241.1,74.6025,94.7,9.63,7064.856750000001,6460.213559920635,74.6025,10.71
2023-02-28,2253.16,74.97,95.0,9.67,7122.15,6485.313671031746,74.97,10.78
2023-03-01,2279.65,75.15,93.49,9.65,7025.7735,6504.0032329365085,75.15,10.909
2023-03-02,2254.3,75.3175,97.25,9.64,7324.626875,6526.577864285714,75.3175,10.865
2023-03-03,2272.2,75.6325,94.88,9.64,7176.011599999999,6546.577413492064,75.6325,10.926
2023-03-06,2294.12,75.445,96.21,9.62,7258.563449999999,6566.2091666666665,75.445,10.855
2023-03-07,2295.6,76.0225,94.62,9.62,7193.24895,6588.664134126984,76.0225,10.875
2023-03-09,2290.14,75.845,95.18,9.61,7218.927100000001,6611.236865873016,75.845,10.856
2023-03-10,2276.25,76.1,93.18,9.58,7090.998,6633.320278571429,76.1,10.965
2023-03-13,2269.47,75.0,93.94,9.6,7045.5,6655.938169047619,75.0,10.927
2023-03-14,2290.32,75.32,93.0,9.6,7004.759999999999,6679.892645238096,75.32,10.937
2023-03-15,2262.07,75.985,87.99,9.68,6685.92015,6695.733838095237,75.985,11.0
2023-03-16,2258.22,76.4,91.5,9.69,6990.6,6716.3002658730165,76.4,11.09
2023-03-17,2322.78,77.06,89.1,9.79,6866.045999999999,6732.842246031746,77.06,11.19
2023-03-20,2397.16,77.17,89.9,9.77,6937.5830000000005,6752.586015873017,77.17,11.19
2023-03-21,2398.15,76.66,90.09,9.77,6906.2994,6768.304749206349,76.66,11.161
2023-03-22,2393.88,77.0575,89.0,9.74,6858.1175,6778.344530952381,77.0575,11.185
2023-03-23,2388.35,76.0,89.75,9.71,6821.0,6784.066038888888,76.0,11.105
2023-03-24,2391.53,77.075,87.4,9.69,6736.3550000000005,6791.397864285715,77.075,11.139
2023-03-27,2440.68,76.68,89.7,9.67,6878.196000000001,6799.643578571429,76.68,11.113
2023-03-28,2442.19,76.9,90.49,9.64,6958.6810000000005,6807.923578571428,76.9,11.173
2023-03-29,2460.87,77.155,92.55,9.64,7140.69525,6819.970169841269,77.155,11.2
2023-03-30,2465.93,77.08,92.0,9.65,7091.36,6827.580930158731,77.08,11.192
2023-03-31,2450.67,77.5975,91.0,9.66,7061.3725,6837.257902380953,77.5975,11.281
2023-04-03,2473.32,78.74,94.0,9.7,7401.559999999999,6852.866505555557,78.74,11.428
2023-04-04,2480.45,79.52,98.0,9.74,7792.96,6855.777324999999,79.52,11.503
2023-04-05,2500.8,79.835,99.6,9.73,7951.565999999999,6881.421229761904,79.835,11.578
2023-04-06,2498.3,81.375,95.09,9.77,7737.94875,6903.835413095238,81.375,11.8
2023-04-07,2508.39,81.1275,99.53,9.76,8074.620075,6927.895729365079,81.1275,11.812
2023-04-10,2547.35,81.6125,99.69,9.75,8135.950124999999,6955.219009126984,81.6125,11.849
2023-04-11,2533.69,81.965,97.43,9.77,7985.849950000001,6981.699198809523,81.965,11.909
2023-04-12,2538.47,81.95,93.48,9.78,7660.686000000001,7002.707921031746,81.95,11.885
2023-04-13,2544.28,81.4,94.8,9.76,7716.72,7026.818103174604,81.4,11.855
2023-04-14,2554.85,81.79,93.3,9.75,7631.007,7047.275238095238,81.79,11.896
2023-04-17,2596.11,81.4025,92.7,9.77,7546.011750000001,7067.123678571428,81.4025,11.814
2023-04-18,2615.62,81.45,97.39,9.74,7932.4155,7088.212416666666,81.45,11.844
2023-04-19,2606.55,81.8975,95.6,9.74,7829.400999999999,7107.850563095239,81.8975,11.855
2023-04-20,2637.85,81.555,94.0,9.74,7666.170000000001,7124.730467857143,81.555,11.824
2023-04-21,2639.95,81.7,97.3,9.75,7949.41,7146.901801190476,81.7,11.819
2023-04-24,2635.43,81.33,95.0,9.73,7726.349999999999,7163.244610714285,81.33,11.772
2023-04-25,2626.86,81.6175,92.6,9.69,7557.7805,7178.066523412698,81.6175,11.757
2023-04-26,2620.33,81.6175,92.32,9.66,7534.9276,7193.23801468254,81.6175,11.754
2023-04-27,2646.18,81.3325,92.3,9.65,7506.98975,7208.729965476191,81.3325,11.705
2023-04-28,2634.94,80.25,91.8,9.61,7366.95,7219.865971825397,80.25,11.586
2023-05-02,2580.51,79.62,92.92,9.56,7398.290400000001,7232.473930555556,79.62,11.496
2023-05-03,2532.42,79.205,83.54,9.54,6616.7857,7229.93514484127,79.205,11.454
2023-05-04,2524.51,78.05,82.15,9.55,6411.8075,7224.820245238095,78.05,11.269
2023-05-05,2538.24,77.38,84.16,9.55,6512.300799999999,7221.948432539682,77.38,11.166
2023-05-08,2527.59,78.1875,85.59,9.57,6692.068125000001,7223.392371031747,78.1875,11.242
2023-05-10,2548.63,76.0575,85.0,9.55,6464.887500000001,7222.400109126984,76.0575,10.956
2023-05-11,2595.12,76.9,84.7,9.58,6513.43,7217.956109126984,76.9,11.043
2023-05-12,2565.17,77.92,82.71,9.58,6444.763199999999,7211.455890079365,77.92,11.125
2023-05-15,2611.07,79.1525,83.5,9.61,6609.23375,7205.554997222223,79.1525,11.379
2023-05-16,2633.71,80.395,84.0,9.58,6753.179999999999,7201.055740079366,80.395,11.489
2023-05-17,2634.48,79.8625,83.0,9.58,6628.5875,7193.940232142857,79.8625,11.396
2023-05-18,2632.91,80.2225,84.0,9.58,6738.69,7186.290994047618,80.2225,11.404
2023-05-19,2626.16,80.0,83.0,9.57,6640.0,7180.432751587301,80.0,11.372
2023-05-22,2633.26,80.15,86.0,9.59,6892.900000000001,7177.038565873016,80.15,11.371
2023-05-23,2641.66,80.135,84.92,9.63,6805.064200000001,7172.842181746031,80.135,11.335
2023-05-24,2654.99,80.1475,84.2,9.6,6748.4195,7166.530745238096,80.1475,11.325
2023-05-25,2649.98,80.1675,84.0,9.59,6734.070000000001,7159.181773015873,80.1675,11.327
2023-05-26,2682.03,80.06,85.6,9.6,6853.136,7153.675995238094,80.06,11.303
2023-05-29,2732.0,80.83,84.0,9.6,6789.72,7149.369050793651,80.83,11.389
2023-05-30,2698.75,81.15,84.76,9.6,6878.274000000001,7146.40741984127,81.15,11.427
2023-05-31,2717.64,81.1025,81.0,9.61,6569.302500000001,7137.6320626984125,81.1025,11.379
2023-06-01,2721.73,80.7575,82.3,9.62,6646.342249999999,7131.609344444444,80.7575,11.349
2023-06-02,2719.48,81.5,83.0,9.62,6764.5,7122.718441666667,81.5,11.472
2023-06-05,2694.14,80.9525,83.59,9.64,6766.819475,7116.223328571428,80.9525,11.368
2023-06-06,2681.25,81.4025,82.99,9.64,6755.593475,7108.239678174604,81.4025,11.412
2023-06-07,2694.69,81.98,84.09,9.63,6893.698200000001,7103.484904365079,81.98,11.478
2023-06-08,2709.69,82.5975,83.89,9.63,6929.104275,7098.8845420634925,82.5975,11.596
2023-06-09,2708.04,82.635,84.0,9.64,6941.34,7096.509018253968,82.635,11.56
2023-06-13,2757.28,84.3,83.37,9.65,7028.091,7096.232684920636,84.3,11.735
2023-06-14,2765.18,84.165,82.0,9.68,6901.530000000001,7094.594113492063,84.165,11.741
2023-06-15,2800.17,83.75,82.7,9.68,6926.125,7098.40688888889,83.75,11.728
2023-06-16,2800.79,84.1375,83.98,9.7,7065.86725,7099.601607142857,84.1375,11.765
2023-06-19,2815.07,84.1425,83.0,9.71,6983.827499999999,7101.471154761905,84.1425,11.729
2023-06-20,2803.69,84.785,81.19,9.8,6883.694149999999,7100.615776190476,84.785,11.765
2023-06-21,2819.3,83.98,83.0,9.77,6970.34,7101.632293650794,83.98,11.648
2023-06-22,2815.83,84.05,82.0,9.8,6892.099999999999,7102.171698412699,84.05,11.65
2023-06-23,2795.06,84.7,82.3,9.84,6970.81,7104.549634920635,84.7,11.709
2023-06-26,2757.13,85.0875,80.12,9.85,6817.210500000001,7105.833055555555,85.0875,11.73
2023-06-27,2776.63,85.06,81.7,9.87,6949.402,7106.96330952381,85.06,11.788
2023-06-28,2780.92,86.3725,81.95,9.84,7078.226375,7108.86085515873,86.3725,11.899
2023-06-29,2796.41,87.57,81.3,9.85,7119.440999999999,7108.523486111112,87.57,12.057
2023-06-30,2797.37,89.55,81.15,9.94,7266.9825,7111.31114484127,89.55,12.332
2023-07-03,2793.93,88.7,81.4,9.93,7220.18,7113.831898809523,88.7,12.182
2023-07-04,2808.22,89.18,81.2,9.98,7241.416000000001,7111.289930555556,89.18,12.334
2023-07-05,2805.0,91.0,81.02,9.96,7372.82,7104.621041666667,91.0,12.541
2023-07-06,2819.6,92.2975,81.04,10.0,7479.789400000001,7097.132524206349,92.2975,12.58
2023-07-07,2832.51,91.25,81.2,10.03,7409.5,7091.919051984127,91.25,12.648
2023-07-10,2856.76,90.415,81.89,10.11,7404.084350000001,7081.275627777778,90.415,12.484
2023-07-11,2860.33,90.3825,82.44,10.13,7451.133299999999,7070.4055194444445,90.3825,12.5
2023-07-12,2896.83,90.8725,82.19,10.13,7468.810775,7062.198548412699,90.8725,12.696
2023-07-13,2885.63,90.1125,84.42,10.15,7607.29725,7061.351107936508,90.1125,12.591
2023-07-14,2902.72,90.06,83.14,10.2,7487.588400000001,7057.714098412699,90.06,12.62
2023-07-17,2917.61,91.0,83.96,10.35,7640.36,7057.862558730159,91.0,12.674
2023-07-18,2954.52,90.9,82.0,10.39,7453.8,7056.39888015873,90.9,12.627
2023-07-19,2943.43,91.3975,83.54,10.44,7635.34715,7051.683509523809,91.3975,12.647
2023-07-20,2917.48,90.23,84.95,10.39,7665.038500000001,7049.074580952381,90.23,12.575
2023-07-21,2923.54,90.92,84.08,10.46,7644.5536,7048.731463492064,90.92,12.616
2023-07-24,2937.47,90.5025,85.8,10.41,7765.1145,7045.806138095238,90.5025,12.575
2023-07-25,2975.36,90.13,87.0,10.37,7841.309999999999,7047.6309,90.13,12.633
2023-07-26,2970.42,90.155,86.0,10.37,7753.33,7050.7348603174605,90.155,12.582
2023-07-27,2987.85,90.5975,86.44,10.33,7831.247899999999,7055.438357142857,90.5975,12.644
2023-07-28,3008.61,91.7075,87.0,10.39,7978.5525,7062.92348015873,91.7075,12.8
2023-07-31,3073.5,91.6025,86.06,10.44,7883.31115,7071.119688888889,91.6025,12.808
2023-08-01,3093.64,92.33,87.52,10.45,8080.7216,7081.95193015873,92.33,12.838
2023-08-02,3106.46,94.16,85.37,10.48,8038.4392,7104.517858730159,94.16,13.069
2023-08-03,3147.8,94.9875,88.44,10.53,8400.6945,7136.0874936507935,94.9875,13.117
2023-08-04,3092.44,95.685,87.84,10.58,8404.9704,7166.129868253968,95.685,13.333
2023-08-07,3084.08,95.275,86.81,10.56,8270.822750000001,7191.18946547619,95.275,13.24
2023-08-08,3085.31,97.1,85.5,10.62,8302.05,7220.350775000001,97.1,13.419
2023-08-09,3099.52,97.2,88.2,10.77,8573.04,7253.042997222222,97.2,13.432
2023-08-10,3148.86,97.4575,89.01,10.84,8674.692075,7288.4386936507935,97.4575,13.465
2023-08-11,3155.51,99.43,88.89,10.85,8838.3327,7323.821216666666,99.43,13.695
2023-08-14,3131.0,97.6625,89.11,11.05,8702.705375,7354.766063888889,97.6625,13.39
2023-08-15,3115.25,97.09,87.64,11.14,8508.9676,7384.613367063493,97.09,13.254
2023-08-16,3049.46,94.665,87.53,11.1,8286.027450000001,7409.174278968254,94.665,12.902
2023-08-17,3059.02,93.7725,88.86,10.96,8332.62435,7436.041332142857,93.7725,12.774
2023-08-18,3111.22,93.755,87.52,10.96,8205.4376,7456.875262301587,93.755,12.827
2023-08-21,3139.93,93.655,88.33,10.97,8272.54615,7480.168626587302,93.655,12.799
2023-08-22,3164.25,94.3025,88.0,10.97,8298.619999999999,7504.774983730159,94.3025,12.885
2023-08-23,3146.2,94.26,86.41,10.98,8145.0066,7527.170802777778,94.26,12.899
2023-08-24,3137.37,94.865,87.83,11.08,8331.99295,7550.644722619048,94.865,12.972
2023-08-25,3157.33,95.4175,88.16,11.08,8412.0068,7576.395306746031,95.4175,13.049
2023-08-28,3198.72,95.31,86.15,11.15,8210.9565,7597.548997222222,95.31,13.058
2023-08-29,3211.36,95.4575,87.0,11.12,8304.8025,7625.096616269841,95.4575,13.094
2023-08-30,3212.68,96.22,88.29,11.14,8495.2638,7654.444577380953,96.22,13.17
2023-08-31,3227.99,96.025,89.91,11.14,8633.607750000001,7684.112954365079,96.025,13.17
2023-09-01,3231.35,96.09,91.44,11.25,8786.4696,7716.1708928571425,96.09,13.264
2023-09-04,3268.97,96.87,91.94,11.25,8906.2278,7750.30794563492,96.87,13.3
2023-09-05,3264.43,97.905,93.5,11.31,9154.1175,7786.187617063492,97.905,13.379
2023-09-06,3245.47,98.1225,93.6,11.58,9184.266,7821.983834920635,98.1225,13.401
2023-09-07,3169.07,98.2475,93.0,11.72,9137.0175,7856.835858730158,98.2475,13.417
2023-09-08,3142.88,97.7825,91.0,12.05,8898.2075,7886.520247619048,97.7825,13.267
2023-09-11,3122.37,95.0825,94.89,11.96,9022.378425,7920.184508333334,95.0825,13.019
2023-09-12,3165.92,94.9425,94.26,11.78,8949.28005,7952.298080555556,94.9425,12.988
2023-09-13,3148.32,96.225,94.59,11.76,9101.92275,7984.616421825396,96.225,13.235
2023-09-14,3139.49,97.34,95.08,11.83,9255.0872,8020.668163095238,97.34,13.35
2023-09-15,3152.53,96.81,96.01,11.85,9294.7281,8058.938543253968,96.81,13.251
2023-09-18,3135.18,96.545,95.05,11.74,9176.60225,8093.958578968254,96.545,13.205
2023-09-19,3083.85,96.84,96.92,11.82,9385.7328,8133.540051984127,96.84,13.261
2023-09-20,3068.15,96.15,94.68,11.88,9103.482000000002,8167.391988492063,96.15,13.161
2023-09-21,3019.22,95.91,95.03,11.84,9114.3273,8203.854159920635,95.91,13.108
2023-09-22,3049.07,96.25,96.45,11.89,9283.3125,8240.900358333334,96.25,13.159
2023-09-25,3045.39,96.235,94.5,11.94,9094.2075,8272.900058730158,96.235,13.144
2023-09-26,3051.91,96.3775,96.86,11.93,9335.12465,8308.06964047619,96.3775,13.149
2023-09-27,3067.61,96.9075,98.52,11.96,9547.3269,8344.265583333334,96.9075,13.213
2023-09-28,3108.07,96.8025,96.39,12.09,9330.792975,8377.7673765873,96.8025,13.308
2023-09-29,3133.26,97.9675,94.5,12.08,9257.92875,8409.77551547619,97.9675,13.493
2023-10-02,3132.33,99.765,95.0,12.2,9477.675,8443.185912301586,99.765,13.6
2023-10-03,3143.88,99.6125,94.58,12.25,9421.35025,8474.004338492063,99.6125,13.597
2023-10-04,3134.25,99.58,89.0,12.39,8862.619999999999,8497.06973531746,99.58,13.629
2023-10-05,3131.76,100.405,87.51,12.34,8786.441550000001,8519.011913095237,100.405,13.727
2023-10-06,3144.89,100.405,87.38,12.35,8773.3889,8540.000097222222,100.405,13.715
2023-10-09,3174.02,99.3225,91.82,12.34,9119.79195,8566.206147619048,99.3225,13.585
2023-10-10,3177.03,100.3,90.0,12.41,9027.0,8588.741111904761,100.3,13.731
2023-10-11,3194.12,100.2,88.37,12.26,8854.674,8610.440883333333,100.2,13.708
2023-10-12,3174.66,97.4275,88.35,12.18,8607.719625,8625.795798015874,97.4275,13.3
2023-10-13,3192.33,97.24,92.83,12.15,9026.7892,8650.763880555554,97.24,13.31
2023-10-16,3234.78,97.3975,93.0,12.18,9057.9675,8673.345155952382,97.3975,13.298
2023-10-17,3247.15,97.7,94.0,12.32,9183.8,8697.452481349206,97.7,13.32
2023-10-18,3249.21,97.39,98.53,12.4,9595.8367,8728.425228968254,97.39,13.286
2023-10-19,3255.16,97.05,96.02,12.43,9318.741,8753.08596706349,97.05,13.225
2023-10-20,3269.27,95.32,98.05,12.46,9346.125999999998,8776.971935317462,95.32,13.004
2023-10-23,3263.68,94.425,99.23,12.33,9369.79275,8802.630074206349,94.425,12.882
2023-10-24,3265.01,93.4,96.5,12.37,9013.1,8821.389631349208,93.4,12.74
2023-10-25,3265.28,93.3325,96.5,12.36,9006.58625,8837.707627380953,93.3325,12.718
2023-10-26,3223.89,93.96,96.8,12.38,9095.328,8856.945990079363,93.96,12.778
2023-10-27,3224.18,94.125,94.94,12.43,8936.227499999999,8870.525448809523,94.125,12.8
2023-10-30,3227.07,92.8575,94.2,12.48,8747.1765,8881.775247222224,92.8575,12.64
2023-10-31,3200.97,93.4,94.0,12.48,8779.6,8887.789620238096,93.4,12.685
2023-11-01,3206.52,92.74,91.5,12.22,8485.71,8889.071201190476,92.74,12.639
2023-11-02,3197.22,93.35,91.5,12.1,8541.525,8893.368062301586,93.35,12.71
2023-11-03,3208.63,92.4225,91.57,11.9,8463.128325,8895.92486111111,92.4225,12.657
2023-11-06,3235.11,92.3925,89.52,11.92,8270.9766,8891.130203968254,92.3925,12.679
2023-11-07,3246.34,92.26,88.92,11.9,8203.7592,8883.655078968253,92.26,12.678
2023-11-08,3245.43,92.0175,89.35,11.9,8221.763625,8873.868268253967,92.0175,12.624
2023-11-09,3239.92,92.0375,89.12,11.58,8202.382,8865.926627380954,92.0375,12.6
2023-11-10,3242.06,92.2925,87.79,11.58,8102.358575000001,8859.472515873016,92.2925,12.611
2023-11-13,3248.27,91.62,87.05,11.75,7975.521,8854.543842063493,91.62,12.545
2023-11-14,3212.39,90.6,90.4,11.84,8190.24,8852.283773015872,90.6,12.47
2023-11-15,3215.11,89.4575,86.67,11.81,7753.281524999999,8845.106692460318,89.4575,12.321
2023-11-16,3189.08,89.15,87.01,11.76,7756.941500000001,8836.922491666664,89.15,12.275
2023-11-17,3206.34,90.0,84.37,11.75,7593.3,8825.72693611111,90.0,12.469
2023-11-20,3207.36,88.4,87.0,11.68,7690.8,8818.517307539683,88.4,12.318
2023-11-21,3218.48,87.8675,87.94,11.67,7727.067950000001,8808.915323412699,87.8675,12.292
2023-11-22,3230.65,88.35,90.86,11.57,8027.481,8802.811739285715,88.35,12.302
2023-11-23,3221.05,88.4,89.49,11.61,7910.916,8798.049191666667,88.4,12.339
2023-11-24,3217.76,88.6,88.24,11.64,7818.063999999999,8790.323183730157,88.6,12.387
2023-11-27,3191.05,88.805,87.52,11.61,7772.2136,8778.84619642857,88.805,12.39
2023-11-28,3196.36,89.44,87.66,11.57,7840.310399999999,8766.254175,89.44,12.481
2023-11-29,3173.52,88.55,88.97,11.59,7878.2935,8751.838681349205,88.55,12.407
2023-11-30,3165.79,89.4525,87.14,11.64,7794.89085,8734.198412301586,89.4525,12.489
2023-12-01,3142.29,90.4075,90.78,11.7,8207.19285,8719.167862301587,90.4075,12.625
2023-12-04,3114.41,90.9275,89.67,11.87,8153.468925,8702.806003968253,90.9275,12.733
2023-12-05,3129.33,92.275,88.0,11.95,8120.200000000001,8686.666043650794,92.275,12.8775
2023-12-06,3079.5,92.82,84.5,11.99,7843.289999999999,8669.921321428572,92.82,12.945
2023-12-07,3073.63,92.1,85.0,12.06,7828.499999999999,8650.970870238096,92.1,12.8515
2023-12-08,3079.99,91.8975,88.32,12.15,8116.387199999999,8637.750348809524,91.8975,12.786
2023-12-11,3026.17,90.69,84.57,12.18,7669.653299999999,8615.015913095238,90.69,12.608
2023-12-12,3019.89,89.9975,83.6,12.3,7523.790999999999,8587.535021031745,89.9975,12.5285
2023-12-13,3032.22,90.0125,84.0,12.41,7561.05,8560.016321031746,90.0125,12.51
2023-12-14,3008.84,89.875,84.3,12.48,7576.4625,8534.617277380954,89.875,12.655
2023-12-15,3033.89,90.275,82.88,12.36,7481.992,8504.399169444445,90.275,12.6435
2023-12-18,3076.26,90.0575,86.51,11.98,7790.874325000001,8483.564126984127,90.0575,12.597
2023-12-19,3083.64,90.34,84.84,11.89,7664.445600000001,8460.550131746031,90.34,12.665
2023-12-20,3104.66,90.9625,85.38,11.81,7766.37825,8436.47181031746,90.9625,12.743
2023-12-21,3073.57,92.15,83.89,11.77,7730.463500000001,8414.825080158731,92.15,12.85
2023-12-22,3092.58,92.0,85.0,11.88,7820.0,8390.775482539682,92.0,12.839
2023-12-25,3099.02,91.75,86.04,11.86,7894.170000000001,8364.534896825398,91.75,12.761
2023-12-26,3094.72,91.66,85.98,11.98,7880.9268,8341.521148015872,91.66,12.788
2023-12-27,3097.49,91.27,84.0,12.01,7666.679999999999,8316.263231349207,91.27,12.735
2023-12-28,3101.99,89.36,83.96,11.9,7502.665599999999,8284.91387579365,89.36,12.6
2023-12-29,3099.11,90.36,84.76,11.75,7658.913600000001,8256.938690873016,90.36,12.6115
2024-01-03,3130.23,92.0,83.2,11.82,7654.400000000001,8237.76059563492,92.0,12.752
2024-01-04,3136.07,91.3325,83.51,11.75,7627.177075,8219.359572222222,91.3325,12.676
2024-01-05,3136.37,90.95,84.49,11.77,7684.3655,8202.073486507938,90.95,12.65
2024-01-08,3158.58,91.1525,82.6,11.79,7529.1965,8176.82593968254,91.1525,12.711
2024-01-09,3155.55,89.8975,81.22,11.99,7301.47495,8149.436653174603,89.8975,12.4935
2024-01-10,3164.7,89.33,84.31,11.8,7531.4123,8128.432499206349,89.33,12.409
2024-01-11,3181.25,88.59,82.43,11.88,7302.4737,8107.714309920634,88.59,12.323
2024-01-12,3185.22,88.41,83.47,12.01,7379.5827,8081.568175,88.41,12.226
2024-01-15,3184.88,87.6,82.35,11.9,7213.859999999999,8052.296627380952,87.6,12.1335
2024-01-16,3179.45,87.8525,84.28,11.81,7404.208700000001,8024.0491464285715,87.8525,12.12
2024-01-17,3185.23,88.95,83.5,11.71,7427.325,7989.628325793651,88.95,12.2165
2024-01-18,3178.85,89.05,82.63,11.83,7358.201499999999,7958.5086511904765,89.05,12.265
2024-01-19,3166.37,88.2,84.49,11.73,7452.018,7928.443444841269,88.2,12.216
2024-01-22,3172.15,87.8,84.15,11.76,7388.37,7896.992290079365,87.8,12.19
2024-01-23,3175.74,88.7,84.7,11.75,7512.89,7873.179432936508,88.7,12.278
2024-01-24,3162.41,88.6075,84.5,11.67,7487.33375,7849.064313888888,88.6075,12.346
2024-01-25,3157.74,88.8925,85.38,11.65,7589.64165,7825.164530555555,88.8925,12.379
2024-01-26,3163.21,89.7375,85.52,11.68,7674.351,7805.13474484127,89.7375,12.487
2024-01-29,3176.61,88.975,87.0,11.84,7740.825,7789.160911507937,88.975,12.3545
2024-01-30,3196.08,89.72,86.25,11.81,7738.349999999999,7772.633133730158,89.72,12.439
2024-01-31,3214.19,90.0175,87.07,11.77,7837.823724999999,7762.349224603175,90.0175,12.501
2024-02-01,3229.89,90.4675,87.52,11.95,7917.715599999999,7752.447488095238,90.4675,12.566
2024-02-02,3226.35,91.05,84.0,11.94,7648.2,7739.512117857143,91.05,12.612
2024-02-05,3226.79,90.575,83.0,11.94,7517.725,7727.555743253968,90.575,12.55
2024-02-06,3238.4,91.22,82.6,11.9,7534.771999999999,7716.936898809524,91.22,12.648
2024-02-07,3256.58,91.2675,82.5,11.88,7529.568749999999,7705.949678571428,91.2675,12.6505
2024-02-08,3241.81,90.85,85.5,11.94,7767.674999999999,7699.049567460318,90.85,12.556
2024-02-09,3242.38,90.9,85.2,11.92,7744.68,7693.372129761905,90.9,12.571
2024-02-12,3248.5,91.31,85.44,11.89,7801.5264,7690.610310714285,91.31,12.6
2024-02-13,3254.6,91.3025,87.0,11.92,7943.317499999999,7686.6909059523805,91.3025,12.557
2024-02-14,3258.14,91.405,86.9,11.92,7943.094500000001,7689.70381031746,91.405,12.583
2024-02-15,3265.63,92.25,86.08,12.02,7940.88,7692.623469047618,92.25,12.7385
2024-02-16,3242.48,92.2225,87.32,12.14,8052.868699999999,7699.91821031746,92.2225,12.6515
2024-02-19,3244.56,92.3375,87.23,12.18,8054.600125000001,7705.692815476191,92.3375,12.78
2024-02-20,3207.49,92.3425,87.13,12.14,8045.802025,7710.752086507936,92.3425,12.7995
2024-02-21,3139.5,92.55,86.61,12.17,8015.755499999999,7710.565967460318,92.55,12.7935
2024-02-22,3142.3,92.8525,87.2,12.22,8096.738000000001,7713.515523015873,92.8525,12.809
2024-02-26,3213.17,92.3725,86.0,12.29,7944.035,7715.515062698412,92.3725,12.76
2024-02-27,3208.99,92.0525,86.75,12.29,7985.554375,7718.901424206349,92.0525,12.734
2024-02-28,3227.05,91.15,86.24,12.29,7860.776,7719.226275000001,91.15,12.6025
2024-02-29,3256.8,91.15,86.7,12.38,7902.705000000001,7719.613759126984,91.15,12.582
2024-03-01,3266.66,91.67,86.75,12.23,7952.3725,7722.1134678571425,91.67,12.665
2024-03-04,3296.75,91.25,86.3,12.5,7874.875,7716.838581349207,91.25,12.657
2024-03-05,3300.89,90.52,87.47,12.53,7917.7844,7713.097557142857,90.52,12.5575
2024-03-06,3310.58,90.595,86.39,12.63,7826.50205,7708.435684920634,90.595,12.533
2024-03-07,3315.68,90.6025,86.95,12.6,7877.887375000001,7708.984849603174,90.6025,12.6005
2024-03-11,3320.31,90.6275,84.66,12.61,7672.524149999999,7706.509042460317,90.6275,12.595
2024-03-12,3332.6,91.78,86.5,12.67,7938.97,7703.692896428572,91.78,12.769
2024-03-13,3320.68,91.5025,86.55,12.76,7919.541375,7707.6593738095235,91.5025,12.6865
2024-03-14,3297.0,91.72,86.33,12.8,7918.187599999999,7713.9196373015875,91.72,12.7
2024-03-15,3300.07,92.9025,86.78,12.87,8062.07895,7721.872477777777,92.9025,12.87
2024-03-18,3296.3,91.9175,87.64,12.88,8055.649700000001,7729.478623809524,91.9175,12.73
2024-03-19,3264.97,92.6475,86.95,12.86,8055.700124999999,7738.585101984127,92.6475,12.834
2024-03-20,3267.1,92.25,88.76,12.9,8188.110000000001,7744.89043015873,92.25,12.798
2024-03-21,3286.69,92.0625,85.67,12.93,7886.994375,7748.422950396826,92.0625,12.7295
2024-03-22,3273.49,92.795,87.54,12.83,8123.274300000001,7754.087967063492,92.795,12.7485
2024-03-25,3281.63,92.58,87.46,12.9,8097.046799999999,7759.906749603175,92.58,12.777
2024-03-26,3285.54,92.7,86.25,13.06,7995.375,7762.690479761905,92.7,12.799
2024-03-27,3304.09,92.305,86.55,12.87,7988.99775,7764.195682142858,92.305,12.662
2024-03-28,3312.77,92.5,89.76,12.88,8302.800000000001,7770.892082142857,92.5,12.714
2024-03-29,3332.53,92.48,87.58,12.91,8099.3984,7777.760628174603,92.48,12.671
2024-04-01,3363.29,92.1425,89.48,12.96,8244.9109,7789.542299603175,92.1425,12.685
2024-04-02,3371.29,92.5775,89.42,13.01,8278.28005,7799.373513095238,92.5775,12.72
2024-04-03,3395.59,92.305,90.0,13.04,8307.45,7809.739386111111,92.305,12.7215
2024-04-04,3407.57,92.24,89.6,13.06,8264.704,7819.858861111111,92.24,12.724
2024-04-05,3395.37,92.5,91.25,13.16,8440.625,7831.862980158729,92.5,12.759
2024-04-08,3417.38,92.7,92.09,13.19,8536.743,7847.855781746032,92.7,12.775
2024-04-09,3414.26,93.0,92.83,13.2,8633.19,7868.994115873016,93.0,12.823
2024-04-10,3439.11,93.4325,89.0,13.24,8315.4925,7881.439833333333,93.4325,12.8755
2024-04-11,3439.53,93.2675,91.2,13.31,8505.996000000001,7900.543361904762,93.2675,12.8555
2024-04-12,3456.24,93.43,90.33,13.35,8439.5319,7917.367952380952,93.43,12.857
2024-04-15,3472.19,93.75,89.24,13.28,8366.25,7935.659857142857,93.75,12.8845
2024-04-16,3462.94,94.42,89.42,13.4,8443.0364,7952.149185714286,94.42,12.9775
2024-04-17,3454.07,94.27,92.28,13.38,8699.2356,7972.338242857142,94.27,12.98
2024-04-18,3455.82,93.78,87.61,13.31,8216.0658,7985.955136507937,93.78,12.9535
2024-04-19,3470.88,93.1525,87.92,13.22,8189.9678,7997.668625396826,93.1525,12.84
2024-04-22,3479.17,93.47,87.42,13.26,8171.1474,8010.093663492064,93.47,12.8505
2024-04-23,3439.42,93.1275,87.87,13.34,8183.113425,8020.732130555556,93.1275,12.806
2024-04-24,3428.93,92.245,87.28,13.37,8051.1436,8029.681493253969,92.245,12.6745
2024-04-25,3439.76,91.9375,87.75,13.38,8067.515625,8037.266794444446,91.9375,12.652
2024-04-26,3449.77,91.72,90.21,13.51,8274.0612,8046.786003968255,91.72,12.574
2024-04-27,3465.85,92.3975,90.21,13.53,8335.178474999999,8056.220186111111,92.3975,12.7
2024-04-29,3478.08,93.0,87.31,13.61,8119.83,8062.275424206349,93.0,12.739
2024-04-30,3469.83,93.0525,86.77,13.61,8074.165424999999,8066.026879761905,93.0525,12.739
2024-05-02,3442.83,92.05,85.42,13.67,7862.911,8065.15696547619,92.05,12.703
2024-05-03,3441.77,91.6,85.0,13.69,7785.999999999999,8067.344267063491,91.6,12.6955
2024-05-06,3436.05,91.3475,86.24,13.66,7877.808399999999,8073.059876587302,91.3475,12.6445
2024-05-07,3427.61,91.1075,85.6,13.7,7798.802,8077.250828968254,91.1075,12.596
2024-05-08,3432.54,91.95,84.28,13.72,7749.546,8080.742531349207,91.95,12.6255
2024-05-10,3449.78,92.255,87.57,13.69,8078.770349999999,8085.680552777778,92.255,12.692
2024-05-13,3457.11,91.3525,87.0,13.85,7947.6675,8088.902576587301,91.3525,12.5765
2024-05-14,3463.93,91.2925,84.3,14.08,7695.95775,8087.226883730159,91.2925,12.6085
2024-05-15,3470.72,91.08,84.31,14.12,7678.9548,8083.030650396826,91.08,12.5735
2024-05-16,3486.26,90.9675,84.4,14.26,7677.657000000001,8078.817356746032,90.9675,12.5875
2024-05-17,3501.89,90.95,85.16,14.27,7745.302,8075.712944047619,90.95,12.5715
2024-05-20,3468.09,90.75,85.19,14.35,7730.992499999999,8070.603798015873,90.75,12.503
2024-05-21,3428.38,90.0875,84.14,14.47,7579.96225,8063.069863492064,90.0875,12.408
2024-05-22,3444.64,90.0575,84.15,14.53,7578.338625000001,8055.64980952381,90.0575,12.409
2024-05-23,3442.79,90.015,83.2,14.71,7489.248,8047.292547619048,90.015,12.39
2024-05-24,3396.5,89.525,84.01,14.88,7520.995250000001,8038.153773809524,89.525,12.288
2024-05-27,3299.22,88.62,83.54,14.98,7403.314800000001,8029.570913492063,88.62,12.1775
2024-05-28,3302.91,88.575,85.36,14.99,7560.762000000001,8022.828177380952,88.575,12.1885
2024-05-29,3318.03,89.5125,85.34,15.13,7638.99675,8019.307871825397,89.5125,12.301
2024-05-30,3282.18,89.8525,84.99,15.09,7636.563975,8015.083411111111,89.8525,12.3655
2024-05-31,3217.19,90.1,84.6,15.23,7622.459999999999,8009.846704761904,90.1,12.388
2024-06-03,3141.42,89.0875,81.04,15.35,7219.651000000001,7999.446323809523,89.0875,12.2725
2024-06-04,3186.93,88.8,82.19,15.08,7298.472,7989.615968253969,88.8,12.229
2024-06-05,3212.24,88.7675,80.53,15.0,7148.446775,7978.853186111112,88.7675,12.216
2024-06-06,3192.38,88.84,81.0,15.02,7196.04,7968.030211904762,88.84,12.2255
2024-06-07,3233.22,89.3475,82.71,15.05,7389.931724999999,7963.544617857143,89.3475,12.2555
2024-06-10,3180.94,88.55,82.87,15.28,7338.1385,7954.007609920634,88.55,12.1725
2024-06-11,3171.1,89.1025,83.08,15.34,7402.635700000001,7945.802757936509,89.1025,12.2255
2024-06-13,3171.69,89.1025,84.8,15.38,7555.892,7940.052034126985,89.1025,12.2205
2024-06-14,3215.91,88.208,84.1,15.34,7418.292799999999,7929.833206349207,89.1025,12.15
2024-06-17,3183.68,88.208,83.0,15.64,7321.264,7918.17629047619,89.1025,11.951
2024-06-18,3114.15,89.0499,84.7,15.73,7542.52653,7910.030677857143,89.1025,11.45
2024-06-19,3027.47,87.0354,85.6,15.78,7450.230239999999,7898.318300714286,89.1025,11.1925
2024-06-20,3123.43,82.6282,84.88,15.98,7013.481616,7884.453018825397,89.1025,11.949
2024-06-21,3114.35,85.4176,85.8,16.0,7328.830079999999,7871.842793111111,89.1025,12.0455
2024-06-24,3098.05,85.4176,85.31,15.93,7286.975455999999,7858.984517809524,89.1025,11.6795
2024-06-25,3111.39,87.373,85.11,15.83,7436.31603,7850.110565904762,89.1025,11.895
2024-06-26,3151.7,87.277,85.12,15.58,7429.01824,7841.222002253969,89.1025,11.713
2024-06-27,3150.32,87.8064,85.51,15.62,7508.325264,7828.61129215873,89.1025,11.5255
2024-06-28,3154.36,84.964,86.5,15.63,7349.385999999999,7816.706333428571,89.1025,11.7345
2024-07-01,3186.19,84.964,87.52,15.55,7436.049279999999,7803.867260095239,89.1025,11.8755
2024-07-02,3217.29,87.2972,87.81,15.56,7665.567132,7794.141658222223,89.1025,11.814
2024-07-03,3203.07,87.9921,87.0,15.58,7655.312699999999,7783.790272507936,89.1025,11.903
2024-07-04,3133.81,87.9506,86.32,15.71,7591.895791999999,7773.110777142857,89.1025,11.99
2024-07-05,3149.29,88.1205,86.8,15.77,7648.8594,7760.543069206349,89.1025,11.973
2024-07-08,3132.58,88.1205,86.12,15.83,7588.937460000001,7745.498536825396,89.1025,11.9105
2024-07-09,3054.07,88.1688,85.59,15.91,7546.367592,7728.247387492063,89.1025,11.949
2024-07-10,2975.75,88.0031,84.97,15.98,7477.623407,7714.947878079365,89.1025,11.984
2024-07-11,2992.21,87.8551,85.56,15.92,7516.882355999999,7699.247661507937,89.1025,11.952
2024-07-12,2973.21,87.988,86.35,16.03,7597.7638,7685.886263095238,89.1025,11.97
2024-07-15,2913.48,87.988,86.13,16.31,7578.40644,7673.380809761906,89.1025,12.086
2024-07-16,2944.86,87.8077,84.0,16.59,7375.846799999999,7656.441292301588,89.1025,12.039
2024-07-17,2947.24,88.2824,85.08,16.54,7511.066591999999,7637.581466777778,89.1025,12.003
2024-07-18,2980.62,88.0872,86.35,16.36,7606.329719999999,7627.903116301587,89.1025,12.0285
2024-07-19,3008.24,87.8754,84.0,16.32,7381.5336,7615.070827412698,89.1025,11.9715
2024-07-22,3024.54,87.8754,84.18,16.17,7397.351172000001,7602.788347603174,89.1025,11.972
2024-07-23,3028.01,87.7805,82.43,16.31,7235.746615000001,7587.750779190475,89.1025,11.9035
2024-07-24,3051.76,87.299,83.87,16.18,7321.767130000001,7576.173374904762,89.1025,11.8105
2024-07-25,3041.37,86.5502,82.73,16.07,7160.298046000001,7561.773095873015,89.1025,11.766
2024-07-26,2993.23,85.41,83.0,16.57,7089.03,7542.963076825396,89.1025,11.85
2024-07-29,2906.95,85.41,83.88,16.71,7164.190799999999,7524.375970873016,89.1025,11.795
2024-07-30,2944.78,86.5554,81.34,16.48,7040.416236000001,7507.242419063493,89.1025,11.846
2024-07-31,2942.68,86.33,81.47,16.15,7033.3051,7490.720826603175,89.1025,11.84
2024-08-01,2935.69,86.1091,83.6,16.1,7198.720759999999,7480.178124380953,89.1025,11.7755
2024-08-02,2899.0,85.7833,81.45,16.22,6987.049785,7467.496374936508,89.1025,11.76
2024-08-05,2828.72,85.7833,81.4,16.18,6982.76062,7453.28926731746,89.1025,11.8445
2024-08-06,2830.75,84.9471,82.27,16.23,6988.597917,7440.42888504762,89.1025,11.85
2024-08-07,2874.94,85.1646,83.15,16.06,7081.43649,7429.8239721904765,89.1025,11.83
2024-08-08,2852.51,85.9543,83.16,15.92,7147.959588,7415.049198190475,89.1025,11.858
2024-08-09,2848.29,86.5621,82.01,15.85,7098.957821000001,7401.577615984127,89.1025,11.875
2024-08-12,2844.77,86.5621,83.0,15.83,7184.6543,7393.461688206349,89.1025,11.891
2024-08-13,2884.6,89.9475,82.54,15.83,7424.266650000001,7389.41901915873,89.1025,12.0785
2024-08-14,2871.11,92.6592,82.41,15.54,7636.044672,7388.758506015873,89.1025,11.94
2024-08-15,2838.11,90.0055,82.36,15.87,7412.85298,7383.481537444445,89.1025,11.982
2024-08-16,2828.2,88.796,82.0,16.15,7281.272000000001,7376.343116809524,89.1025,12.0685
2024-08-19,2775.64,88.796,80.3,16.2,7130.3188,7369.205919190476,89.1025,12.1005
2024-08-20,2768.42,89.5428,81.78,16.22,7322.810184,7365.149912190476,89.1025,12.1865
2024-08-21,2768.14,90.6944,81.51,16.16,7392.500544,7363.614238285713,89.1025,12.09
2024-08-22,2725.75,91.6862,79.63,16.25,7300.972105999999,7360.121807428571,89.1025,11.84
2024-08-23,2662.47,91.2881,81.7,16.29,7458.237770000001,7360.993600603175,89.1025,11.841
2024-08-26,2763.75,91.2881,82.3,16.41,7513.01063,7360.235642349207,89.1025,11.678
2024-08-27,2730.38,91.7745,81.87,16.36,7513.578315000001,7358.244873539682,89.1025,11.799
2024-08-28,2699.98,91.4807,80.21,16.45,7337.666947,7353.500476269842,89.1025,11.839
2024-08-29,2708.27,91.4449,81.0,16.49,7407.0369,7350.081061984127,89.1025,11.925
2024-08-30,2650.32,91.4548,80.42,16.68,7354.795016000001,7352.226205095239,89.1025,12.049
2024-09-02,2545.07,91.4548,78.69,16.69,7196.578212,7350.608843380952,89.1025,12.045
2024-09-03,2524.38,90.0013,78.2,16.74,7038.10166,7348.857333619047,89.1025,12.117
2024-09-04,2605.15,88.6118,79.0,16.53,7000.3322,7345.750860603174,89.1025,12.69
2024-09-05,2621.62,88.9288,79.05,16.38,7029.821639999999,7340.034827507937,89.1025,12.499
2024-09-06,2623.37,89.7044,76.3,16.43,6844.445720000001,7332.198434174603,89.1025,12.623
2024-09-09,2703.17,89.7044,75.9,16.49,6808.563960000001,7322.768724015872,89.1025,12.6465
2024-09-10,2671.38,90.3853,77.0,16.54,6959.6681,7313.304852587301,89.1025,12.682
2024-09-11,2668.03,91.1127,75.0,16.4,6833.4525,7304.0216732222225,89.1025,12.6945
2024-09-12,2615.0,91.2653,76.27,16.71,6960.804431,7298.300092761906,89.1025,12.7305
2024-09-13,2678.99,91.1096,77.11,16.85,7025.461256,7290.092707460318,89.1025,12.765
2024-09-16,2744.2,91.1096,75.99,16.95,6923.418503999999,7281.730616412698,89.1025,12.92
2024-09-17,2774.04,91.1423,76.33,17.03,6956.891759,7280.832364714286,89.1025,12.882
2024-09-18,2751.73,91.4292,75.99,17.19,6947.704907999999,7274.782758809523,89.1025,12.9985
2024-09-19,2758.91,91.6712,77.99,17.27,7149.436887999999,7272.599606936507,89.1025,12.967
2024-09-20,2782.35,92.6962,77.2,17.3,7156.146640000001,7268.152473761906,89.1025,13.1195
2024-09-23,2819.87,92.6962,77.0,17.29,7137.607400000001,7263.526904873016,89.1025,13.144
2024-09-24,2871.96,92.92,78.0,17.25,7247.76,7259.390948301588,89.1025,13.1265
2024-09-25,2830.11,92.8622,77.53,17.21,7199.606366,7257.013493793651,89.1025,13.15
2024-09-26,2829.65,92.388,75.23,17.24,6950.3492400000005,7249.303969349205,89.1025,13.176
2024-09-27,2858.56,92.4074,75.75,17.37,6999.860549999999,7238.737198206349,89.1025,13.281
2024-09-30,2857.56,92.4074,75.0,17.47,6930.554999999999,7227.23310773016,89.1025,13.24
2024-10-01,2814.19,93.2221,77.5,17.49,7224.71275,7221.40480547619,89.1025,13.283
2024-10-02,2766.79,93.3581,78.69,17.6,7346.348888999999,7216.603051333333,89.1025,13.4945
2024-10-03,2782.39,94.5054,79.5,17.78,7513.1793,7215.400540857144,89.1025,13.459
2024-10-04,2804.62,95.0262,79.5,17.8,7554.5829,7215.530942571428,89.1025,13.4465
2024-10-07,2793.84,95.0262,80.58,18.02,7657.211196,7218.381542396825,89.1025,13.5095
2024-10-08,2788.37,96.0649,78.0,18.08,7493.062199999999,7218.003444682539,89.1025,13.6495
2024-10-09,2748.81,96.1079,78.8,18.12,7573.30252,7217.615170396825,89.1025,13.6775
2024-10-10,2761.54,96.9483,79.28,18.08,7686.061224,7219.323976492063,89.1025,13.5105
2024-10-11,2754.52,97.2394,81.0,18.0,7876.3914,7227.269128873016,89.1025,13.469
2024-10-14,2773.36,97.2394,78.5,18.01,7633.2929,7229.209229000001,89.1025,13.526
2024-10-15,2805.79,96.1021,77.79,18.05,7475.782359,7227.137048666666,89.1025,13.58
2024-10-16,2783.46,97.0121,77.85,18.02,7552.391984999999,7229.84908652381,89.1025,13.53
2024-10-17,2763.53,97.2568,78.11,18.08,7596.728648,7233.01380836508,89.1025,13.549
2024-10-18,2751.9,97.149,76.34,18.05,7416.35466,7235.880602730159,89.1025,13.383
2024-10-21,2767.71,97.149,77.2,18.1,7499.902800000001,7238.708153047619,89.1025,13.5005
2024-10-22,2755.19,96.0924,79.13,18.18,7603.791611999999,7245.747733460318,89.1025,13.542
2024-10-23,2734.93,96.5918,79.7,18.15,7698.366460000001,7255.419740761905,89.1025,13.5365
2024-10-24,2718.42,96.6379,78.0,18.34,7537.7562,7261.349350285714,89.1025,13.549
2024-10-25,2660.36,96.7402,77.96,18.71,7541.865991999999,7269.308870222222,89.1025,13.505
2024-10-28,2575.06,96.7402,76.3,19.04,7381.27726,7274.832237841269,89.1025,13.6165
2024-10-29,2599.66,97.23,75.0,19.01,7292.25,7276.316828952381,89.1025,13.577
2024-10-30,2615.38,97.3261,76.6,18.91,7455.179259999999,7283.747455539683,89.1025,13.6005
2024-10-31,2560.2,97.053,77.1,19.26,7482.786299999999,7291.684371095237,89.1025,13.575
2024-11-01,2574.71,97.0226,76.79,19.2,7450.365454000001,7299.014014539682,89.1025,13.6595
2024-11-02,2594.38,97.4402,77.14,19.2,7516.537028000001,7305.920372285714,89.1025,13.668
2024-11-05,2616.51,97.4402,78.17,19.14,7616.900434,7313.363877777778,89.1025,13.704
2024-11-06,2662.87,98.0562,77.06,18.91,7556.210772,7320.621861126984,89.1025,13.5975
2024-11-07,2690.63,98.2236,79.5,18.41,7808.7762,7330.528557952381,89.1025,13.625
2024-11-08,2734.56,98.0726,76.88,18.38,7539.821487999999,7332.362761730158,89.1025,13.57
2024-11-11,2785.31,98.0726,75.89,18.4,7442.729614,7329.294268746032,89.1025,13.513
2024-11-12,2756.76,97.955,75.26,18.19,7372.0933,7328.647289698412,89.1025,13.5
2024-11-13,2763.99,97.9559,74.44,18.12,7291.837195999999,7328.8149912222225,89.1025,13.6
2024-11-14,2697.47,98.3657,75.4,18.09,7416.77378,7333.361895666667,89.1025,13.715
2024-11-15,2739.21,99.018,76.47,18.09,7571.90646,7337.315804809523,89.1025,13.69
2024-11-18,2720.77,99.018,74.18,18.15,7345.155240000001,7336.564292047619,89.1025,13.7595
2024-11-19,2630.51,99.943,75.09,18.63,7504.71987,7339.798383539683,89.1025,13.8385
2024-11-20,2596.89,100.0348,74.73,18.4,7475.600604000001,7340.073984079365,89.1025,13.82
2024-11-21,2568.6,100.2192,77.98,18.42,7815.093216,7344.868945761905,89.1025,13.95
2024-11-22,2581.05,100.6798,76.4,18.33,7691.936720000001,7347.700031555555,89.1025,14.0765
2024-11-25,2530.69,100.6798,76.19,18.47,7670.793962,7352.98776195238,89.1025,14.3805
2024-11-26,2464.35,103.7908,75.75,18.46,7862.1531,7360.211828619048,89.1025,14.6705
2024-11-27,2491.88,105.0604,74.91,18.4,7870.074564,7368.390869063492,89.1025,14.47
2024-11-28,2547.88,108.0104,75.57,18.5,8162.345928,7383.720515349206,89.1025,14.7285
2024-11-29,2578.0,109.5782,74.97,18.61,8215.077653999999,7402.402673984127,89.1025,14.5005
2024-12-02,2586.74,109.5782,75.23,18.48,8243.567986,7422.136575349206,89.1025,14.608
2024-12-03,2539.64,107.1758,78.36,18.47,8398.295688,7443.85838563492,89.1025,14.441
2024-12-04,2485.62,106.1878,76.22,18.54,8093.634115999999,7463.686772873017,89.1025,14.3315
2024-12-05,2510.83,104.2361,76.95,18.54,8020.967895,7482.931279777778,89.1025,13.93
2024-12-06,2536.23,103.3837,74.29,18.34,7680.375073000001,7494.371073,89.1025,13.41
2024-12-09,2572.89,103.3837,75.0,18.54,7753.7775,7508.979406333334,89.1025,13.859
2024-12-10,2522.75,99.3759,75.22,18.56,7475.055198,7517.142116920634,89.1025,13.7
2024-12-11,2512.54,100.0324,76.8,18.26,7682.488319999999,7527.571117936508,89.1025,13.9255
2024-12-12,2492.63,103.2707,76.9,18.57,7941.516830000001,7543.731408825396,89.1025,13.8
2024-12-13,2485.2,103.95,76.83,18.44,7986.4785,7560.074055507936,89.1025,13.8695
2024-12-16,2420.3,103.95,75.75,18.71,7874.212500000001,7574.780525222223,89.1025,13.859
2024-12-17,2377.15,102.9125,75.95,18.87,7816.204375,7585.364136126985,89.1025,14.07
2024-12-18,2409.35,102.9979,75.37,18.72,7762.951723,7594.995962841269,89.1025,14.1515
2024-12-19,2416.45,102.7763,74.76,18.86,7683.556188000001,7603.661816619047,89.1025,14.007
2024-12-20,2638.42,103.4207,74.33,17.45,7687.260630999999,7610.6380171111105,89.1025,13.9605
2024-12-23,2702.48,103.4207,75.32,16.39,7789.647123999999,7620.003743428571,89.1025,13.845
2024-12-24,2690.96,101.6143,74.82,16.57,7602.781926,7630.359817809524,89.1025,13.7
2024-12-25,2732.83,99.8729,75.85,16.58,7575.359465,7639.494721222222,89.1025,13.486
2024-12-26,2766.57,99.6125,75.45,16.57,7515.763125,7648.783739079365,89.1025,13.4
2024-12-27,2757.45,99.2295,75.61,16.65,7502.742495,7653.196909634921,89.1025,13.45
2024-12-28,2786.67,100.5281,75.0,16.83,7539.6075,7656.26450663492,89.1025,13.6735
2024-12-30,2883.04,100.5281,75.95,16.53,7635.109195,7658.199901793651,89.1025,13.705
2025-01-03,2828.5,100.5281,77.48,16.57,7788.917188,7661.919493666667,89.1025,13.7975
2025-01-06,2816.26,100.5281,77.25,16.48,7765.795725,7663.643057619048,89.1025,13.624
2025-01-08,2840.79,100.5281,78.01,16.37,7842.197081,7669.184881126984,89.1025,13.51
2025-01-09,2773.12,100.5281,78.3,16.72,7871.350229999999,7673.91579715873,89.1025,13.58
2025-01-10,2824.59,102.2911,79.5,16.73,8132.14245,7680.996451539682,89.1025,13.72
2025-01-13,2866.11,102.2911,79.13,16.67,8094.294742999999,7684.455234761905,89.1025,13.818
2025-01-14,2859.51,102.7081,78.27,16.71,8038.962987,7690.894442492063,89.1025,13.9385
2025-01-15,2842.96,103.438,79.77,16.93,8251.24926,7703.203440920634,89.1025,13.902
2025-01-16,2911.29,102.8078,79.01,16.9,8122.844278,7712.258239222222,89.1025,13.909
2025-01-17,2945.52,102.3762,78.58,17.0,8044.721796,7719.369241571429,89.1025,13.87
2025-01-20,2929.55,102.3762,77.6,16.83,7944.393119999999,7727.750804428571,89.1025,13.8225
2025-01-21,2934.71,101.9579,78.04,16.94,7956.794516,7735.00305388889,89.1025,13.583
2025-01-22,2972.62,99.9282,77.0,16.93,7694.4714,7736.442415603174,89.1025,13.5415
2025-01-23,2926.1,98.2804,77.57,16.99,7623.610627999999,7735.255815095237,89.1025,13.5495
2025-01-24,2947.94,99.0978,76.6,16.99,7590.89148,7736.099232238094,89.1025,13.469
2025-01-27,2891.39,99.0978,77.18,16.8,7648.368204000001,7737.789743539683,89.1025,13.4645
2025-01-28,2931.97,97.132,76.68,16.81,7448.081760000001,7738.850132428572,89.1025,13.368
2025-01-29,2950.68,97.9658,75.7,16.92,7416.011060000001,7740.814593698413,89.1025,13.3965
2025-01-30,2967.47,98.0126,75.34,17.01,7384.269284000001,7739.689038523809,89.1025,13.231
2025-01-31,2948.1,98.0062,76.22,17.08,7470.032564,7739.486598269842,89.1025,13.354
2025-02-03,2926.17,98.0062,75.14,17.32,7364.185868,7738.118668333333,89.1025,13.267
2025-02-04,2917.71,99.9433,75.8,17.41,7575.702139999999,7739.057797095238,89.1025,13.267
2025-02-05,2930.56,98.5336,75.0,17.27,7390.02,7735.45652036508,89.1025,12.996
2025-02-06,2970.12,98.0556,74.7,17.17,7324.75332,7731.782592555555,89.1025,13.2425
2025-02-07,2966.53,96.9104,75.23,17.12,7290.569392,7723.557087666667,89.1025,13.2735
2025-02-10,3012.39,96.9104,76.22,17.16,7386.510687999999,7721.123582904762,89.1025,13.11
2025-02-11,3018.02,96.7821,76.82,17.28,7434.800921999999,7720.997730650794,89.1025,12.915
2025-02-12,3025.63,95.8024,75.71,17.2,7253.199704,7719.110530714286,89.1025,12.66
2025-02-13,3206.97,94.0485,75.21,16.07,7073.387685,7715.64307815873,89.1025,12.28
2025-02-14,3185.0,91.0313,76.01,16.69,6919.289113000001,7707.746496142858,89.1025,12.475
2025-02-17,3308.41,91.0313,75.0,16.62,6827.3475,7695.928099952382,89.1025,12.333
2025-02-18,3258.76,91.4347,76.92,16.53,7033.157124,7690.975748904762,89.1025,12.4225
2025-02-19,3270.64,91.3398,77.24,16.57,7055.086151999999,7683.838705761905,89.1025,12.356
2025-02-20,3292.62,90.4268,75.73,16.45,6848.021564000001,7673.877133698414,89.1025,12.018
2025-02-21,3283.29,88.5103,75.61,16.5,6692.263783,7656.054444285714,89.1025,12.0
2025-02-24,3303.63,88.5103,76.2,16.54,6744.4848600000005,7641.015525873016,89.1025,11.975
2025-02-25,3326.14,88.2065,77.0,16.48,6791.900500000001,7627.064836,89.1025,11.689
2025-02-26,3276.0,86.6318,76.49,16.32,6626.466382,7607.450761111111,89.1025,11.911
2025-02-27,3232.65,85.9279,76.11,16.34,6539.972468999999,7586.338029444445,89.1025,12.0195
2025-02-28,3200.48,87.6967,75.12,16.41,6587.7761040000005,7561.344857634921,89.1025,12.123
2025-03-03,3145.73,87.6967,75.68,16.31,6636.886256000001,7536.294200523809,89.1025,12.0945
2025-03-04,3241.63,89.2497,72.87,16.1,6503.625639000001,7508.676068031747,89.1025,12.16
2025-03-05,3263.62,89.2448,72.33,15.62,6455.076384,7477.831317174603,89.1025,12.228
2025-03-06,3207.7,89.7878,72.41,15.3,6501.534598,7452.559896253969,89.1025,12.273
2025-03-07,3166.88,89.5724,72.89,15.22,6528.932236000001,7428.876790555555,89.1025,12.132
2025-03-10,3200.81,89.5724,72.2,14.91,6467.127280000001,7409.618889079365,89.1025,11.875
2025-03-11,3200.95,88.3872,72.24,15.18,6385.091328,7387.893711746032,89.1025,11.85
2025-03-12,3183.97,86.5669,72.47,15.07,6273.503243,7368.821458492064,89.1025,11.936
2025-03-13,3121.57,86.6204,71.77,15.18,6216.746108,7345.555709095239,89.1025,11.83
2025-03-14,3195.08,86.619,72.72,14.92,6298.93368,7319.48296068254,89.1025,11.801
2025-03-17,3245.19,86.619,72.65,14.75,6292.87035,7292.600291634921,89.1025,11.35
2025-03-18,3257.49,84.3059,72.5,14.61,6112.17775,7264.631486079365,89.1025,11.219
2025-03-19,3229.79,81.5018,71.9,14.68,5859.979420000001,7233.58029631746,89.1025,11.496
2025-03-20,3223.14,82.8487,73.46,14.77,6086.065502,7206.963054714286,89.1025,11.5025
2025-03-21,3191.61,84.3955,75.0,14.93,6329.662499999999,7185.472678714285,89.1025,11.466
2025-03-24,3178.66,84.3955,72.91,15.2,6153.275905,7161.123714809524,89.1025,11.6045
2025-03-25,3164.62,83.8737,74.38,15.26,6238.525806,7136.502741507937,89.1025,11.489
2025-03-26,3146.31,84.193,74.45,15.39,6268.16885,7115.318406968254,89.1025,11.45
2025-03-27,3083.99,84.2065,75.5,15.51,6357.59075,7095.988744825398,89.1025,11.42
2025-03-28,3025.65,83.8347,74.71,15.55,6263.290437,7076.108225968254,89.1025,11.685
2025-03-31,3013.36,83.8347,75.24,15.72,6307.722827999999,7057.139659825397,89.1025,11.681
2025-04-01,2964.43,85.4963,75.75,15.54,6476.344725000001,7040.262472920635,89.1025,11.473
2025-04-02,2926.39,84.8707,74.02,15.67,6282.129214,7018.786600206349,89.1025,11.511
2025-04-03,2859.58,84.5522,70.79,16.01,5985.450238,6990.160140682539,89.1025,11.58
2025-04-04,2781.97,84.383,65.52,16.18,5528.774159999999,6954.651861873016,89.1025,11.7195
2025-04-07,2729.89,84.383,63.9,16.36,5392.0737,6915.761014555556,89.1025,11.581
2025-04-08,2746.41,86.1891,65.0,16.16,5602.291499999999,6879.74420931746,89.1025,11.619
2025-04-09,2650.69,85.4641,62.48,16.54,5339.796968,6835.42126515873,89.1025,11.546
2025-04-10,2764.28,86.0923,64.07,16.26,5515.933660999999,6794.494898777779,89.1025,11.529
2025-04-11,2829.92,85.0159,65.09,15.96,5533.684931000001,6754.728580428572,89.1025,11.25
2025-04-14,2819.69,85.0159,65.78,15.89,5592.345902,6712.523765222222,89.1025,11.1975
2025-04-15,2805.55,82.7671,65.1,16.02,5388.138209999999,6669.1157323968255,89.1025,11.228
2025-04-16,2861.83,82.3003,65.32,15.89,5375.855595999999,6626.752776841269,89.1025,11.2655
2025-04-17,2865.32,82.5892,66.48,15.87,5490.530016000001,6587.80256884127,89.1025,11.0615
2025-04-18,2872.77,82.02,67.75,16.0,5556.855,6549.708290809524,89.1025,11.038
2025-04-21,2922.46,82.02,66.44,15.92,5449.408799999999,6514.07237652381,89.1025,11.13
2025-04-22,2954.49,80.7597,67.99,15.88,5490.852002999999,6480.219065015873,89.1025,11.133
2025-04-23,2943.23,81.462,67.6,15.93,5506.8312,6447.138743111112,89.1025,11.375
2025-04-24,2944.43,82.3637,68.19,15.86,5616.380703,6414.884973253969,89.1025,11.354
2025-04-25,3006.14,82.8559,67.93,15.77,5628.401287000001,6386.001156222223,89.1025,11.329
2025-04-28,3034.3,82.8559,68.0,15.87,5634.2012,6357.718460031746,89.1025,11.2
2025-04-29,2957.66,82.5467,66.32,16.1,5474.497144,6327.404616539682,89.1025,11.17
2025-04-30,2918.47,81.5616,66.2,16.04,5399.37792,6294.537082507936,89.1025,11.165
2025-05-02,2836.7,81.5616,64.5,16.35,5260.7232,6261.148786190476,89.1025,11.41
2025-05-05,2738.8,81.5616,63.52,16.41,5180.792832,6223.134352730159,89.1025,11.208
2025-05-06,2820.07,81.9137,64.65,16.43,5295.720705000001,6189.891506777777,89.1025,11.235
2025-05-07,2833.09,80.9644,65.0,16.14,5262.686,6157.160279476191,89.1025,11.195
2025-05-08,2850.93,80.8612,66.64,16.02,5388.590368,6126.970136238095,89.1025,11.2375
2025-05-12,2930.17,80.8612,68.28,16.02,5521.202736,6097.362073507937,89.1025,11.149
2025-05-13,2935.53,80.8883,68.0,16.19,5500.4044,6066.657366809524,89.1025,11.118
2025-05-14,2924.21,80.55,68.86,16.02,5546.673,6039.569641349206,89.1025,11.06
2025-05-15,2840.05,80.2237,68.89,16.13,5526.610693,6015.017625603175,89.1025,11.117
2025-05-16,2840.34,80.3134,64.34,16.08,5167.364156000001,5987.209292952381,89.1025,11.1785
2025-05-19,2882.63,80.3134,66.98,15.98,5379.391532000001,5964.225864888888,89.1025,11.079
2025-05-20,2823.42,80.4137,67.57,16.01,5433.553709,5938.835334492063,89.1025,11.1725
2025-05-21,2809.58,80.3075,68.08,15.97,5467.3346,5913.632928904762,89.1025,11.0545
2025-05-22,2792.16,79.753,66.71,15.89,5320.32263,5889.38373947619,89.1025,11.0525
2025-05-23,2770.1,79.7357,66.01,15.78,5263.353557,5866.702624777778,89.1025,11.022
2025-05-26,2699.84,79.7357,67.4,16.05,5374.18618,5844.951852079365,89.1025,11.09
2025-05-27,2736.75,79.6588,66.91,16.08,5329.970308,5821.746610936509,89.1025,11.1185
2025-05-28,2785.2,79.6176,67.18,15.92,5348.710368,5801.464769444445,89.1025,11.0135
2025-05-29,2809.94,79.6037,66.56,15.77,5298.422272000001,5781.7576234603175,89.1025,10.86
2025-05-30,2828.83,78.497,66.0,15.58,5180.802,5759.424701174603,89.1025,10.903
2025-06-02,2829.67,78.497,67.5,15.51,5298.5475,5738.181228857143,89.1025,10.89
2025-06-03,2834.06,79.1285,67.9,15.34,5372.825150000001,5720.232014746032,89.1025,10.904
2025-06-04,2836.64,78.8549,67.89,15.2,5353.459161,5702.7460270793645,89.1025,11.008
2025-06-05,2856.61,78.5025,67.36,15.23,5287.9284,5683.482436634919,89.1025,10.968
2025-06-06,2786.16,79.1272,68.87,15.43,5449.490264000001,5666.348437079365,89.1025,11.007
2025-06-09,2737.76,79.1272,68.01,15.35,5381.440872,5649.115319492064,89.1025,10.96
2025-06-10,2722.37,79.1543,68.33,15.15,5408.613319,5633.615668555555,89.1025,10.81
2025-06-11,2733.2,78.6003,67.07,15.04,5271.722121,5617.714380904761,89.1025,10.96
2025-06-13,2750.32,78.6003,73.21,15.07,5754.327963,5610.374410349205,89.1025,10.894
2025-06-16,2737.83,78.6003,72.59,15.21,5705.595777,5600.956348396826,89.1025,10.89
2025-06-17,2788.94,78.5067,76.05,15.26,5970.434534999999,5595.838319587301,89.1025,10.89
2025-06-18,2791.83,78.7135,76.6,15.05,6029.454099999999,5594.525245777778,89.1025,10.874
2025-06-19,2783.81,78.7174,77.5,14.95,6100.5985,5598.344596253968,89.1025,10.845
2025-06-20,2751.04,78.4839,77.03,14.92,6045.614817000001,5597.702521888888,89.1025,10.8985
2025-06-23,2759.67,78.4839,76.41,14.98,5996.954799,5592.421447269841,89.1025,10.8695
2025-06-24,2744.95,78.2923,68.29,15.01,5346.581167,5579.616768888889,89.1025,10.91
2025-06-25,2790.78,78.3892,68.34,14.82,5357.117928000001,5565.626167650794,89.1025,10.891
2025-06-26,2797.27,78.1959,68.3,14.78,5340.77997,5550.905709238095,89.1025,10.9155
2025-06-27,2806.11,78.2117,68.1,14.6,5326.216769999999,5534.53469368254,89.1025,10.925
2025-06-30,2847.38,78.2117,68.06,14.52,5323.088302,5519.610850269841,89.1025,10.92
2025-07-01,2848.44,78.5284,68.17,14.53,5353.281028,5504.460980428571,89.1025,10.939
2025-07-02,2815.26,78.4181,68.08,14.44,5338.704248,5486.403195079365,89.1025,10.947
2025-07-03,2823.34,78.654,68.03,14.48,5350.83162,5471.620693587301,89.1025,10.97
2025-07-04,2801.65,78.7831,67.93,14.49,5351.7359830000005,5461.5617371587305,89.1025,10.953
2025-07-07,2756.14,78.7831,68.27,14.55,5378.522237,5459.176786,89.1025,10.837
2025-07-08,2755.58,78.7185,68.16,14.53,5365.4529600000005,5458.754234571428,89.1025,10.855
2025-07-09,2696.45,78.1682,67.53,14.72,5278.698546,5453.617838476191,89.1025,10.8375
2025-07-10,2732.45,78.1727,67.45,14.62,5272.748615,5452.553578904763,89.1025,10.82
2025-07-11,2642.02,77.9029,68.5,14.63,5336.34865,5449.703023174603,89.1025,10.954
2025-07-14,2714.14,77.9029,67.63,14.58,5268.573127,5445.494899301588,89.1025,10.864
2025-07-15,2756.95,78.3722,67.01,14.34,5251.721122000001,5440.088156761904,89.1025,10.8315
2025-07-16,2777.16,77.9584,66.71,14.21,5200.604863999999,5437.111436984127,89.1025,10.8385
2025-07-17,2761.48,77.9585,67.5,14.18,5262.1987500000005,5435.3073600634925,89.1025,10.846
2025-07-18,2784.63,78.1856,68.6,14.08,5363.532159999999,5433.291521079365,89.1025,10.938
2025-07-21,2821.78,78.1856,67.5,14.08,5277.527999999999,5428.857759174603,89.1025,10.857
2025-07-22,2825.61,78.3274,67.17,14.11,5261.251458,5425.871134698412,89.1025,10.9425
2025-07-23,2841.16,78.0882,67.47,14.08,5268.610854,5422.3434974126985,89.1025,10.944
2025-07-24,2807.69,78.4477,67.75,14.04,5314.831674999999,5419.295885904761,89.1025,11.045
2025-07-25,2772.39,78.8623,67.93,13.97,5357.1160390000005,5415.180573777778,89.1025,11.06
2025-07-28,2730.98,78.8623,68.62,13.97,5411.531026000001,5411.73818868254,89.1025,11.3415
2025-07-29,2758.28,79.5782,69.12,13.86,5500.445184,5409.61507731746,89.1025,11.4195
2025-07-30,2726.24,82.2197,70.83,13.9,5823.621351,5415.156731396825,89.1025,11.1985
2025-07-31,2732.12,81.8347,70.7,13.89,5785.71329,5421.289038857143,89.1025,11.098
2025-08-01,2727.98,80.3163,68.63,13.94,5512.107668999999,5425.279268523809,89.1025,11.064
2025-08-04,2773.85,80.3163,68.09,13.91,5468.7368670000005,5429.849808761905,89.1025,11.0725
2025-08-05,2786.37,79.6736,67.89,13.85,5409.040704,5431.648538904763,89.1025,11.097
2025-08-06,2764.62,80.049,68.1,13.91,5451.3369,5434.642997634921,89.1025,11.094
2025-08-07,2876.43,80.1914,67.25,13.66,5392.87165,5434.710954492063,89.1025,10.9905
2025-08-08,2924.63,79.3847,67.02,13.53,5320.362593999999,5431.523015730159,89.1025,11.0765
2025-08-11,2964.15,79.3847,66.6,13.48,5287.021019999999,5428.135977952381,89.1025,11.012
2025-08-12,2977.18,79.6677,66.6,13.44,5305.86882,5424.313689380952,89.1025,11.058
2025-08-13,2973.02,79.8714,65.88,13.53,5261.927831999999,5420.112374126984,89.1025,11.0565
2025-08-14,2977.34,79.6032,66.4,13.51,5285.652480000001,5421.989966571428,89.1025,11.05
2025-08-15,3012.09,79.7653,66.62,13.31,5313.964286,5420.951438857142,89.1025,11.1035
2025-08-18,2951.26,79.7653,66.62,13.38,5313.964286,5419.0531940476185,89.1025,11.179
2025-08-19,2965.66,80.4256,66.62,13.29,5357.953472,5417.316985666667,89.1025,11.15
2025-08-20,2940.78,80.3466,66.62,13.49,5352.690492,5417.830761253968,89.1025,11.148
2025-08-21,2883.5,80.1045,66.62,13.65,5336.561790000001,5418.992796698413,89.1025,11.162
2025-08-22,2896.76,80.2548,66.62,13.59,5346.574776,5418.554520444444,89.1025,11.248
2025-08-25,2887.24,80.2548,66.62,13.66,5346.574776,5418.818083428571,89.1025,11.171
2025-08-26,2885.87,80.6842,66.62,13.78,5375.181404000001,5419.238258603174,89.1025,11.2325
2025-08-27,2911.48,80.5268,66.62,13.74,5364.695416,5420.290213269841,89.1025,11.23
2025-08-28,2912.72,80.4421,66.62,13.79,5359.052702,5423.119589492063,89.1025,11.238
2025-08-29,2899.38,80.2918,66.62,13.88,5349.039716,5423.921053238096,89.1025,11.256
2025-09-01,2886.97,80.2918,66.62,13.84,5349.039716,5423.543506666666,89.1025,11.2285
2025-09-02,2845.39,80.4261,66.62,13.89,5357.986782000001,5423.615373666667,89.1025,11.27
2025-09-03,2867.55,80.5947,66.62,13.72,5369.218914000001,5424.905699285715,89.1025,11.296
2025-09-04,2873.7,80.8488,66.62,13.57,5386.147056,5423.900251539682,89.1025,11.346
2025-09-05,2901.45,81.2977,66.62,13.58,5416.052774000001,5424.449646809524,89.1025,11.401
2025-09-08,2921.62,81.2977,66.62,13.49,5416.052774000001,5424.567733396825,89.1025,11.594
2025-09-09,2935.96,82.3397,66.62,13.62,5485.470814,5427.96056979365,89.1025,11.778
2025-09-10,2914.26,83.2425,66.62,13.65,5545.615350000001,5424.647671174604,89.1025,11.917
2025-09-11,2908.14,84.9211,66.62,13.73,5657.443682,5423.883352206349,89.1025,11.949
2025-09-12,2839.73,85.6647,66.62,13.94,5706.982314,5419.701570920635,89.1025,11.7495
2025-09-15,2809.85,85.6647,66.62,14.0,5706.982314,5414.582971142857,89.1025,11.564
2025-09-16,2802.77,83.0718,66.62,14.07,5534.243316,5405.5932063174605,89.1025,11.62
2025-09-17,2814.04,82.8359,66.62,14.01,5518.527658,5397.226743476191,89.1025,11.68
2025-09-18,2793.58,82.9987,66.62,14.11,5529.373394,5389.8048164126985,89.1025,11.6995
2025-09-19,2748.06,83.1725,66.62,14.33,5540.951950000001,5392.890066936508,89.1025,11.7
2025-09-22,2741.06,83.1725,66.62,14.32,5540.951950000001,5395.808067285714,89.1025,11.72
2025-09-23,2758.65,84.0186,66.91,14.34,5621.684526,5400.266869761905,89.1025,11.704
2025-09-24,2723.58,83.3506,66.86,14.48,5572.821116,5404.181224460317,89.1025,11.663
2025-09-25,2708.68,83.9914,67.83,14.56,5697.136662,5410.118500015874,89.1025,11.705
2025-09-26,2725.97,83.6069,68.85,14.58,5756.335064999999,5416.516183142858,89.1025,11.5965
2025-09-29,2684.09,83.6069,66.73,14.76,5579.088437,5420.331805190476,89.1025,11.542
2025-09-30,2684.6,82.8676,65.84,14.8,5456.002784,5422.001188746032,89.1025,11.5185
2025-10-01,2647.25,82.6084,65.1,14.83,5377.806839999999,5422.415011873016,89.1025,11.3595
2025-10-02,2632.07,81.4967,64.51,14.94,5257.352117,5420.491676634921,89.1025,11.317
2025-10-03,2604.55,81.0085,64.43,14.9,5219.377655,5418.173021,89.1025,11.49
2025-10-06,2648.5,81.0085,64.84,14.92,5252.59114,5417.758617730159,89.1025,11.473
2025-10-07,2668.6,83.0,64.52,14.92,5355.16,5419.066734952381,89.1025,11.4085
2025-10-08,2562.51,81.9349,65.4,15.12,5358.542460000001,5419.419017650794,89.1025,11.27
2025-10-09,2638.37,81.5478,64.82,15.02,5285.928395999999,5419.69449811111,89.1025,11.331
2025-10-10,2588.56,81.4103,63.15,15.11,5141.060445,5417.937979428571,89.1025,11.34
2025-10-13,2576.38,81.4103,62.07,15.19,5053.137321,5415.597224777779,89.1025,11.1795
2025-10-14,2541.49,80.8548,61.12,15.42,4941.845375999999,5410.512250587301,89.1025,11.084
2025-10-15,2545.22,79.9589,61.42,15.44,4911.075638,5403.330401031746,89.1025,10.9875
2025-10-16,2607.78,78.839,60.83,15.09,4795.77637,5395.683549761905,89.1025,11.1975
2025-10-17,2721.14,79.0839,60.98,14.91,4822.536222,5388.719815857143,89.1025,11.38
2025-10-20,2744.83,79.0839,61.05,15.04,4828.072095,5381.727137142857,89.1025,11.275
2025-10-21,2632.42,81.3582,61.42,15.34,4997.020644,5376.682517603174,89.1025,11.408
2025-10-22,2653.0,81.3475,62.35,15.21,5072.016625,5372.157130079365,89.1025,11.374
2025-10-23,2570.67,81.6549,64.1,15.28,5234.079089999999,5369.340432682539,89.1025,11.377
2025-10-24,2543.93,81.269,64.22,15.35,5219.09518,5364.874559603174,89.1025,11.147
2025-10-27,2476.79,81.269,64.04,15.46,5204.466760000001,5355.046708952382,89.1025,11.165
2025-10-28,2495.09,78.9848,63.04,15.36,4979.201792000001,5342.244939142857,89.1025,11.17
2025-10-29,2523.35,79.8174,63.53,15.11,5070.799422,5335.240046333334,89.1025,11.22
2025-10-30,2557.48,79.4715,63.2,15.04,5022.598800000001,5328.158489714286,89.1025,11.2945
2025-10-31,2525.2,80.5037,63.86,15.11,5140.966281999999,5323.90334015873,89.1025,11.2605
2025-11-01,2532.66,80.9756,63.82,15.06,5167.862792,5319.403751142857,89.1025,11.3
2025-11-03,2570.96,80.9756,63.7,14.91,5158.14572,5315.677942730158,89.1025,11.155
2025-11-05,2546.62,80.9756,63.61,14.96,5150.857916,5312.987392285714,89.1025,11.391
2025-11-06,2542.7,81.1885,62.45,15.06,5070.2218250000005,5309.546135222223,89.1025,11.324
2025-11-07,2566.42,81.3765,62.83,14.97,5112.885495,5306.4829078412695,89.1025,11.319
2025-11-10,2558.6,81.3765,62.82,14.86,5112.07173,5304.104239555556,89.1025,11.3635
2025-11-11,2566.17,81.0132,63.75,14.76,5164.5915,5302.182636698413,89.1025,11.3385
2025-11-12,2536.22,81.3562,62.55,14.72,5088.83031,5298.609081523809,89.1025,11.367
2025-11-13,2543.36,81.2852,62.42,14.67,5073.822184000001,5294.7973021269845,89.1025,11.35
2025-11-14,2525.68,80.601,62.87,14.73,5067.38487,5290.185102095238,89.1025,11.3755
2025-11-17,2510.64,80.601,63.4,14.83,5110.1034,5286.334513333333,89.1025,11.371
2025-11-18,2563.07,81.1302,62.8,14.78,5094.97656,5282.499827142857,89.1025,11.38
2025-11-19,2646.02,81.0547,62.48,14.7,5064.297656,5278.019237936508,89.1025,11.288
2025-11-20,2628.31,80.9448,62.8,14.7,5083.333439999999,5273.840804031746,89.1025,11.2155
2025-11-21,2685.03,80.7321,61.13,14.6,4935.153273000001,5266.856230523809,89.1025,11.09
2025-11-24,2654.84,80.7321,61.33,14.68,4951.299693,5260.294393650794,89.1025,11.013
2025-11-25,2685.95,78.9202,60.89,14.68,4805.450978,5251.507064698413,89.1025,11.105
2025-11-26,2668.38,78.9615,61.2,14.81,4832.4438,5243.30712952381,89.1025,11.072
2025-11-27,2621.37,78.5941,61.77,14.88,4854.757557,5235.461380968255,89.1025,11.008
2025-11-28,2676.42,78.2503,62.15,14.82,4863.256144999999,5227.608513714285,89.1025,10.921
2025-12-01,2686.93,78.2503,62.3,14.95,4874.993689999999,5219.763668888889,89.1025,10.95
2025-12-02,2667.2,77.7027,62.22,14.86,4834.661993999999,5211.009937746032,89.1025,10.96
2025-12-03,2651.71,77.4631,62.2,14.74,4818.20482,5201.52028768254,89.1025,10.87
2025-12-04,2657.13,77.9556,62.18,14.67,4847.279208,5192.49213584127,89.1025,10.702
2025-12-05,2711.3,76.9708,63.14,14.55,4859.936312,5182.563016761906,89.1025,10.78
2025-12-08,2705.17,76.9708,62.05,14.58,4776.03814,5170.347505492063,89.1025,10.789
2025-12-09,2702.72,77.2733,61.46,14.59,4749.217018,5155.931209238095,89.1025,10.944
2025-12-10,2720.66,76.8084,61.05,14.63,4689.15282,5139.775185523809,89.1025,11.17
2025-12-11,2748.93,77.8998,60.57,14.52,4718.390886,5124.083258095238,89.1025,11.22
2025-12-12,2739.49,79.3398,60.52,14.38,4801.644696,5112.4547085714285,89.1025,11.2395
2025-12-15,2748.93,79.3398,60.2,14.46,4776.25596,5100.672618126983,89.1025,11.282
2025-12-16,2774.23,79.4495,59.0,14.42,4687.5205,5087.309873777778,89.1025,11.263
2025-12-17,2759.73,79.4302,60.03,14.51,4768.194906,5075.043888952382,89.1025,11.3995
2025-12-18,2753.07,80.3807,60.25,14.41,4842.937175,5063.964289349206,89.1025,11.352
2025-12-19,2743.09,80.0301,60.07,14.56,4807.408107,5051.039266825397,89.1025,11.307
2025-12-22,2715.98,80.0301,60.96,14.71,4878.6348960000005,5040.020437936509,89.1025,11.1295
2025-12-23,2725.38,79.3146,60.84,14.7,4825.500264,5026.184939555555,89.1025,11.112
2025-12-24,2720.02,78.585,61.21,14.69,4810.187849999999,5011.16672979365,89.1025,11.144
2025-12-25,2714.12,78.4368,61.5,14.79,4823.863200000001,4999.179027619048,89.1025,11.035
2025-12-26,2754.89,77.8844,61.0,14.8,4750.9484,4987.987688190476,89.1025,11.036
2025-12-29,2742.03,77.8844,61.23,14.72,4768.861812,4978.321894095237,89.1025,11.101
2025-12-30,2766.62,77.4466,61.29,14.58,4746.702114,4970.216338492064,89.1025,11.2285
2026-01-05,2757.09,77.4466,60.81,14.47,4709.527746000001,4962.1234827936505,89.1025,11.4105
2026-01-06,2745.26,77.4466,61.23,14.35,4742.055318,4954.019739587302,89.1025,11.3145
2026-01-08,2718.62,77.4466,60.7,14.6,4701.0086200000005,4943.636384349206,89.1025,11.315
2026-01-09,2724.85,77.4466,62.43,14.51,4834.9912380000005,4935.326047492063,89.1025,11.228
2026-01-12,2701.93,77.4466,62.36,14.78,4829.569976,4928.08226304762,89.1025,11.26
2026-01-13,2696.92,78.7913,64.45,14.88,5078.099285,4927.082879555555,89.1025,11.2845
2026-01-14,2702.69,78.8527,65.26,14.87,5145.927202000001,4928.555734809524,89.1025,11.1915
2026-01-15,2701.32,78.5711,62.87,14.95,4939.765057,4928.522713873016,89.1025,11.152
2026-01-16,2733.75,78.528,63.63,14.73,4996.736640000001,4929.88241231746,89.1025,11.169
2026-01-19,2750.25,78.528,63.19,14.85,4962.18432,4932.523808349207,89.1025,11.1425
2026-01-20,2738.07,77.7586,63.66,14.95,4950.112476,4934.548828253969,89.1025,11.1505
2026-01-21,2770.53,77.8247,63.87,14.98,4970.663589000001,4936.812185301587,89.1025,10.955
2026-01-22,2768.02,77.5159,63.13,14.95,4893.578767,4935.170250746032,89.1025,10.83
2026-01-23,2777.29,76.0382,64.57,15.0,4909.786574,4932.595170571428,89.1025,10.855
2026-01-26,2768.15,76.0382,64.3,15.16,4889.25626,4927.121792317461,89.1025,10.9965
2026-01-27,2781.39,76.0101,64.92,15.12,4934.575691999999,4922.605609968254,89.1025,10.9195
2026-01-28,2788.01,76.5519,66.22,15.16,5069.266818,4920.4595791428565,89.1025,10.948
2026-01-29,2797.76,76.2662,68.9,14.96,5254.74118,4924.833220222222,89.1025,10.7645
2026-01-30,2782.74,76.0251,68.59,14.99,5214.561609,4927.115159698413,89.1025,10.936
2026-02-02,2768.56,76.0251,65.1,14.95,4949.234009999999,4925.950639222222,89.1025,10.996
2026-02-03,2786.15,77.0223,65.72,14.88,5061.905556,4924.695707063492,89.1025,11.0925
2026-02-04,2776.31,76.9817,66.59,15.0,5126.211403,4924.034573904762,89.1025,10.9865
2026-02-05,2737.13,76.9102,66.34,15.1,5102.222668,4923.146906412699,89.1025,11.07
2026-02-06,2735.43,76.5523,67.26,15.22,5148.907698000001,4923.115950571429,89.1025,11.142
2026-02-09,2725.64,76.5523,67.65,15.24,5178.763095,4924.838827873015,89.1025,11.165
2026-02-10,2717.04,77.6502,68.2,15.26,5295.74364,4927.741338111111,89.1025,11.158
2026-02-11,2757.75,77.2091,68.52,15.15,5290.367532,4930.571430206349,89.1025,11.15
2026-02-12,2765.66,77.4648,67.3,15.05,5213.381039999999,4931.345867349206,89.1025,11.173
2026-02-13,2776.34,77.188,66.72,14.89,5149.98336,4932.31655068254,89.1025,11.096
2026-02-16,2782.6,77.188,66.89,14.76,5163.105320000001,4933.733743317461,76.3,11.125
2026-02-17,2765.33,76.6201,65.83,14.7,5043.901182999999,4933.360986380952,75.64,10.99
2026-02-18,2779.08,76.7389,67.97,14.53,5215.943033,4935.040980555556,76.35,11.111
2026-02-19,2772.84,76.1524,69.8,14.6,5315.43752,4938.540360873017,75.54,11.05
2026-02-20,2780.6,76.6405,69.8,14.67,5349.5069,4943.067491730159,76.05,11.11
2026-02-24,2777.35,76.6405,70.09,14.66,5371.732645,4947.645256888888,75.755,11.0515
2026-02-25,2795.39,76.6342,69.95,14.7,5360.562290000001,4954.397780968254,77.13,11.2905
2026-02-26,2785.58,76.4678,70.84,14.8,5416.978952,4961.789515238094,76.8,11.211
2026-02-27,2799.14,77.1218,72.16,14.75,5565.109087999999,4973.847580476191,76.96,11.2025
2026-03-02,2835.65,77.1218,77.33,14.81,5963.828793999999,4991.806072444444,77.2,11.223
2026-03-03,2825.14,77.1734,79.75,14.82,6154.57865,5012.438153285714,77.3625,11.168
2026-03-04,2809.78,77.6093,78.05,14.78,6057.405865,5031.392910746032,77.6325,11.2715
2026-03-05,2825.0,77.8009,79.8,14.79,6208.51182,5052.559865190477,78.89,11.4
2026-03-06,2854.11,78.19,84.26,14.76,6588.289400000001,5080.39522084127,78.6,11.4015
2026-03-09,2888.68,78.19,89.73,14.72,7015.9887,5115.280679253969,75.0775,11.27
2026-03-10,2853.86,78.19,86.02,14.82,6725.903799999999,5145.100117222222,78.86,11.489
2026-03-11,2854.05,78.7396,89.42,14.75,7040.895031999999,5179.718509603174,78.6125,11.5215
2026-03-12,2872.08,79.068,94.94,14.49,7506.71592,5223.062601349207,79.4,11.591
2026-03-13,2871.86,79.0671,95.28,14.37,7533.513288,5267.257780238096,79.97,11.6505
2026-03-16,2853.72,79.0671,95.39,14.6,7542.210669,5312.544412761905,80.835,11.82
2026-03-17,2853.53,81.0517,96.92,14.54,7855.530764,5362.34028384127,81.7,12.0025
2026-03-18,2871.72,81.9103,100.87,14.49,8262.291961,5417.271192809523,82.64,12.1895
2026-03-19,2868.99,83.1259,102.57,14.51,8526.223563,5476.794488095238,84.8,12.47
2026-03-20,2864.89,84.8379,102.19,14.44,8669.585001,5540.001861126983,82.4,12.019
2026-03-23,2833.43,84.8379,95.97,14.46,8141.893263,5593.552628698412,81.5875,11.9105
2026-03-24,2837.9,81.8763,93.9,14.44,7688.18457,5638.715285761905,80.27,11.66
2026-03-25,2840.14,80.9604,95.5,14.38,7731.7182,5685.132906285714,79.6,11.83
2026-03-26,2822.84,80.7192,96.38,14.44,7779.716496,5731.181820571428,81.13,11.682
2026-03-27,2789.61,82.1314,98.77,14.44,8112.118377999999,5783.350362063493,80.1525,11.8235
2026-03-30,2800.69,82.1314,99.84,14.46,8199.998976,5837.156887873017,80.9975,11.756
2026-03-31,2776.37,81.2955,91.0,14.58,7397.8905,5878.014464063493,80.91,11.743
2026-04-01,2775.24,81.2504,88.68,14.47,7205.2854720000005,5916.97219536508,79.6425,11.682
2026-04-02,2774.41,80.6234,92.81,14.45,7482.657754000001,5960.048321428572,79.45,11.62
2026-04-03,2760.7,80.3332,95.58,14.47,7678.247256000001,6006.580784,78.65,11.5005
2026-04-06,2784.87,80.3332,93.47,14.4,7508.744204,6051.012791269842,78.5775,11.4775
2026-04-07,2797.24,78.7277,92.63,14.48,7292.546850999999,6091.496783857142,78.16,11.3905
2026-04-08,2765.06,78.7496,88.68,14.4,6983.514528000001,6127.72703636508,78.1475,11.455
2026-04-09,2733.4,78.3043,87.48,14.43,6850.060164,6159.712257412698,77.02,11.2955
2026-04-10,2725.39,77.8366,86.9,14.33,6764.000540000001,6190.417504460318,76.3775,11.2355
2026-04-13,2722.69,77.8366,90.07,14.44,7010.742561999999,6221.094381873017,75.94,11.175
2026-04-14,2725.51,76.2489,88.65,14.44,6759.4649850000005,6246.706092714286,74.8475,11.047
2026-04-15,2740.45,75.8532,88.92,14.24,6744.866544,6275.358497269841,75.1825,11.061
2026-04-16,2741.14,75.2346,90.16,14.22,6783.151535999999,6303.714289269841,75.94,11.1235
2026-04-17,2723.94,76.0861,84.56,14.2,6433.840616,6327.073913015874,75.6525,11.111
2026-04-20,2753.66,76.0861,85.58,14.05,6511.448438,6351.857023523809,74.9,10.998
2026-04-21,2757.7,75.237,88.25,14.14,6639.665249999999,6378.349113380952,74.5125,10.954
2026-04-22,2761.64,74.5897,89.36,14.01,6665.335591999999,6406.472237587302,74.5475,10.952
2026-04-23,2771.46,74.9995,92.23,14.06,6917.203885,6438.336004428572,75.205,11.07
2026-04-24,2733.0,74.8349,92.26,14.25,6904.267874000001,6470.320315761905,74.69,10.98
2026-04-27,2732.41,74.8349,94.39,14.24,7063.666211000001,6504.115403365079,74.1175,10.9395
2026-04-28,2696.58,74.8081,95.05,14.22,7110.509904999999,6536.516087285715,74.84,10.98
2026-04-29,2639.82,74.6947,99.5,14.28,7432.122649999999,6571.077697920635,74.445,10.9115
2026-04-30,2658.21,74.8806,100.8,14.19,7547.96448,6608.115838730159,74.9775,10.9775
2026-05-04,2620.82,74.8806,103.05,14.22,7716.44583,6652.039835873016,75.37,11.0155
2026-05-05,2644.37,75.4388,101.15,14.28,7630.634620000001,6692.813313079365,75.395,11.0525
2026-05-06,2632.5,75.3448,94.87,14.22,7147.961176000001,6724.904579317461,74.49,10.9455
2026-05-07,2615.33,75.2246,96.1,14.31,7229.084059999999,6758.664283952381,74.3575,10.95
2026-05-08,2597.8,74.6209,94.25,14.32,7033.019825,6788.570825650794,74.005,10.9245
2026-05-11,2656.91,74.6209,97.98,14.24,7311.355782,6822.421503222222,74.005,10.825
2026-05-12,2689.96,74.6209,100.4,14.3,7491.938360000001,6857.281736873017,73.62,10.849
2026-05-13,2694.72,73.7878,98.25,14.3,7249.65135,6888.381480015873,73.29,10.8155
2026-05-14,2658.84,73.342,99.21,14.49,7276.259819999999,6921.1255876349205,73.19,10.768
2026-05-15,2633.84,73.1385,101.14,14.25,7397.227889999999,6956.796135730159,72.91,10.711
2026-05-18,2668.22,73.1385,101.18,14.25,7400.153429999999,6992.304835888889,72.445,10.6115
2026-05-19,2663.48,72.3497,102.68,14.33,7428.867196,7030.161439269841,70.7,10.3505
2026-05-20,2640.32,71.2926,96.14,14.3,6854.070564,7056.163463571428,71.315,10.46
2026-05-21,2664.29,70.9509,95.98,14.31,6809.867382,7079.884572492063,71.3725,10.435
2026-05-22,2625.69,70.7902,95.56,14.34,6764.711512,7102.3481377619055,71.9125,10.53
2026-05-25,2598.2,70.7902,91.33,14.44,6465.268966,7119.705857142858,72.0825,10.607
2026-05-26,2580.25,71.546,93.48,14.44,6688.120080000001,7140.778203015872,71.53,10.469
2026-05-27,2590.24,71.668,91.11,14.41,6529.671480000001,7158.439989174603,71.38,10.475
2026-05-28,2583.89,70.9012,91.29,14.37,6472.570548000001,7172.844139333333,71.2975,10.46
2026-05-29,2565.61,71.3715,89.4,14.42,6380.6121,7179.45974736508,71.3,10.487
2026-06-01,2570.04,71.3715,92.39,14.49,6594.012885,7186.434893952381,72.2775,10.64
2026-06-02,2620.39,71.5532,92.86,14.33,6644.430152,7195.752739777778,73.29,10.791
2026-06-03,2601.35,72.5597,94.22,14.36,6836.574934,7205.721995555556,73.9475,10.86
2026-06-04,2579.9,73.3436,91.81,14.38,6733.675916,7208.029718031746,73.8,10.8235
2026-06-05,2561.04,74.2956,90.41,14.41,6717.065196,7203.284900507937,73.99,10.87
2026-06-08,2517.64,74.2956,91.29,14.49,6782.445324,7204.1823850158735,73.05,10.7055
2026-06-09,2522.77,73.2644,90.04,14.51,6596.726576,7197.132092063492,71.855,10.5755
2026-06-10,2520.88,71.7318,92.0,14.42,6599.325600000001,7182.729071111112,72.25,10.585
2026-06-11,2515.33,71.7892,87.56,14.51,6285.862351999999,7162.925088,72.3875,10.604
2026-06-15,2542.84,71.7892,82.17,14.54,5898.918564,7136.841086333333,72.44,10.653
2026-06-16,2490.52,72.4513,78.97,14.52,5721.479161,7102.967251365079,73.0,10.73
2026-06-17,2485.05,72.1388,78.45,14.55,5659.288860000001,7061.6497418253975,73.27,10.78
2026-06-18,2441.24,72.7479,78.74,14.59,5728.169645999999,7017.236187587301,73.55,10.7895
2026-06-19,2420.56,73.3591,79.7,14.69,5846.72027,6972.428810904762,73.7925,10.807
2026-06-22,2318.28,73.3591,77.72,14.93,5701.469252,6933.69192184127,74.89,10.989
2026-06-23,2335.94,73.765,77.0,14.93,5679.905,6901.814468349206,75.105,10.941
2026-06-24,2243.47,74.62,74.1,15.14,5529.342,6866.856115968254,75.05,10.97
2026-06-25,2257.24,74.7738,75.15,15.33,5619.25107,6832.5630139682535,76.39,11.1695
2026-06-26,2285.61,75.6347,74.21,15.44,5612.851086999999,6792.892104587302,79.2625,11.489
2026-06-29,2349.81,75.6347,74.49,15.33,5634.028802999999,6752.162419301588,77.42,11.37
2026-06-30,2348.15,77.7539,74.25,15.42,5773.227075,6726.374110968254,79.4125,11.619
2026-07-01,2344.55,78.2696,73.12,15.52,5723.073152,6702.846931285714,78.52,11.47
2026-07-02,2256.06,78.2652,73.11,15.75,5721.968771999999,6674.899487126983,78.24,11.462
2026-07-03,2242.84,77.9293,73.13,15.85,5698.969708999999,6643.482383206349,78.32,11.49
2026-07-06,2194.14,77.9293,73.11,15.93,5697.411123,6614.731064460317,76.6525,11.1825
2026-07-07,2190.39,77.9695,76.0,15.95,5925.682,6593.034796984127,77.2475,11.2845
2026-07-08,2220.77,76.1258,78.9,15.69,6006.3256200000005,6577.523861936508,76.47,11.2015
2026-07-09,2186.75,76.4026,76.15,15.67,5818.057990000001,6561.14287504762,76.82,11.251
2026-07-10,2145.65,75.93,76.16,15.62,5782.8288,6545.568720444444,77.3225,11.317
2026-07-13,2164.42,75.93,82.0,15.81,6226.26,6533.1166162857135,77.295,11.3285
2026-07-14,2170.78,76.6213,82.54,15.83,6324.322102000001,6526.209586396825,78.16,11.4725
2026-07-15,2111.9,77.4912,82.91,15.99,6424.795392,6521.129091920635,77.7,11.44
2026-07-16,2022.27,77.9568,82.13,16.17,6402.591984,6515.088464111111,78.74,11.5845
2026-07-17,1958.43,78.3181,84.43,16.16,6612.397183000001,6517.922695333333,78.625,11.57
2026-07-20,2000.69,78.3181,85.12,16.27,6666.436672000001,6520.382826031747,79.13,11.641
2026-07-21,2078.78,78.3159,85.45,15.89,6692.093655000001,6521.215022936508,78.5225,11.599
2026-07-22,2136.11,78.554,86.26,15.84,6776.068040000001,6522.97268084127,78.41,11.5445
2026-07-23,2144.97,78.4756,87.33,15.75,6853.274148,6521.957923111111,79.015,11.573
2026-07-24,2165.54,78.4049,87.11,15.38,6829.850839,6520.776700333334,77.97,11.479
2026-07-27,2216.92,78.4049,82.9,15.49,6499.766210000001,6511.825906666667,78.58,11.55
2026-07-28,2191.18,78.0172,80.27,15.46,6262.440644,6498.364489825397,79.485,11.667
2026-07-29,2237.17,78.698,84.99,15.39,6688.543019999999,6486.561638555555,80.33,11.795
2026-07-30,2209.84,79.357,83.8,15.4,6650.116599999999,6472.310084904762,80.1075,11.75
2026-07-31,2226.36,79.8573,84.36,15.42,6736.761828,6456.759545190476,79.4625,11.732
2026-08-03,2262.75,79.8573,80.93,15.49,6462.851289,6438.223301841271,80.9825,11.942
2026-08-04,2269.23,80.0687,78.32,15.46,6270.980584,6424.302974984127,81.03,11.951
2026-08-05,2301.65,81.1291,77.81,15.45,6312.655271,6409.756486269841,81.06,11.99
2026-08-06,2285.88,80.9293,80.34,15.36,6501.859962,6401.325377333334,81.6575,12.081
2026-08-07,2281.31,81.4077,79.7,15.4,6488.193690000001,6388.259312380953,82.6675,12.239
2026-08-10,2295.96,81.4077,79.7,15.36,6488.193690000001,6372.326857301588,82.7475,
2026-08-11,2323.82,82.8175,85.09,15.31507307779192,7046.941075,6369.109233888889,82.8175,12.244
2026-08-12,2301.43,82.97,84.74,15.325999929225876,7030.877799999999,6365.214281190477,82.97,12.299
2026-08-13,2232.14,84.1975,82.6,15.289448514355964,6954.7135,6358.190243253967,84.1975,12.451
2026-08-14,2132.82,84.6,82.6,15.422141793016507,6987.959999999999,6351.647490396826,84.6,
2026-08-17,2093.22,85.2975,85.43,15.664187987762611,7286.965425,6349.395081333334,85.2975,12.6145
