date,price,slug,market_end,market_start,priority,days_to_end,p,hazard_annual
2023-07-13,0.125,will-russia-ukraine-declare-a-ceasefire-by-eoy,2023-12-31,2023-07-12,1,171,0.125,0.285023147999712
2023-07-14,0.105,will-russia-ukraine-declare-a-ceasefire-by-eoy,2023-12-31,2023-07-12,1,170,0.105,0.2381765862244577
2023-07-15,0.105,will-russia-ukraine-declare-a-ceasefire-by-eoy,2023-12-31,2023-07-12,1,169,0.105,0.23958591513702845
2023-07-16,0.115,will-russia-ukraine-declare-a-ceasefire-by-eoy,2023-12-31,2023-07-12,1,168,0.115,0.2654237285749152
2023-07-17,0.105,will-russia-ukraine-declare-a-ceasefire-by-eoy,2023-12-31,2023-07-12,1,167,0.105,0.24245520753387909
2023-07-18,0.095,will-russia-ukraine-declare-a-ceasefire-by-eoy,2023-12-31,2023-07-12,1,166,0.095,0.21948447215666855
2023-07-19,0.095,will-russia-ukraine-declare-a-ceasefire-by-eoy,2023-12-31,2023-07-12,1,165,0.095,0.2208146810788302
2023-07-20,0.09,will-russia-ukraine-declare-a-ceasefire-by-eoy,2023-12-31,2023-07-12,1,164,0.09,0.2098987683353846
2023-07-21,0.09,will-russia-ukraine-declare-a-ceasefire-by-eoy,2023-12-31,2023-07-12,1,163,0.09,0.21118649084050964
2023-07-22,0.085,will-russia-ukraine-declare-a-ceasefire-by-eoy,2023-12-31,2023-07-12,1,162,0.085,0.20014440125256006
2023-07-23,0.085,will-russia-ukraine-declare-a-ceasefire-by-eoy,2023-12-31,2023-07-12,1,161,0.085,0.2013875341795946
2023-07-24,0.09,will-russia-ukraine-declare-a-ceasefire-by-eoy,2023-12-31,2023-07-12,1,160,0.09,0.21514623754376921
2023-07-25,0.09,will-russia-ukraine-declare-a-ceasefire-by-eoy,2023-12-31,2023-07-12,1,159,0.09,0.21649935853461053
2023-07-26,0.085,will-russia-ukraine-declare-a-ceasefire-by-eoy,2023-12-31,2023-07-12,1,158,0.085,0.2052113481197135
2023-07-27,0.07,will-russia-ukraine-declare-a-ceasefire-by-eoy,2023-12-31,2023-07-12,1,157,0.07,0.16871530499818443
2023-07-28,0.095,will-russia-ukraine-declare-a-ceasefire-by-eoy,2023-12-31,2023-07-12,1,156,0.095,0.23355398960260884
2023-07-29,0.07,will-russia-ukraine-declare-a-ceasefire-by-eoy,2023-12-31,2023-07-12,1,155,0.07,0.17089227667558038
2023-07-30,0.055,will-russia-ukraine-declare-a-ceasefire-by-eoy,2023-12-31,2023-07-12,1,154,0.055,0.13407907982638922
2023-07-31,0.065,will-russia-ukraine-declare-a-ceasefire-by-eoy,2023-12-31,2023-07-12,1,153,0.065,0.1603345989418905
2023-08-01,0.075,will-russia-ukraine-declare-a-ceasefire-by-eoy,2023-12-31,2023-07-12,1,152,0.075,0.18721028050292637
2023-08-02,0.075,will-russia-ukraine-declare-a-ceasefire-by-eoy,2023-12-31,2023-07-12,1,151,0.075,0.18845008368506494
2023-08-03,0.075,will-russia-ukraine-declare-a-ceasefire-by-eoy,2023-12-31,2023-07-12,1,150,0.075,0.18970641757629875
2023-08-04,0.075,will-russia-ukraine-declare-a-ceasefire-by-eoy,2023-12-31,2023-07-12,1,149,0.075,0.1909796150096967
2023-08-05,0.465,will-russia-ukraine-declare-a-ceasefire-by-eoy,2023-12-31,2023-07-12,1,148,0.465,1.5425899608880924
2023-08-06,0.095,will-russia-ukraine-declare-a-ceasefire-by-eoy,2023-12-31,2023-07-12,1,147,0.095,0.24785321345582978
2023-08-07,0.09,will-russia-ukraine-declare-a-ceasefire-by-eoy,2023-12-31,2023-07-12,1,146,0.09,0.23577669867810322
2023-08-08,0.08,will-russia-ukraine-declare-a-ceasefire-by-eoy,2023-12-31,2023-07-12,1,145,0.08,0.20989163629485255
2023-08-09,0.07,will-russia-ukraine-declare-a-ceasefire-by-eoy,2023-12-31,2023-07-12,1,144,0.07,0.18394654781052053
2023-08-10,0.075,will-russia-ukraine-declare-a-ceasefire-by-eoy,2023-12-31,2023-07-12,1,143,0.075,0.19899274570940426
2023-08-11,0.075,will-russia-ukraine-declare-a-ceasefire-by-eoy,2023-12-31,2023-07-12,1,142,0.075,0.20039410307355499
2023-08-12,0.075,will-russia-ukraine-declare-a-ceasefire-by-eoy,2023-12-31,2023-07-12,1,141,0.075,0.2018153378471263
2023-08-13,0.075,will-russia-ukraine-declare-a-ceasefire-by-eoy,2023-12-31,2023-07-12,1,140,0.075,0.2032568759746058
2023-08-14,0.08,will-russia-ukraine-declare-a-ceasefire-by-eoy,2023-12-31,2023-07-12,1,139,0.08,0.21895170692628504
2023-08-15,0.075,will-russia-ukraine-declare-a-ceasefire-by-eoy,2023-12-31,2023-07-12,1,138,0.075,0.2062026278003247
2023-08-16,0.075,will-russia-ukraine-declare-a-ceasefire-by-eoy,2023-12-31,2023-07-12,1,137,0.075,0.20770775647040007
2023-08-17,0.075,will-russia-ukraine-declare-a-ceasefire-by-eoy,2023-12-31,2023-07-12,1,136,0.075,0.20923501938562358
2023-08-18,0.105,will-russia-ukraine-declare-a-ceasefire-by-eoy,2023-12-31,2023-07-12,1,135,0.105,0.2999260715419097
2023-08-19,0.105,will-russia-ukraine-declare-a-ceasefire-by-eoy,2023-12-31,2023-07-12,1,134,0.105,0.3021643258071478
2023-08-20,0.125,will-russia-ukraine-declare-a-ceasefire-by-eoy,2023-12-31,2023-07-12,1,133,0.125,0.3664583331424869
2023-08-21,0.12,will-russia-ukraine-declare-a-ceasefire-by-eoy,2023-12-31,2023-07-12,1,132,0.12,0.3534786409174847
2023-08-22,0.1,will-russia-ukraine-declare-a-ceasefire-by-eoy,2023-12-31,2023-07-12,1,131,0.1,0.2935617421000503
2023-08-23,0.085,will-russia-ukraine-declare-a-ceasefire-by-eoy,2023-12-31,2023-07-12,1,130,0.085,0.2494107154070364
2023-08-24,0.095,will-russia-ukraine-declare-a-ceasefire-by-eoy,2023-12-31,2023-07-12,1,129,0.095,0.28243738277524794
2023-08-25,0.09,will-russia-ukraine-declare-a-ceasefire-by-eoy,2023-12-31,2023-07-12,1,128,0.09,0.2689327969297115
2023-08-26,0.085,will-russia-ukraine-declare-a-ceasefire-by-eoy,2023-12-31,2023-07-12,1,127,0.085,0.2553023071095648
2023-08-27,0.09,will-russia-ukraine-declare-a-ceasefire-by-eoy,2023-12-31,2023-07-12,1,126,0.09,0.27320157148415136
2023-08-28,0.08,will-russia-ukraine-declare-a-ceasefire-by-eoy,2023-12-31,2023-07-12,1,125,0.08,0.24347429810202897
2023-08-29,0.09,will-russia-ukraine-declare-a-ceasefire-by-eoy,2023-12-31,2023-07-12,1,124,0.09,0.2776080484435732
2023-08-30,0.08,will-russia-ukraine-declare-a-ceasefire-by-eoy,2023-12-31,2023-07-12,1,123,0.08,0.24743322977848473
2023-08-31,0.08,will-russia-ukraine-declare-a-ceasefire-by-eoy,2023-12-31,2023-07-12,1,122,0.08,0.2494613710061772
2023-09-01,0.08,will-russia-ukraine-declare-a-ceasefire-by-eoy,2023-12-31,2023-07-12,1,121,0.08,0.25152303522936875
2023-09-02,0.09,will-russia-ukraine-declare-a-ceasefire-by-eoy,2023-12-31,2023-07-12,1,120,0.09,0.28686165005835895
2023-09-03,0.09,will-russia-ukraine-declare-a-ceasefire-by-eoy,2023-12-31,2023-07-12,1,119,0.09,0.28927225215968966
2023-09-04,0.09,will-russia-ukraine-declare-a-ceasefire-by-eoy,2023-12-31,2023-07-12,1,118,0.09,0.29172371192375485
2023-09-05,0.095,will-russia-ukraine-declare-a-ceasefire-by-eoy,2023-12-31,2023-07-12,1,117,0.095,0.3114053194701451
2023-09-06,0.095,will-russia-ukraine-declare-a-ceasefire-by-eoy,2023-12-31,2023-07-12,1,116,0.095,0.31408984808626705
2023-09-07,0.12,will-russia-ukraine-declare-a-ceasefire-by-eoy,2023-12-31,2023-07-12,1,115,0.12,0.40573200522702596
2023-09-08,0.1,will-russia-ukraine-declare-a-ceasefire-by-eoy,2023-12-31,2023-07-12,1,114,0.1,0.3373384931149701
2023-09-09,0.1,will-russia-ukraine-declare-a-ceasefire-by-eoy,2023-12-31,2023-07-12,1,113,0.1,0.34032378951421766
2023-09-10,0.1,will-russia-ukraine-declare-a-ceasefire-by-eoy,2023-12-31,2023-07-12,1,112,0.1,0.3433623947777374
2023-09-11,0.1,will-russia-ukraine-declare-a-ceasefire-by-eoy,2023-12-31,2023-07-12,1,111,0.1,0.34645574968564496
2023-09-12,0.1,will-russia-ukraine-declare-a-ceasefire-by-eoy,2023-12-31,2023-07-12,1,110,0.1,0.34960534741005994
2023-09-13,0.1,will-russia-ukraine-declare-a-ceasefire-by-eoy,2023-12-31,2023-07-12,1,109,0.1,0.3528127359184091
2023-09-14,0.09,will-russia-ukraine-declare-a-ceasefire-by-eoy,2023-12-31,2023-07-12,1,108,0.09,0.3187351667315099
2023-09-15,0.09,will-russia-ukraine-declare-a-ceasefire-by-eoy,2023-12-31,2023-07-12,1,107,0.09,0.32171400006544926
2023-09-16,0.085,will-russia-ukraine-declare-a-ceasefire-by-eoy,2023-12-31,2023-07-12,1,106,0.085,0.30588106606523335
2023-09-17,0.085,will-russia-ukraine-declare-a-ceasefire-by-eoy,2023-12-31,2023-07-12,1,105,0.085,0.3087942190753784
2023-09-18,0.085,will-russia-ukraine-declare-a-ceasefire-by-eoy,2023-12-31,2023-07-12,1,104,0.085,0.3117633942587955
2023-09-19,0.085,will-russia-ukraine-declare-a-ceasefire-by-eoy,2023-12-31,2023-07-12,1,103,0.085,0.3147902233292692
2023-09-20,0.07,will-russia-ukraine-declare-a-ceasefire-by-eoy,2023-12-31,2023-07-12,1,102,0.07,0.2596892439677937
2023-09-21,0.07,will-russia-ukraine-declare-a-ceasefire-by-eoy,2023-12-31,2023-07-12,1,101,0.07,0.2622604246011382
2023-09-22,0.065,will-russia-ukraine-declare-a-ceasefire-by-eoy,2023-12-31,2023-07-12,1,100,0.065,0.24531193638109247
2023-09-23,0.065,will-russia-ukraine-declare-a-ceasefire-by-eoy,2023-12-31,2023-07-12,1,99,0.065,0.24778983472837623
2023-09-24,0.065,will-russia-ukraine-declare-a-ceasefire-by-eoy,2023-12-31,2023-07-12,1,98,0.065,0.25031830242968617
2023-09-25,0.07,will-russia-ukraine-declare-a-ceasefire-by-eoy,2023-12-31,2023-07-12,1,97,0.07,0.2730752874712882
2023-09-26,0.1,will-russia-ukraine-declare-a-ceasefire-by-eoy,2023-12-31,2023-07-12,1,96,0.1,0.40058946057402706
2023-09-27,0.09,will-russia-ukraine-declare-a-ceasefire-by-eoy,2023-12-31,2023-07-12,1,95,0.09,0.3623515579684534
2023-09-28,0.07,will-russia-ukraine-declare-a-ceasefire-by-eoy,2023-12-31,2023-07-12,1,94,0.07,0.2817904562203719
2023-09-29,0.07,will-russia-ukraine-declare-a-ceasefire-by-eoy,2023-12-31,2023-07-12,1,93,0.07,0.28482046112596726
2023-09-30,0.07,will-russia-ukraine-declare-a-ceasefire-by-eoy,2023-12-31,2023-07-12,1,92,0.07,0.2879163357034234
2023-10-01,0.07,will-russia-ukraine-declare-a-ceasefire-by-eoy,2023-12-31,2023-07-12,1,91,0.07,0.29108025148038413
2023-10-02,0.065,will-russia-ukraine-declare-a-ceasefire-by-eoy,2023-12-31,2023-07-12,1,90,0.065,0.27256881820121387
2023-10-03,0.065,will-russia-ukraine-declare-a-ceasefire-by-eoy,2023-12-31,2023-07-12,1,89,0.065,0.27563138919223873
2023-10-04,0.065,will-russia-ukraine-declare-a-ceasefire-by-eoy,2023-12-31,2023-07-12,1,88,0.065,0.27876356406942326
2023-10-05,0.07,will-russia-ukraine-declare-a-ceasefire-by-eoy,2023-12-31,2023-07-12,1,87,0.07,0.3044632515484478
2023-10-06,0.07,will-russia-ukraine-declare-a-ceasefire-by-eoy,2023-12-31,2023-07-12,1,86,0.07,0.3080035219152902
2023-10-07,0.07,will-russia-ukraine-declare-a-ceasefire-by-eoy,2023-12-31,2023-07-12,1,85,0.07,0.3116270927613525
2023-10-08,0.1,will-russia-ukraine-declare-a-ceasefire-by-eoy,2023-12-31,2023-07-12,1,84,0.1,0.45781652637031656
2023-10-09,0.1,will-russia-ukraine-declare-a-ceasefire-by-eoy,2023-12-31,2023-07-12,1,83,0.1,0.46333238813381433
2023-10-10,0.09,will-russia-ukraine-declare-a-ceasefire-by-eoy,2023-12-31,2023-07-12,1,82,0.09,0.4197975366707692
2023-10-11,0.08,will-russia-ukraine-declare-a-ceasefire-by-eoy,2023-12-31,2023-07-12,1,81,0.08,0.3757319415154768
2023-10-12,0.08,will-russia-ukraine-declare-a-ceasefire-by-eoy,2023-12-31,2023-07-12,1,80,0.08,0.38042859078442026
2023-10-13,0.075,will-russia-ukraine-declare-a-ceasefire-by-eoy,2023-12-31,2023-07-12,1,79,0.075,0.3602020586891748
2023-10-14,0.07,will-russia-ukraine-declare-a-ceasefire-by-eoy,2023-12-31,2023-07-12,1,78,0.07,0.3395936267271148
2023-10-15,0.07,will-russia-ukraine-declare-a-ceasefire-by-eoy,2023-12-31,2023-07-12,1,77,0.07,0.34400393356772674
2023-10-16,0.065,will-russia-ukraine-declare-a-ceasefire-by-eoy,2023-12-31,2023-07-12,1,76,0.065,0.32277886365933217
2023-10-17,0.065,will-russia-ukraine-declare-a-ceasefire-by-eoy,2023-12-31,2023-07-12,1,75,0.065,0.3270825818414566
2023-10-18,0.065,will-russia-ukraine-declare-a-ceasefire-by-eoy,2023-12-31,2023-07-12,1,74,0.065,0.331502616731206
2023-10-19,0.065,will-russia-ukraine-declare-a-ceasefire-by-eoy,2023-12-31,2023-07-12,1,73,0.065,0.33604374846724994
2023-10-20,0.07,will-russia-ukraine-declare-a-ceasefire-by-eoy,2023-12-31,2023-07-12,1,72,0.07,0.36789309562104106
2023-10-21,0.075,will-russia-ukraine-declare-a-ceasefire-by-eoy,2023-12-31,2023-07-12,1,71,0.075,0.40078820614710997
2023-10-22,0.065,will-russia-ukraine-declare-a-ceasefire-by-eoy,2023-12-31,2023-07-12,1,70,0.065,0.35044562340156066
2023-10-23,0.06,will-russia-ukraine-declare-a-ceasefire-by-eoy,2023-12-31,2023-07-12,1,69,0.06,0.3273119182188688
2023-10-24,0.06,will-russia-ukraine-declare-a-ceasefire-by-eoy,2023-12-31,2023-07-12,1,68,0.06,0.332125328780911
2023-10-25,0.065,will-russia-ukraine-declare-a-ceasefire-by-eoy,2023-12-31,2023-07-12,1,67,0.065,0.36613721847924247
2023-10-26,0.045,will-russia-ukraine-declare-a-ceasefire-by-eoy,2023-12-31,2023-07-12,1,66,0.045,0.2546369326214166
2023-10-27,0.055,will-russia-ukraine-declare-a-ceasefire-by-eoy,2023-12-31,2023-07-12,1,65,0.055,0.31766428143482983
2023-10-28,0.055,will-russia-ukraine-declare-a-ceasefire-by-eoy,2023-12-31,2023-07-12,1,64,0.055,0.32262778583224905
2023-10-29,0.055,will-russia-ukraine-declare-a-ceasefire-by-eoy,2023-12-31,2023-07-12,1,63,0.055,0.32774886179784024
2023-10-30,0.055,will-russia-ukraine-declare-a-ceasefire-by-eoy,2023-12-31,2023-07-12,1,62,0.055,0.3330351337623216
2023-10-31,0.045,will-russia-ukraine-declare-a-ceasefire-by-eoy,2023-12-31,2023-07-12,1,61,0.045,0.2755088123444836
2023-11-01,0.035,will-russia-ukraine-declare-a-ceasefire-by-eoy,2023-12-31,2023-07-12,1,60,0.035,0.21673199732916956
2023-11-02,0.035,will-russia-ukraine-declare-a-ceasefire-by-eoy,2023-12-31,2023-07-12,1,59,0.035,0.2204054210127148
2023-11-03,0.0355,will-russia-ukraine-declare-a-ceasefire-by-eoy,2023-12-31,2023-07-12,1,58,0.0355,0.22746703486670583
2023-11-04,0.036,will-russia-ukraine-declare-a-ceasefire-by-eoy,2023-12-31,2023-07-12,1,57,0.036,0.23477814553738396
2023-11-05,0.12,will-russia-ukraine-declare-a-ceasefire-by-eoy,2023-12-31,2023-07-12,1,56,0.12,0.833199653591214
2023-11-06,0.1125,will-russia-ukraine-declare-a-ceasefire-by-eoy,2023-12-31,2023-07-12,1,55,0.1125,0.7920284824706669
2023-11-07,0.065,will-russia-ukraine-declare-a-ceasefire-by-eoy,2023-12-31,2023-07-12,1,54,0.065,0.45428136366868976
2023-11-08,0.065,will-russia-ukraine-declare-a-ceasefire-by-eoy,2023-12-31,2023-07-12,1,53,0.065,0.46285271015300467
2023-11-09,0.0635,will-russia-ukraine-declare-a-ceasefire-by-eoy,2023-12-31,2023-07-12,1,52,0.0635,0.4605019488609184
2023-11-10,0.109,will-russia-ukraine-declare-a-ceasefire-by-eoy,2023-12-31,2023-07-12,1,51,0.109,0.825979623561463
2023-11-11,0.083,will-russia-ukraine-declare-a-ceasefire-by-eoy,2023-12-31,2023-07-12,1,50,0.083,0.6325289890974067
2023-11-12,0.0615,will-russia-ukraine-declare-a-ceasefire-by-eoy,2023-12-31,2023-07-12,1,49,0.0615,0.47280478324049674
2023-11-13,0.0465,will-russia-ukraine-declare-a-ceasefire-by-eoy,2023-12-31,2023-07-12,1,48,0.0465,0.3620788893480646
2023-11-14,0.047,will-russia-ukraine-declare-a-ceasefire-by-eoy,2023-12-31,2023-07-12,1,47,0.047,0.3738561062701334
2023-11-15,0.0465,will-russia-ukraine-declare-a-ceasefire-by-eoy,2023-12-31,2023-07-12,1,46,0.0465,0.3778214497545021
2023-11-16,0.0465,will-russia-ukraine-declare-a-ceasefire-by-eoy,2023-12-31,2023-07-12,1,45,0.0465,0.3862174819712689
2023-11-17,0.0465,will-russia-ukraine-declare-a-ceasefire-by-eoy,2023-12-31,2023-07-12,1,44,0.0465,0.3949951520160704
2023-11-18,0.0465,will-russia-ukraine-declare-a-ceasefire-by-eoy,2023-12-31,2023-07-12,1,43,0.0465,0.404181085783886
2023-11-19,0.048,will-russia-ukraine-declare-a-ceasefire-by-eoy,2023-12-31,2023-07-12,1,42,0.048,0.4274866459436119
2023-11-20,0.048,will-russia-ukraine-declare-a-ceasefire-by-eoy,2023-12-31,2023-07-12,1,41,0.048,0.4379131495032122
2023-11-21,0.065,will-russia-ukraine-declare-a-ceasefire-by-eoy,2023-12-31,2023-07-12,1,40,0.065,0.6132798409527312
2023-11-22,0.056,will-russia-ukraine-declare-a-ceasefire-by-eoy,2023-12-31,2023-07-12,1,39,0.056,0.5393493893685203
2023-11-23,0.0625,will-russia-ukraine-declare-a-ceasefire-by-eoy,2023-12-31,2023-07-12,1,38,0.0625,0.6199094793477231
2023-11-24,0.0755,will-russia-ukraine-declare-a-ceasefire-by-eoy,2023-12-31,2023-07-12,1,37,0.0755,0.7744138723394459
2023-11-25,0.1135,will-russia-ukraine-declare-a-ceasefire-by-eoy,2023-12-31,2023-07-12,1,36,0.1135,1.2214740559937278
2023-11-26,0.104,will-russia-ukraine-declare-a-ceasefire-by-eoy,2023-12-31,2023-07-12,1,35,0.104,1.1452121740751542
2023-11-27,0.0815,will-russia-ukraine-declare-a-ceasefire-by-eoy,2023-12-31,2023-07-12,1,34,0.0815,0.912643577333506
2023-11-28,0.08,will-russia-ukraine-declare-a-ceasefire-by-eoy,2023-12-31,2023-07-12,1,33,0.08,0.922251129174352
2023-11-29,0.0795,will-russia-ukraine-declare-a-ceasefire-by-eoy,2023-12-31,2023-07-12,1,32,0.0795,0.9448741119620828
2023-11-30,0.0725,will-russia-ukraine-declare-a-ceasefire-by-eoy,2023-12-31,2023-07-12,1,31,0.0725,0.8861550594419227
2023-12-01,0.0715,will-russia-ukraine-declare-a-ceasefire-by-eoy,2023-12-31,2023-07-12,1,30,0.0715,0.9025829279707485
2023-12-02,0.052,will-russia-ukraine-declare-a-ceasefire-by-eoy,2023-12-31,2023-07-12,1,29,0.052,0.6721132243240373
2023-12-03,0.0455,will-russia-ukraine-declare-a-ceasefire-by-eoy,2023-12-31,2023-07-12,1,28,0.0455,0.6070423954629348
2023-12-04,0.052,will-russia-ukraine-declare-a-ceasefire-by-eoy,2023-12-31,2023-07-12,1,27,0.052,0.7218993890887808
2023-12-05,0.0495,will-russia-ukraine-declare-a-ceasefire-by-eoy,2023-12-31,2023-07-12,1,26,0.0495,0.7126922201762851
2023-12-06,0.043,will-russia-ukraine-declare-a-ceasefire-by-eoy,2023-12-31,2023-07-12,1,25,0.043,0.6416975579260694
2023-12-07,0.045,will-russia-ukraine-declare-a-ceasefire-by-eoy,2023-12-31,2023-07-12,1,24,0.045,0.7002515647088958
2023-12-08,0.0445,will-russia-ukraine-declare-a-ceasefire-by-eoy,2023-12-31,2023-07-12,1,23,0.0445,0.7223907863113215
2023-12-09,0.044,will-russia-ukraine-declare-a-ceasefire-by-eoy,2023-12-31,2023-07-12,1,22,0.044,0.7465472074872076
2023-12-10,0.041,will-russia-ukraine-declare-a-ceasefire-by-eoy,2023-12-31,2023-07-12,1,21,0.041,0.7276397379059566
2023-12-11,0.0365,will-russia-ukraine-declare-a-ceasefire-by-eoy,2023-12-31,2023-07-12,1,20,0.0365,0.6785859380808161
2023-12-12,0.041,will-russia-ukraine-declare-a-ceasefire-by-eoy,2023-12-31,2023-07-12,1,19,0.041,0.8042333945276362
2023-12-13,0.2,ceasefire-between-russia-and-ukraine-by-june,2024-06-29,2023-12-12,2,199,0.2,0.4092833981391284
2023-12-14,0.22,ceasefire-between-russia-and-ukraine-by-june,2024-06-29,2023-12-12,2,198,0.22,0.45802220274723415
2023-12-15,0.23,ceasefire-between-russia-and-ukraine-by-june,2024-06-29,2023-12-12,2,197,0.23,0.48425451222872457
2023-12-16,0.225,ceasefire-between-russia-and-ukraine-by-june,2024-06-29,2023-12-12,2,196,0.225,0.4746717914005529
2023-12-17,0.225,ceasefire-between-russia-and-ukraine-by-june,2024-06-29,2023-12-12,2,195,0.225,0.4771060057154275
2023-12-18,0.225,ceasefire-between-russia-and-ukraine-by-june,2024-06-29,2023-12-12,2,194,0.225,0.47956531502323896
2023-12-19,0.23,ceasefire-between-russia-and-ukraine-by-june,2024-06-29,2023-12-12,2,193,0.23,0.49429087517647013
2023-12-20,0.235,ceasefire-between-russia-and-ukraine-by-june,2024-06-29,2023-12-12,2,192,0.235,0.5092499868843461
2023-12-21,0.245,ceasefire-between-russia-and-ukraine-by-june,2024-06-29,2023-12-12,2,191,0.245,0.5370612479192985
2023-12-22,0.245,ceasefire-between-russia-and-ukraine-by-june,2024-06-29,2023-12-12,2,190,0.245,0.5398878860662422
2023-12-23,0.61,ceasefire-between-russia-and-ukraine-by-june,2024-06-29,2023-12-12,2,189,0.61,1.8184503547530815
2023-12-24,0.255,ceasefire-between-russia-and-ukraine-by-june,2024-06-29,2023-12-12,2,188,0.255,0.5715182825528766
2023-12-25,0.445,ceasefire-between-russia-and-ukraine-by-june,2024-06-29,2023-12-12,2,187,0.445,1.1492369802728954
2023-12-26,0.42,ceasefire-between-russia-and-ukraine-by-june,2024-06-29,2023-12-12,2,186,0.42,1.0689538657860767
2023-12-27,0.36,ceasefire-between-russia-and-ukraine-by-june,2024-06-29,2023-12-12,2,185,0.36,0.880512391672287
2023-12-28,0.315,ceasefire-between-russia-and-ukraine-by-june,2024-06-29,2023-12-12,2,184,0.315,0.7505043525150421
2023-12-29,0.31,ceasefire-between-russia-and-ukraine-by-june,2024-06-29,2023-12-12,2,183,0.31,0.7400996923915503
2023-12-30,0.31,ceasefire-between-russia-and-ukraine-by-june,2024-06-29,2023-12-12,2,182,0.31,0.7441661742178775
2023-12-31,0.29,ceasefire-between-russia-and-ukraine-by-june,2024-06-29,2023-12-12,2,181,0.29,0.6906572528484709
2024-01-01,0.31,ceasefire-between-russia-and-ukraine-by-june,2024-06-29,2023-12-12,2,180,0.31,0.7524346872647428
2024-01-02,0.28,ceasefire-between-russia-and-ukraine-by-june,2024-06-29,2023-12-12,2,179,0.28,0.6698546617027552
2024-01-03,0.245,ceasefire-between-russia-and-ukraine-by-june,2024-06-29,2023-12-12,2,178,0.245,0.5762848222055393
2024-01-04,0.245,ceasefire-between-russia-and-ukraine-by-june,2024-06-29,2023-12-12,2,177,0.245,0.579540668658678
2024-01-05,0.245,ceasefire-between-russia-and-ukraine-by-june,2024-06-29,2023-12-12,2,176,0.245,0.582833513366966
2024-01-06,0.25,ceasefire-between-russia-and-ukraine-by-june,2024-06-29,2023-12-12,2,175,0.25,0.6000226082565716
2024-01-07,0.26,ceasefire-between-russia-and-ukraine-by-june,2024-06-29,2023-12-12,2,174,0.26,0.6316284992306402
2024-01-08,0.27,ceasefire-between-russia-and-ukraine-by-june,2024-06-29,2023-12-12,2,173,0.27,0.6639850974941652
2024-01-09,0.26,ceasefire-between-russia-and-ukraine-by-june,2024-06-29,2023-12-12,2,172,0.26,0.6389730166635545
2024-01-10,0.175,ceasefire-between-russia-and-ukraine-by-june,2024-06-29,2023-12-12,2,171,0.175,0.41061836734690926
2024-01-11,0.245,ceasefire-between-russia-and-ukraine-by-june,2024-06-29,2023-12-12,2,170,0.245,0.6034041079563883
2024-01-12,0.27,ceasefire-between-russia-and-ukraine-by-june,2024-06-29,2023-12-12,2,169,0.27,0.6797007211034947
2024-01-13,0.245,ceasefire-between-russia-and-ukraine-by-june,2024-06-29,2023-12-12,2,168,0.245,0.6105874901939643
2024-01-14,0.255,ceasefire-between-russia-and-ukraine-by-june,2024-06-29,2023-12-12,2,167,0.255,0.6433858510176096
2024-01-15,0.235,ceasefire-between-russia-and-ukraine-by-june,2024-06-29,2023-12-12,2,166,0.235,0.589012033022858
2024-01-16,0.225,ceasefire-between-russia-and-ukraine-by-june,2024-06-29,2023-12-12,2,165,0.225,0.5638525522091417
2024-01-17,0.215,ceasefire-between-russia-and-ukraine-by-june,2024-06-29,2023-12-12,2,164,0.215,0.5387568282798838
2024-01-18,0.215,ceasefire-between-russia-and-ukraine-by-june,2024-06-29,2023-12-12,2,163,0.215,0.5420620848950978
2024-01-19,0.215,ceasefire-between-russia-and-ukraine-by-june,2024-06-29,2023-12-12,2,162,0.215,0.5454081471475366
2024-01-20,0.215,ceasefire-between-russia-and-ukraine-by-june,2024-06-29,2023-12-12,2,161,0.215,0.548795775390689
2024-01-21,0.205,ceasefire-between-russia-and-ukraine-by-june,2024-06-29,2023-12-12,2,160,0.205,0.5233487811228054
2024-01-22,0.215,ceasefire-between-russia-and-ukraine-by-june,2024-06-29,2023-12-12,2,159,0.215,0.5556988669050373
2024-01-23,0.215,ceasefire-between-russia-and-ukraine-by-june,2024-06-29,2023-12-12,2,158,0.215,0.5592159483411452
2024-01-24,0.17,ceasefire-between-russia-and-ukraine-by-june,2024-06-29,2023-12-12,2,157,0.17,0.4331865989802237
2024-01-25,0.165,ceasefire-between-russia-and-ukraine-by-june,2024-06-29,2023-12-12,2,156,0.165,0.4219108798584474
2024-01-26,0.165,ceasefire-between-russia-and-ukraine-by-june,2024-06-29,2023-12-12,2,155,0.165,0.42463288553495354
2024-01-27,0.155,ceasefire-between-russia-and-ukraine-by-june,2024-06-29,2023-12-12,2,154,0.155,0.399174076903322
2024-01-28,0.155,ceasefire-between-russia-and-ukraine-by-june,2024-06-29,2023-12-12,2,153,0.155,0.40178305779811496
2024-01-29,0.155,ceasefire-between-russia-and-ukraine-by-june,2024-06-29,2023-12-12,2,152,0.155,0.404426367388892
2024-01-30,0.155,ceasefire-between-russia-and-ukraine-by-june,2024-06-29,2023-12-12,2,151,0.155,0.40710468770272573
2024-01-31,0.155,ceasefire-between-russia-and-ukraine-by-june,2024-06-29,2023-12-12,2,150,0.155,0.4098187189540773
2024-02-01,0.165,ceasefire-between-russia-and-ukraine-by-june,2024-06-29,2023-12-12,2,149,0.165,0.4417321963618644
2024-02-02,0.165,ceasefire-between-russia-and-ukraine-by-june,2024-06-29,2023-12-12,2,148,0.165,0.44471687336430943
2024-02-03,0.165,ceasefire-between-russia-and-ukraine-by-june,2024-06-29,2023-12-12,2,147,0.165,0.4477421582171278
2024-02-04,0.165,ceasefire-between-russia-and-ukraine-by-june,2024-06-29,2023-12-12,2,146,0.165,0.450808885328204
2024-02-05,0.165,ceasefire-between-russia-and-ukraine-by-june,2024-06-29,2023-12-12,2,145,0.165,0.453917912123571
2024-02-06,0.125,ceasefire-between-russia-and-ukraine-by-june,2024-06-29,2023-12-12,2,144,0.125,0.33846498824965804
2024-02-07,0.125,ceasefire-between-russia-and-ukraine-by-june,2024-06-29,2023-12-12,2,143,0.125,0.34083187627937594
2024-02-08,0.125,ceasefire-between-russia-and-ukraine-by-june,2024-06-29,2023-12-12,2,142,0.125,0.3432321007602166
2024-02-09,0.125,ceasefire-between-russia-and-ukraine-by-june,2024-06-29,2023-12-12,2,141,0.125,0.34566637097837416
2024-02-10,0.135,ceasefire-between-russia-and-ukraine-by-june,2024-06-29,2023-12-12,2,140,0.135,0.3781029057024577
2024-02-11,0.135,ceasefire-between-russia-and-ukraine-by-june,2024-06-29,2023-12-12,2,139,0.135,0.380823070491684
2024-02-12,0.135,ceasefire-between-russia-and-ukraine-by-june,2024-06-29,2023-12-12,2,138,0.135,0.383582657959015
2024-02-13,0.125,ceasefire-between-russia-and-ukraine-by-june,2024-06-29,2023-12-12,2,137,0.125,0.35575881976606394
2024-02-14,0.125,ceasefire-between-russia-and-ukraine-by-june,2024-06-29,2023-12-12,2,136,0.125,0.3583746934408144
2024-02-15,0.125,ceasefire-between-russia-and-ukraine-by-june,2024-06-29,2023-12-12,2,135,0.125,0.3610293207996353
2024-02-16,0.135,ceasefire-between-russia-and-ukraine-by-june,2024-06-29,2023-12-12,2,134,0.135,0.39503288655480656
2024-02-17,0.135,ceasefire-between-russia-and-ukraine-by-june,2024-06-29,2023-12-12,2,133,0.135,0.39800305863416596
2024-02-18,0.145,ceasefire-between-russia-and-ukraine-by-june,2024-06-29,2023-12-12,2,132,0.145,0.4331715202012314
2024-02-19,0.145,ceasefire-between-russia-and-ukraine-by-june,2024-06-29,2023-12-12,2,131,0.145,0.436478173027195
2024-02-20,0.145,ceasefire-between-russia-and-ukraine-by-june,2024-06-29,2023-12-12,2,130,0.145,0.43983569743509654
2024-02-21,0.145,ceasefire-between-russia-and-ukraine-by-june,2024-06-29,2023-12-12,2,129,0.145,0.443245276484981
2024-02-22,0.145,ceasefire-between-russia-and-ukraine-by-june,2024-06-29,2023-12-12,2,128,0.145,0.4467081302075199
2024-02-23,0.145,ceasefire-between-russia-and-ukraine-by-june,2024-06-29,2023-12-12,2,127,0.145,0.4502255170595476
2024-02-24,0.135,ceasefire-between-russia-and-ukraine-by-june,2024-06-29,2023-12-12,2,126,0.135,0.4201143396693974
2024-02-25,0.125,ceasefire-between-russia-and-ukraine-by-june,2024-06-29,2023-12-12,2,125,0.125,0.3899116664636061
2024-02-26,0.125,ceasefire-between-russia-and-ukraine-by-june,2024-06-29,2023-12-12,2,124,0.125,0.39305611538669966
2024-02-27,0.125,ceasefire-between-russia-and-ukraine-by-june,2024-06-29,2023-12-12,2,123,0.125,0.39625169356057527
2024-02-28,0.125,ceasefire-between-russia-and-ukraine-by-june,2024-06-29,2023-12-12,2,122,0.125,0.39949965826189143
2024-02-29,0.125,ceasefire-between-russia-and-ukraine-by-june,2024-06-29,2023-12-12,2,121,0.125,0.4028013083301715
2024-03-01,0.125,ceasefire-between-russia-and-ukraine-by-june,2024-06-29,2023-12-12,2,120,0.125,0.4061579858995897
2024-03-02,0.125,ceasefire-between-russia-and-ukraine-by-june,2024-06-29,2023-12-12,2,119,0.125,0.4095710782180736
2024-03-03,0.125,ceasefire-between-russia-and-ukraine-by-june,2024-06-29,2023-12-12,2,118,0.125,0.41304201955890474
2024-03-04,0.115,ceasefire-between-russia-and-ukraine-by-june,2024-06-29,2023-12-12,2,117,0.115,0.38112125128705765
2024-03-05,0.115,ceasefire-between-russia-and-ukraine-by-june,2024-06-29,2023-12-12,2,116,0.115,0.38440677931539435
2024-03-06,0.115,ceasefire-between-russia-and-ukraine-by-june,2024-06-29,2023-12-12,2,115,0.115,0.38774944696161523
2024-03-07,0.12,ceasefire-between-russia-and-ukraine-by-june,2024-06-29,2023-12-12,2,114,0.12,0.409291057904456
2024-03-08,0.12,ceasefire-between-russia-and-ukraine-by-june,2024-06-29,2023-12-12,2,113,0.12,0.4129131026646724
2024-03-09,0.17,ceasefire-between-russia-and-ukraine-by-june,2024-06-29,2023-12-12,2,112,0.17,0.6072347860704921
2024-03-10,0.125,ceasefire-between-russia-and-ukraine-by-june,2024-06-29,2023-12-12,2,111,0.125,0.43908971448604284
2024-03-11,0.125,ceasefire-between-russia-and-ukraine-by-june,2024-06-29,2023-12-12,2,110,0.125,0.44308143916318876
2024-03-12,0.125,ceasefire-between-russia-and-ukraine-by-june,2024-06-29,2023-12-12,2,109,0.125,0.4471464064949611
2024-03-13,0.125,ceasefire-between-russia-and-ukraine-by-june,2024-06-29,2023-12-12,2,108,0.125,0.45128665099954407
2024-03-14,0.125,ceasefire-between-russia-and-ukraine-by-june,2024-06-29,2023-12-12,2,107,0.125,0.4555042832518762
2024-03-15,0.125,ceasefire-between-russia-and-ukraine-by-june,2024-06-29,2023-12-12,2,106,0.125,0.4598014934712336
2024-03-16,0.12,ceasefire-between-russia-and-ukraine-by-june,2024-06-29,2023-12-12,2,105,0.12,0.4443731485819808
2024-03-17,0.12,ceasefire-between-russia-and-ukraine-by-june,2024-06-29,2023-12-12,2,104,0.12,0.448645967318346
2024-03-18,0.125,ceasefire-between-russia-and-ukraine-by-june,2024-06-29,2023-12-12,2,103,0.125,0.47319376998010443
2024-03-19,0.125,ceasefire-between-russia-and-ukraine-by-june,2024-06-29,2023-12-12,2,102,0.125,0.4778329245877525
2024-03-20,0.125,ceasefire-between-russia-and-ukraine-by-june,2024-06-29,2023-12-12,2,101,0.125,0.48256394364307686
2024-03-21,0.125,ceasefire-between-russia-and-ukraine-by-june,2024-06-29,2023-12-12,2,100,0.125,0.48738958307950764
2024-03-22,0.125,ceasefire-between-russia-and-ukraine-by-june,2024-06-29,2023-12-12,2,99,0.125,0.4923127101813208
2024-03-23,0.125,ceasefire-between-russia-and-ukraine-by-june,2024-06-29,2023-12-12,2,98,0.125,0.49733630926480366
2024-03-24,0.125,ceasefire-between-russia-and-ukraine-by-june,2024-06-29,2023-12-12,2,97,0.125,0.5024634877108325
2024-03-25,0.125,ceasefire-between-russia-and-ukraine-by-june,2024-06-29,2023-12-12,2,96,0.125,0.5076974823744871
2024-03-26,0.125,ceasefire-between-russia-and-ukraine-by-june,2024-06-29,2023-12-12,2,95,0.125,0.5130416663994817
2024-03-27,0.125,ceasefire-between-russia-and-ukraine-by-june,2024-06-29,2023-12-12,2,94,0.125,0.5184995564675613
2024-03-28,0.125,ceasefire-between-russia-and-ukraine-by-june,2024-06-29,2023-12-12,2,93,0.125,0.5240748205155995
2024-03-29,0.125,ceasefire-between-russia-and-ukraine-by-june,2024-06-29,2023-12-12,2,92,0.125,0.5297712859559864
2024-03-30,0.115,ceasefire-between-russia-and-ukraine-by-june,2024-06-29,2023-12-12,2,91,0.115,0.49001303736907414
2024-03-31,0.115,ceasefire-between-russia-and-ukraine-by-june,2024-06-29,2023-12-12,2,90,0.115,0.495457626673175
2024-04-01,0.115,ceasefire-between-russia-and-ukraine-by-june,2024-06-29,2023-12-12,2,89,0.115,0.5010245662987163
2024-04-02,0.105,ceasefire-between-russia-and-ukraine-by-june,2024-06-29,2023-12-12,2,88,0.105,0.46011385975179325
2024-04-03,0.105,ceasefire-between-russia-and-ukraine-by-june,2024-06-29,2023-12-12,2,87,0.105,0.4654025248064116
2024-04-04,0.105,ceasefire-between-russia-and-ukraine-by-june,2024-06-29,2023-12-12,2,86,0.105,0.4708141820716024
2024-04-05,0.105,ceasefire-between-russia-and-ukraine-by-june,2024-06-29,2023-12-12,2,85,0.105,0.4763531724489154
2024-04-06,0.07,ceasefire-between-russia-and-ukraine-by-june,2024-06-29,2023-12-12,2,84,0.07,0.3153369391037495
2024-04-07,0.045,ceasefire-between-russia-and-ukraine-by-june,2024-06-29,2023-12-12,2,83,0.045,0.20248238015678913
2024-04-08,0.0455,ceasefire-between-russia-and-ukraine-by-june,2024-06-29,2023-12-12,2,82,0.0455,0.20728276918246558
2024-04-09,0.0455,ceasefire-between-russia-and-ukraine-by-june,2024-06-29,2023-12-12,2,81,0.0455,0.20984181571558244
2024-04-10,0.046,ceasefire-between-russia-and-ukraine-by-june,2024-06-29,2023-12-12,2,80,0.046,0.21485545937319322
2024-04-11,0.0485,ceasefire-between-russia-and-ukraine-by-june,2024-06-29,2023-12-12,2,79,0.0485,0.22969862240209485
2024-04-12,0.0385,ceasefire-between-russia-and-ukraine-by-june,2024-06-29,2023-12-12,2,78,0.0385,0.18372000760199295
2024-04-13,0.0385,ceasefire-between-russia-and-ukraine-by-june,2024-06-29,2023-12-12,2,77,0.0385,0.18610598172669418
2024-04-14,0.0415,ceasefire-between-russia-and-ukraine-by-june,2024-06-29,2023-12-12,2,76,0.0415,0.2035629805421028
2024-04-15,0.042,ceasefire-between-russia-and-ukraine-by-june,2024-06-29,2023-12-12,2,75,0.042,0.20881650492154588
2024-04-16,0.042,ceasefire-between-russia-and-ukraine-by-june,2024-06-29,2023-12-12,2,74,0.042,0.21163834958264785
2024-04-17,0.042,ceasefire-between-russia-and-ukraine-by-june,2024-06-29,2023-12-12,2,73,0.042,0.21453750505638275
2024-04-18,0.041,ceasefire-between-russia-and-ukraine-by-june,2024-06-29,2023-12-12,2,72,0.041,0.21222825688923733
2024-04-19,0.0415,ceasefire-between-russia-and-ukraine-by-june,2024-06-29,2023-12-12,2,71,0.0415,0.2178984017070396
2024-04-20,0.0405,ceasefire-between-russia-and-ukraine-by-june,2024-06-29,2023-12-12,2,70,0.0405,0.21557402414356555
2024-04-21,0.041,ceasefire-between-russia-and-ukraine-by-june,2024-06-29,2023-12-12,2,69,0.041,0.22145557240616068
2024-04-22,0.039,ceasefire-between-russia-and-ukraine-by-june,2024-06-29,2023-12-12,2,68,0.039,0.21352966991651878
2024-04-23,0.0385,ceasefire-between-russia-and-ukraine-by-june,2024-06-29,2023-12-12,2,67,0.0385,0.21388299392470822
2024-04-24,0.038,ceasefire-between-russia-and-ukraine-by-june,2024-06-29,2023-12-12,2,66,0.038,0.21424852023480556
2024-04-25,0.0365,ceasefire-between-russia-and-ukraine-by-june,2024-06-29,2023-12-12,2,65,0.0365,0.20879567325563572
2024-04-26,0.0365,ceasefire-between-russia-and-ukraine-by-june,2024-06-29,2023-12-12,2,64,0.0365,0.212058105650255
2024-04-27,0.0365,ceasefire-between-russia-and-ukraine-by-june,2024-06-29,2023-12-12,2,63,0.0365,0.21542410732724318
2024-04-28,0.0365,ceasefire-between-russia-and-ukraine-by-june,2024-06-29,2023-12-12,2,62,0.0365,0.21889868970348905
2024-04-29,0.036,ceasefire-between-russia-and-ukraine-by-june,2024-06-29,2023-12-12,2,61,0.036,0.21938285730542437
2024-04-30,0.0365,ceasefire-between-russia-and-ukraine-by-june,2024-06-29,2023-12-12,2,60,0.0365,0.22619531269360538
2024-05-01,0.041,ceasefire-between-russia-and-ukraine-by-june,2024-06-29,2023-12-12,2,59,0.041,0.2589904151868659
2024-05-02,0.0365,ceasefire-between-russia-and-ukraine-by-june,2024-06-29,2023-12-12,2,58,0.0365,0.23399515106235036
2024-05-03,0.032,ceasefire-between-russia-and-ukraine-by-june,2024-06-29,2023-12-12,2,57,0.032,0.20826254337770922
2024-05-04,0.0335,ceasefire-between-russia-and-ukraine-by-june,2024-06-29,2023-12-12,2,56,0.0335,0.22208933610391562
2024-05-05,0.0315,ceasefire-between-russia-and-ukraine-by-june,2024-06-29,2023-12-12,2,55,0.0315,0.21240873798739193
2024-05-06,0.034,ceasefire-between-russia-and-ukraine-by-june,2024-06-29,2023-12-12,2,54,0.034,0.2338125433502031
2024-05-07,0.0335,ceasefire-between-russia-and-ukraine-by-june,2024-06-29,2023-12-12,2,53,0.0335,0.2346604306003637
2024-05-08,0.032,ceasefire-between-russia-and-ukraine-by-june,2024-06-29,2023-12-12,2,52,0.032,0.22828778793325818
2024-05-09,0.032,ceasefire-between-russia-and-ukraine-by-june,2024-06-29,2023-12-12,2,51,0.032,0.2327640190692044
2024-05-10,0.032,ceasefire-between-russia-and-ukraine-by-june,2024-06-29,2023-12-12,2,50,0.032,0.2374192994505885
2024-05-11,0.032,ceasefire-between-russia-and-ukraine-by-june,2024-06-29,2023-12-12,2,49,0.032,0.24226459127611072
2024-05-12,0.0335,ceasefire-between-russia-and-ukraine-by-june,2024-06-29,2023-12-12,2,48,0.0335,0.2591042254545683
2024-05-13,0.0315,ceasefire-between-russia-and-ukraine-by-june,2024-06-29,2023-12-12,2,47,0.0315,0.2485634167937565
2024-05-14,0.0315,ceasefire-between-russia-and-ukraine-by-june,2024-06-29,2023-12-12,2,46,0.0315,0.2539669693327512
2024-05-15,0.034,ceasefire-between-russia-and-ukraine-by-june,2024-06-29,2023-12-12,2,45,0.034,0.28057505202024374
2024-05-16,0.0345,ceasefire-between-russia-and-ukraine-by-june,2024-06-29,2023-12-12,2,44,0.0345,0.29124658287391547
2024-05-17,0.0345,ceasefire-between-russia-and-ukraine-by-june,2024-06-29,2023-12-12,2,43,0.0345,0.2980197592198205
2024-05-18,0.0345,ceasefire-between-russia-and-ukraine-by-june,2024-06-29,2023-12-12,2,42,0.0345,0.3051154677726734
2024-05-19,0.0345,ceasefire-between-russia-and-ukraine-by-june,2024-06-29,2023-12-12,2,41,0.0345,0.3125573084500557
2024-05-20,0.031,ceasefire-between-russia-and-ukraine-by-june,2024-06-29,2023-12-12,2,40,0.031,0.287352337208759
2024-05-21,0.031,ceasefire-between-russia-and-ukraine-by-june,2024-06-29,2023-12-12,2,39,0.031,0.2947203458551374
2024-05-22,0.031,ceasefire-between-russia-and-ukraine-by-june,2024-06-29,2023-12-12,2,38,0.031,0.3024761444302726
2024-05-23,0.031,ceasefire-between-russia-and-ukraine-by-june,2024-06-29,2023-12-12,2,37,0.031,0.31065117536082054
2024-05-24,0.031,ceasefire-between-russia-and-ukraine-by-june,2024-06-29,2023-12-12,2,36,0.031,0.3192803746763989
2024-05-25,0.15,ceasefire-between-russia-and-ukraine-before-october,2024-09-30,2024-05-24,3,128,0.15,0.4634328848959988
2024-05-26,0.155,ceasefire-between-russia-and-ukraine-before-october,2024-09-30,2024-05-24,3,127,0.155,0.4840378570323747
2024-05-27,0.155,ceasefire-between-russia-and-ukraine-before-october,2024-09-30,2024-05-24,3,126,0.155,0.4878794273262824
2024-05-28,0.155,ceasefire-between-russia-and-ukraine-before-october,2024-09-30,2024-05-24,3,125,0.155,0.49178246274489273
2024-05-29,0.155,ceasefire-between-russia-and-ukraine-before-october,2024-09-30,2024-05-24,3,124,0.155,0.4957484503476741
2024-05-30,0.155,ceasefire-between-russia-and-ukraine-before-october,2024-09-30,2024-05-24,3,123,0.155,0.49977892555375275
2024-05-31,0.155,ceasefire-between-russia-and-ukraine-before-october,2024-09-30,2024-05-24,3,122,0.155,0.5038754741238655
2024-06-01,0.155,ceasefire-between-russia-and-ukraine-before-october,2024-09-30,2024-05-24,3,121,0.155,0.5080397342405916
2024-06-02,0.155,ceasefire-between-russia-and-ukraine-before-october,2024-09-30,2024-05-24,3,120,0.155,0.5122733986925966
2024-06-03,0.155,ceasefire-between-russia-and-ukraine-before-october,2024-09-30,2024-05-24,3,119,0.155,0.516578217169005
2024-06-04,0.155,ceasefire-between-russia-and-ukraine-before-october,2024-09-30,2024-05-24,3,118,0.155,0.5209559986704372
2024-06-05,0.155,ceasefire-between-russia-and-ukraine-before-october,2024-09-30,2024-05-24,3,117,0.155,0.5254086140436888
2024-06-06,0.155,ceasefire-between-russia-and-ukraine-before-october,2024-09-30,2024-05-24,3,116,0.155,0.5299379986475137
2024-06-07,0.155,ceasefire-between-russia-and-ukraine-before-october,2024-09-30,2024-05-24,3,115,0.155,0.534546155157492
2024-06-08,0.165,ceasefire-between-russia-and-ukraine-before-october,2024-09-30,2024-05-24,3,114,0.165,0.5773517303326122
2024-06-09,0.165,ceasefire-between-russia-and-ukraine-before-october,2024-09-30,2024-05-24,3,113,0.165,0.5824610376806885
2024-06-10,0.165,ceasefire-between-russia-and-ukraine-before-october,2024-09-30,2024-05-24,3,112,0.165,0.5876615826599803
2024-06-11,0.175,ceasefire-between-russia-and-ukraine-before-october,2024-09-30,2024-05-24,3,111,0.175,0.6325742415884819
2024-06-12,0.175,ceasefire-between-russia-and-ukraine-before-october,2024-09-30,2024-05-24,3,110,0.175,0.6383249165120136
2024-06-13,0.175,ceasefire-between-russia-and-ukraine-before-october,2024-09-30,2024-05-24,3,109,0.175,0.6441811084066191
2024-06-14,0.175,ceasefire-between-russia-and-ukraine-before-october,2024-09-30,2024-05-24,3,108,0.175,0.6501457482992731
2024-06-15,0.165,ceasefire-between-russia-and-ukraine-before-october,2024-09-30,2024-05-24,3,107,0.165,0.6151224042796055
2024-06-16,0.155,ceasefire-between-russia-and-ukraine-before-october,2024-09-30,2024-05-24,3,106,0.155,0.579932149463317
2024-06-17,0.08,ceasefire-between-russia-and-ukraine-before-october,2024-09-30,2024-05-24,3,105,0.08,0.2898503548833678
2024-06-18,0.08,ceasefire-between-russia-and-ukraine-before-october,2024-09-30,2024-05-24,3,104,0.08,0.2926373775264771
2024-06-19,0.11,ceasefire-between-russia-and-ukraine-before-october,2024-09-30,2024-05-24,3,103,0.11,0.4129596401303136
2024-06-20,0.1,ceasefire-between-russia-and-ukraine-before-october,2024-09-30,2024-05-24,3,102,0.1,0.37702537465790775
2024-06-21,0.105,ceasefire-between-russia-and-ukraine-before-october,2024-09-30,2024-05-24,3,101,0.105,0.40089128374413674
2024-06-22,0.105,ceasefire-between-russia-and-ukraine-before-october,2024-09-30,2024-05-24,3,100,0.105,0.4049001965815781
2024-06-23,0.105,ceasefire-between-russia-and-ukraine-before-october,2024-09-30,2024-05-24,3,99,0.105,0.40899009755714955
2024-06-24,0.1,ceasefire-between-russia-and-ukraine-before-october,2024-09-30,2024-05-24,3,98,0.1,0.39241416546027136
2024-06-25,0.1,ceasefire-between-russia-and-ukraine-before-october,2024-09-30,2024-05-24,3,97,0.1,0.3964596723206865
2024-06-26,0.1,ceasefire-between-russia-and-ukraine-before-october,2024-09-30,2024-05-24,3,96,0.1,0.40058946057402706
2024-06-27,0.105,ceasefire-between-russia-and-ukraine-before-october,2024-09-30,2024-05-24,3,95,0.105,0.4262107332437664
2024-06-28,0.1,ceasefire-between-russia-and-ukraine-before-october,2024-09-30,2024-05-24,3,94,0.1,0.40911264058624036
2024-06-29,0.1,ceasefire-between-russia-and-ukraine-before-october,2024-09-30,2024-05-24,3,93,0.1,0.4135117012377053
2024-06-30,0.115,ceasefire-between-russia-and-ukraine-before-october,2024-09-30,2024-05-24,3,92,0.115,0.48468680870201897
2024-07-01,0.1,ceasefire-between-russia-and-ukraine-before-october,2024-09-30,2024-05-24,3,91,0.1,0.4225998704956768
2024-07-02,0.1,ceasefire-between-russia-and-ukraine-before-october,2024-09-30,2024-05-24,3,90,0.1,0.42729542461229547
2024-07-03,0.095,ceasefire-between-russia-and-ukraine-before-october,2024-09-30,2024-05-24,3,89,0.095,0.40937553233715707
2024-07-04,0.11,ceasefire-between-russia-and-ukraine-before-october,2024-09-30,2024-05-24,3,88,0.11,0.48335048787979884
2024-07-05,0.09,ceasefire-between-russia-and-ukraine-before-october,2024-09-30,2024-05-24,3,87,0.09,0.3956712414598054
2024-07-06,0.095,ceasefire-between-russia-and-ukraine-before-october,2024-09-30,2024-05-24,3,86,0.095,0.4236560741628719
2024-07-07,0.085,ceasefire-between-russia-and-ukraine-before-october,2024-09-30,2024-05-24,3,85,0.085,0.38145168238723215
2024-07-08,0.085,ceasefire-between-russia-and-ukraine-before-october,2024-09-30,2024-05-24,3,84,0.085,0.385992773844223
2024-07-09,0.075,ceasefire-between-russia-and-ukraine-before-october,2024-09-30,2024-05-24,3,83,0.075,0.34284292333066035
2024-07-10,0.055,ceasefire-between-russia-and-ukraine-before-october,2024-09-30,2024-05-24,3,82,0.055,0.2518070523568773
2024-07-11,0.06,ceasefire-between-russia-and-ukraine-before-october,2024-09-30,2024-05-24,3,81,0.06,0.27882126366792526
2024-07-12,0.075,ceasefire-between-russia-and-ukraine-before-october,2024-09-30,2024-05-24,3,80,0.075,0.3556995329555601
2024-07-13,0.07,ceasefire-between-russia-and-ukraine-before-october,2024-09-30,2024-05-24,3,79,0.07,0.33529497322423996
2024-07-14,0.07,ceasefire-between-russia-and-ukraine-before-october,2024-09-30,2024-05-24,3,78,0.07,0.3395936267271148
2024-07-15,0.065,ceasefire-between-russia-and-ukraine-before-october,2024-09-30,2024-05-24,3,77,0.065,0.31858693036505514
2024-07-16,0.06,ceasefire-between-russia-and-ukraine-before-october,2024-09-30,2024-05-24,3,76,0.06,0.29716476785660456
2024-07-17,0.09,ceasefire-between-russia-and-ukraine-before-october,2024-09-30,2024-05-24,3,75,0.09,0.4589786400933743
2024-07-18,0.08,ceasefire-between-russia-and-ukraine-before-october,2024-09-30,2024-05-24,3,74,0.08,0.41127415219937324
2024-07-19,0.075,ceasefire-between-russia-and-ukraine-before-october,2024-09-30,2024-05-24,3,73,0.075,0.389807707348559
2024-07-20,0.075,ceasefire-between-russia-and-ukraine-before-october,2024-09-30,2024-05-24,3,72,0.075,0.39522170328395567
2024-07-21,0.09,ceasefire-between-russia-and-ukraine-before-october,2024-09-30,2024-05-24,3,71,0.09,0.4848365916479306
2024-07-22,0.085,ceasefire-between-russia-and-ukraine-before-october,2024-09-30,2024-05-24,3,70,0.085,0.4631913286130676
2024-07-23,0.195,ceasefire-between-russia-and-ukraine-before-october,2024-09-30,2024-05-24,3,69,0.195,1.147438341604412
2024-07-24,0.115,ceasefire-between-russia-and-ukraine-before-october,2024-09-30,2024-05-24,3,68,0.115,0.6557527411850845
2024-07-25,0.105,ceasefire-between-russia-and-ukraine-before-october,2024-09-30,2024-05-24,3,67,0.105,0.6043286516142956
2024-07-26,0.105,ceasefire-between-russia-and-ukraine-before-october,2024-09-30,2024-05-24,3,66,0.105,0.6134851463357244
2024-07-27,0.105,ceasefire-between-russia-and-ukraine-before-october,2024-09-30,2024-05-24,3,65,0.105,0.622923379356274
2024-07-28,0.105,ceasefire-between-russia-and-ukraine-before-october,2024-09-30,2024-05-24,3,64,0.105,0.6326565571587157
2024-07-29,0.075,ceasefire-between-russia-and-ukraine-before-october,2024-09-30,2024-05-24,3,63,0.075,0.45168194661023503
2024-07-30,0.08,ceasefire-between-russia-and-ukraine-before-october,2024-09-30,2024-05-24,3,62,0.08,0.49087560101215516
2024-07-31,0.085,ceasefire-between-russia-and-ukraine-before-october,2024-09-30,2024-05-24,3,61,0.085,0.5315310328346677
2024-08-01,0.09,ceasefire-between-russia-and-ukraine-before-october,2024-09-30,2024-05-24,3,60,0.09,0.5737233001167179
2024-08-02,0.125,ceasefire-between-russia-and-ukraine-before-october,2024-09-30,2024-05-24,3,59,0.125,0.8260840391178095
2024-08-03,0.12,ceasefire-between-russia-and-ukraine-before-october,2024-09-30,2024-05-24,3,58,0.12,0.8044686310535859
2024-08-04,0.11,ceasefire-between-russia-and-ukraine-before-october,2024-09-30,2024-05-24,3,57,0.11,0.7462253146214439
2024-08-05,0.105,ceasefire-between-russia-and-ukraine-before-october,2024-09-30,2024-05-24,3,56,0.105,0.7230360653242465
2024-08-06,0.08,ceasefire-between-russia-and-ukraine-before-october,2024-09-30,2024-05-24,3,55,0.08,0.5533506775046113
2024-08-07,0.065,ceasefire-between-russia-and-ukraine-before-october,2024-09-30,2024-05-24,3,54,0.065,0.45428136366868976
2024-08-08,0.065,ceasefire-between-russia-and-ukraine-before-october,2024-09-30,2024-05-24,3,53,0.065,0.46285271015300467
2024-08-09,0.075,ceasefire-between-russia-and-ukraine-before-october,2024-09-30,2024-05-24,3,52,0.075,0.5472300507008617
2024-08-10,0.075,ceasefire-between-russia-and-ukraine-before-october,2024-09-30,2024-05-24,3,51,0.075,0.5579600516949962
2024-08-11,0.07,ceasefire-between-russia-and-ukraine-before-october,2024-09-30,2024-05-24,3,50,0.07,0.5297660576942992
2024-08-12,0.055,ceasefire-between-russia-and-ukraine-before-october,2024-09-30,2024-05-24,3,49,0.055,0.42139139374008033
2024-08-13,0.07,ceasefire-between-russia-and-ukraine-before-october,2024-09-30,2024-05-24,3,48,0.07,0.5518396434315617
2024-08-14,0.055,ceasefire-between-russia-and-ukraine-before-october,2024-09-30,2024-05-24,3,47,0.055,0.439322942409871
2024-08-15,0.09,ceasefire-between-russia-and-ukraine-before-october,2024-09-30,2024-05-24,3,46,0.09,0.7483347392826754
2024-08-16,0.09,ceasefire-between-russia-and-ukraine-before-october,2024-09-30,2024-05-24,3,45,0.09,0.7649644001556238
2024-08-17,0.08,ceasefire-between-russia-and-ukraine-before-october,2024-09-30,2024-05-24,3,44,0.08,0.6916883468807641
2024-08-18,0.075,ceasefire-between-russia-and-ukraine-before-october,2024-09-30,2024-05-24,3,43,0.075,0.661766572940577
2024-08-19,0.085,ceasefire-between-russia-and-ukraine-before-october,2024-09-30,2024-05-24,3,42,0.085,0.771985547688446
2024-08-20,0.085,ceasefire-between-russia-and-ukraine-before-october,2024-09-30,2024-05-24,3,41,0.085,0.7908144634857251
2024-08-21,0.075,ceasefire-between-russia-and-ukraine-before-october,2024-09-30,2024-05-24,3,40,0.075,0.7113990659111202
2024-08-22,0.07,ceasefire-between-russia-and-ukraine-before-october,2024-09-30,2024-05-24,3,39,0.07,0.6791872534542296
2024-08-23,0.07,ceasefire-between-russia-and-ukraine-before-october,2024-09-30,2024-05-24,3,38,0.07,0.697060602229341
2024-08-24,0.065,ceasefire-between-russia-and-ukraine-before-october,2024-09-30,2024-05-24,3,37,0.065,0.663005233462412
2024-08-25,0.075,ceasefire-between-russia-and-ukraine-before-october,2024-09-30,2024-05-24,3,36,0.075,0.7904434065679113
2024-08-26,0.075,ceasefire-between-russia-and-ukraine-before-october,2024-09-30,2024-05-24,3,35,0.075,0.8130275038984232
2024-08-27,0.07,ceasefire-between-russia-and-ukraine-before-october,2024-09-30,2024-05-24,3,34,0.07,0.7790677319033811
2024-08-28,0.065,ceasefire-between-russia-and-ukraine-before-october,2024-09-30,2024-05-24,3,33,0.065,0.7433695041851287
2024-08-29,0.065,ceasefire-between-russia-and-ukraine-before-october,2024-09-30,2024-05-24,3,32,0.065,0.766599801190914
2024-08-30,0.085,ceasefire-between-russia-and-ukraine-before-october,2024-09-30,2024-05-24,3,31,0.085,1.04591590331983
2024-08-31,0.075,ceasefire-between-russia-and-ukraine-before-october,2024-09-30,2024-05-24,3,30,0.075,0.9485320878814937
2024-09-01,0.065,ceasefire-between-russia-and-ukraine-before-october,2024-09-30,2024-05-24,3,29,0.065,0.8459032289003188
2024-09-02,0.035,ceasefire-between-russia-and-ukraine-before-october,2024-09-30,2024-05-24,3,28,0.035,0.46442570856250615
2024-09-03,0.035,ceasefire-between-russia-and-ukraine-before-october,2024-09-30,2024-05-24,3,27,0.035,0.4816266607314879
2024-09-04,0.0335,ceasefire-between-russia-and-ukraine-before-october,2024-09-30,2024-05-24,3,26,0.0335,0.4783462623776645
2024-09-05,0.028,ceasefire-between-russia-and-ukraine-before-october,2024-09-30,2024-05-24,3,25,0.028,0.41463232801679084
2024-09-06,0.027,ceasefire-between-russia-and-ukraine-before-october,2024-09-30,2024-05-24,3,24,0.027,0.4162702846078411
2024-09-07,0.025,ceasefire-between-russia-and-ukraine-before-october,2024-09-30,2024-05-24,3,23,0.025,0.40178260496807877
2024-09-08,0.02,ceasefire-between-russia-and-ukraine-before-october,2024-09-30,2024-05-24,3,22,0.02,0.3351812804952093
2024-09-09,0.0205,ceasefire-between-russia-and-ukraine-before-october,2024-09-30,2024-05-24,3,21,0.0205,0.36001238967155585
2024-09-10,0.0205,ceasefire-between-russia-and-ukraine-before-october,2024-09-30,2024-05-24,3,20,0.0205,0.3780130091551337
2024-09-11,0.0265,ceasefire-between-russia-and-ukraine-before-october,2024-09-30,2024-05-24,3,19,0.0265,0.5159458301056402
2024-09-12,0.029,ceasefire-between-russia-and-ukraine-before-october,2024-09-30,2024-05-24,3,18,0.029,0.5967508834525801
2024-09-13,0.0275,ceasefire-between-russia-and-ukraine-before-october,2024-09-30,2024-05-24,3,17,0.0275,0.5987117219812068
2024-09-14,0.029,ceasefire-between-russia-and-ukraine-before-october,2024-09-30,2024-05-24,3,16,0.029,0.6713447438841526
2024-09-15,0.028,ceasefire-between-russia-and-ukraine-before-october,2024-09-30,2024-05-24,3,15,0.028,0.6910538800279847
2024-09-16,0.023,ceasefire-between-russia-and-ukraine-before-october,2024-09-30,2024-05-24,3,14,0.023,0.606646345204595
2024-09-17,0.11,russia-x-ukraine-ceasefire-in-2024,2024-12-31,2024-09-16,4,105,0.11,0.40509374222306954
2024-09-18,0.16,russia-x-ukraine-ceasefire-in-2024,2024-12-31,2024-09-16,4,104,0.16,0.6119133298831144
2024-09-19,0.115,russia-x-ukraine-ceasefire-in-2024,2024-12-31,2024-09-16,4,103,0.115,0.4329241398115121
2024-09-20,0.145,russia-x-ukraine-ceasefire-in-2024,2024-12-31,2024-09-16,4,102,0.145,0.5605749084957112
2024-09-21,0.18,russia-x-ukraine-ceasefire-in-2024,2024-12-31,2024-09-16,4,101,0.18,0.7171741844970391
2024-09-22,0.185,russia-x-ukraine-ceasefire-in-2024,2024-12-31,2024-09-16,4,100,0.185,0.7466701549556516
2024-09-23,0.155,russia-x-ukraine-ceasefire-in-2024,2024-12-31,2024-09-16,4,99,0.155,0.6209374529607231
2024-09-24,0.205,russia-x-ukraine-ceasefire-in-2024,2024-12-31,2024-09-16,4,98,0.205,0.8544469895882536
2024-09-25,0.215,russia-x-ukraine-ceasefire-in-2024,2024-12-31,2024-09-16,4,97,0.215,0.9108878333804219
2024-09-26,0.205,russia-x-ukraine-ceasefire-in-2024,2024-12-31,2024-09-16,4,96,0.205,0.872247968538009
2024-09-27,0.18,russia-x-ukraine-ceasefire-in-2024,2024-12-31,2024-09-16,4,95,0.18,0.7624693961494836
2024-09-28,0.185,russia-x-ukraine-ceasefire-in-2024,2024-12-31,2024-09-16,4,94,0.185,0.7943299520804804
2024-09-29,0.16,russia-x-ukraine-ceasefire-in-2024,2024-12-31,2024-09-16,4,93,0.16,0.6842901753531602
2024-09-30,0.185,russia-x-ukraine-ceasefire-in-2024,2024-12-31,2024-09-16,4,92,0.185,0.8115979945170125
2024-10-01,0.185,russia-x-ukraine-ceasefire-in-2024,2024-12-31,2024-09-16,4,91,0.185,0.8205166537974192
2024-10-02,0.195,russia-x-ukraine-ceasefire-in-2024,2024-12-31,2024-09-16,4,90,0.195,0.8797027285633825
2024-10-03,0.185,russia-x-ukraine-ceasefire-in-2024,2024-12-31,2024-09-16,4,89,0.185,0.8389552302872489
2024-10-04,0.18,russia-x-ukraine-ceasefire-in-2024,2024-12-31,2024-09-16,4,88,0.18,0.8231203708431925
2024-10-05,0.175,russia-x-ukraine-ceasefire-in-2024,2024-12-31,2024-09-16,4,87,0.175,0.8070774806473735
2024-10-06,0.195,russia-x-ukraine-ceasefire-in-2024,2024-12-31,2024-09-16,4,86,0.195,0.9206191345430746
2024-10-07,0.175,russia-x-ukraine-ceasefire-in-2024,2024-12-31,2024-09-16,4,85,0.175,0.826067539015547
2024-10-08,0.185,russia-x-ukraine-ceasefire-in-2024,2024-12-31,2024-09-16,4,84,0.185,0.888893041613871
2024-10-09,0.175,russia-x-ukraine-ceasefire-in-2024,2024-12-31,2024-09-16,4,83,0.175,0.845972780919536
2024-10-10,0.185,russia-x-ukraine-ceasefire-in-2024,2024-12-31,2024-09-16,4,82,0.185,0.9105733597020141
2024-10-11,0.185,russia-x-ukraine-ceasefire-in-2024,2024-12-31,2024-09-16,4,81,0.185,0.9218150061180883
2024-10-12,0.18,russia-x-ukraine-ceasefire-in-2024,2024-12-31,2024-09-16,4,80,0.18,0.9054324079275118
2024-10-13,0.18,russia-x-ukraine-ceasefire-in-2024,2024-12-31,2024-09-16,4,79,0.18,0.9168935776481131
2024-10-14,0.175,russia-x-ukraine-ceasefire-in-2024,2024-12-31,2024-09-16,4,78,0.175,0.900201805337455
2024-10-15,0.18,russia-x-ukraine-ceasefire-in-2024,2024-12-31,2024-09-16,4,77,0.18,0.9407089952493628
2024-10-16,0.165,russia-x-ukraine-ceasefire-in-2024,2024-12-31,2024-09-16,4,76,0.165,0.8660275954989183
2024-10-17,0.155,russia-x-ukraine-ceasefire-in-2024,2024-12-31,2024-09-16,4,75,0.155,0.8196374379081546
2024-10-18,0.145,russia-x-ukraine-ceasefire-in-2024,2024-12-31,2024-09-16,4,74,0.145,0.7726843333319263
2024-10-19,0.145,russia-x-ukraine-ceasefire-in-2024,2024-12-31,2024-09-16,4,73,0.145,0.7832690502268842
2024-10-20,0.155,russia-x-ukraine-ceasefire-in-2024,2024-12-31,2024-09-16,4,72,0.155,0.8537889978209943
2024-10-21,0.145,russia-x-ukraine-ceasefire-in-2024,2024-12-31,2024-09-16,4,71,0.145,0.8053329671346837
2024-10-22,0.165,russia-x-ukraine-ceasefire-in-2024,2024-12-31,2024-09-16,4,70,0.165,0.9402585322559686
2024-10-23,0.165,russia-x-ukraine-ceasefire-in-2024,2024-12-31,2024-09-16,4,69,0.165,0.953885467506055
2024-10-24,0.165,russia-x-ukraine-ceasefire-in-2024,2024-12-31,2024-09-16,4,68,0.165,0.9679131949693792
2024-10-25,0.17,russia-x-ukraine-ceasefire-in-2024,2024-12-31,2024-09-16,4,67,0.17,1.015079045371569
2024-10-26,0.155,russia-x-ukraine-ceasefire-in-2024,2024-12-31,2024-09-16,4,66,0.155,0.9314061794410846
2024-10-27,0.18,russia-x-ukraine-ceasefire-in-2024,2024-12-31,2024-09-16,4,65,0.18,1.114378348218476
2024-10-28,0.145,russia-x-ukraine-ceasefire-in-2024,2024-12-31,2024-09-16,4,64,0.145,0.8934162604150399
2024-10-29,0.135,russia-x-ukraine-ceasefire-in-2024,2024-12-31,2024-09-16,4,63,0.135,0.8402286793387947
2024-10-30,0.135,russia-x-ukraine-ceasefire-in-2024,2024-12-31,2024-09-16,4,62,0.135,0.8537807548120012
2024-10-31,0.145,russia-x-ukraine-ceasefire-in-2024,2024-12-31,2024-09-16,4,61,0.145,0.9373547650256155
2024-11-01,0.115,russia-x-ukraine-ceasefire-in-2024,2024-12-31,2024-09-16,4,60,0.115,0.7431864400097625
2024-11-02,0.115,russia-x-ukraine-ceasefire-in-2024,2024-12-31,2024-09-16,4,59,0.115,0.755782820348911
2024-11-03,0.115,russia-x-ukraine-ceasefire-in-2024,2024-12-31,2024-09-16,4,58,0.115,0.7688135586307887
2024-11-04,0.095,russia-x-ukraine-ceasefire-in-2024,2024-12-31,2024-09-16,4,57,0.095,0.6392003925966137
2024-11-05,0.095,russia-x-ukraine-ceasefire-in-2024,2024-12-31,2024-09-16,4,56,0.095,0.6506146853215532
2024-11-06,0.105,russia-x-ukraine-ceasefire-in-2024,2024-12-31,2024-09-16,4,55,0.105,0.7361821756028692
2024-11-07,0.135,russia-x-ukraine-ceasefire-in-2024,2024-12-31,2024-09-16,4,54,0.135,0.9802667925619273
2024-11-08,0.14,russia-x-ukraine-ceasefire-in-2024,2024-12-31,2024-09-16,4,53,0.14,1.0386859387381706
2024-11-09,0.145,russia-x-ukraine-ceasefire-in-2024,2024-12-31,2024-09-16,4,52,0.145,1.0995892435877412
2024-11-10,0.125,russia-x-ukraine-ceasefire-in-2024,2024-12-31,2024-09-16,4,51,0.125,0.955665849175505
2024-11-11,0.115,russia-x-ukraine-ceasefire-in-2024,2024-12-31,2024-09-16,4,50,0.115,0.8918237280117151
2024-11-12,0.085,russia-x-ukraine-ceasefire-in-2024,2024-12-31,2024-09-16,4,49,0.085,0.661701898018668
2024-11-13,0.085,russia-x-ukraine-ceasefire-in-2024,2024-12-31,2024-09-16,4,48,0.085,0.6754873542273903
2024-11-14,0.085,russia-x-ukraine-ceasefire-in-2024,2024-12-31,2024-09-16,4,47,0.085,0.6898594255939304
2024-11-15,0.085,russia-x-ukraine-ceasefire-in-2024,2024-12-31,2024-09-16,4,46,0.085,0.7048563696285811
2024-11-16,0.08,russia-x-ukraine-ceasefire-in-2024,2024-12-31,2024-09-16,4,45,0.08,0.6763174947278583
2024-11-17,0.07,russia-x-ukraine-ceasefire-in-2024,2024-12-31,2024-09-16,4,44,0.07,0.6020068837435217
2024-11-18,0.075,russia-x-ukraine-ceasefire-in-2024,2024-12-31,2024-09-16,4,43,0.075,0.661766572940577
2024-11-19,0.065,russia-x-ukraine-ceasefire-in-2024,2024-12-31,2024-09-16,4,42,0.065,0.5840760390026011
2024-11-20,0.06,russia-x-ukraine-ceasefire-in-2024,2024-12-31,2024-09-16,4,41,0.06,0.5508420087098036
2024-11-21,0.06,russia-x-ukraine-ceasefire-in-2024,2024-12-31,2024-09-16,4,40,0.06,0.5646130589275488
2024-11-22,0.06,russia-x-ukraine-ceasefire-in-2024,2024-12-31,2024-09-16,4,39,0.06,0.5790903168487679
2024-11-23,0.0645,russia-x-ukraine-ceasefire-in-2024,2024-12-31,2024-09-16,4,38,0.0645,0.6404225958636146
2024-11-24,0.0525,russia-x-ukraine-ceasefire-in-2024,2024-12-31,2024-09-16,4,37,0.0525,0.531995806468319
2024-11-25,0.052,russia-x-ukraine-ceasefire-in-2024,2024-12-31,2024-09-16,4,36,0.052,0.5414245418165856
2024-11-26,0.071,russia-x-ukraine-ceasefire-in-2024,2024-12-31,2024-09-16,4,35,0.071,0.7680282046122556
2024-11-27,0.058,russia-x-ukraine-ceasefire-in-2024,2024-12-31,2024-09-16,4,34,0.058,0.6414338708266919
2024-11-28,0.0545,russia-x-ukraine-ceasefire-in-2024,2024-12-31,2024-09-16,4,33,0.0545,0.6198517476522143
2024-11-29,0.0545,russia-x-ukraine-ceasefire-in-2024,2024-12-31,2024-09-16,4,32,0.0545,0.639222114766346
2024-11-30,0.0495,russia-x-ukraine-ceasefire-in-2024,2024-12-31,2024-09-16,4,31,0.0495,0.5977418620833359
2024-12-01,0.051,russia-x-ukraine-ceasefire-in-2024,2024-12-31,2024-09-16,4,30,0.051,0.6368821778618791
2024-12-02,0.0415,russia-x-ukraine-ceasefire-in-2024,2024-12-31,2024-09-16,4,29,0.0415,0.5334753972827522
2024-12-03,0.0385,russia-x-ukraine-ceasefire-in-2024,2024-12-31,2024-09-16,4,28,0.0385,0.511791449748409
2024-12-04,0.0425,russia-x-ukraine-ceasefire-in-2024,2024-12-31,2024-09-16,4,27,0.0425,0.5871032830917642
2024-12-05,0.0365,russia-x-ukraine-ceasefire-in-2024,2024-12-31,2024-09-16,4,26,0.0365,0.5219891831390893
2024-12-06,0.0295,russia-x-ukraine-ceasefire-in-2024,2024-12-31,2024-09-16,4,25,0.0295,0.4371805950468523
2024-12-07,0.029,russia-x-ukraine-ceasefire-in-2024,2024-12-31,2024-09-16,4,24,0.029,0.44756316258943507
2024-12-08,0.046,russia-x-ukraine-ceasefire-in-2024,2024-12-31,2024-09-16,4,23,0.046,0.7473233369502372
2024-12-09,0.0695,russia-x-ukraine-ceasefire-in-2024,2024-12-31,2024-09-16,4,22,0.0695,1.1950963208381153
2024-12-10,0.0845,russia-x-ukraine-ceasefire-in-2024,2024-12-31,2024-09-16,4,21,0.0845,1.5344759012696982
2024-12-11,0.0585,russia-x-ukraine-ceasefire-in-2024,2024-12-31,2024-09-16,4,20,0.0585,1.1001269886499716
2024-12-12,0.0535,russia-x-ukraine-ceasefire-in-2024,2024-12-31,2024-09-16,4,19,0.0535,1.0562775021819588
2024-12-13,0.055,russia-x-ukraine-ceasefire-in-2024,2024-12-31,2024-09-16,4,18,0.055,1.147121016292441
2024-12-14,0.039,russia-x-ukraine-ceasefire-in-2024,2024-12-31,2024-09-16,4,17,0.039,0.8541186796660751
2024-12-15,0.038,russia-x-ukraine-ceasefire-in-2024,2024-12-31,2024-09-16,4,16,0.038,0.883775145968573
2024-12-16,0.0465,russia-x-ukraine-ceasefire-in-2024,2024-12-31,2024-09-16,4,15,0.0465,1.1586524459138066
2024-12-17,0.046,russia-x-ukraine-ceasefire-in-2024,2024-12-31,2024-09-16,4,14,0.046,1.2277454821325327
2024-12-18,0.0305,russia-x-ukraine-ceasefire-in-2024,2024-12-31,2024-09-16,4,13,0.0305,0.8696771976378571
2024-12-19,0.0365,russia-x-ukraine-ceasefire-in-2024,2024-12-31,2024-09-16,4,12,0.0365,1.1309765634680269
2024-12-20,0.028,russia-x-ukraine-ceasefire-in-2024,2024-12-31,2024-09-16,4,11,0.028,0.9423462000381609
2024-12-21,0.017,russia-x-ukraine-ceasefire-in-2024,2024-12-31,2024-09-16,4,10,0.017,0.6258347974764238
2024-12-22,0.0175,russia-x-ukraine-ceasefire-in-2024,2024-12-31,2024-09-16,4,9,0.0175,0.7160057069036733
2024-12-23,0.0195,russia-x-ukraine-ceasefire-in-2024,2024-12-31,2024-09-16,4,8,0.0195,0.8984763963992071
2024-12-24,0.0175,russia-x-ukraine-ceasefire-in-2024,2024-12-31,2024-09-16,4,7,0.0175,0.9205787660190083
2024-12-25,0.0155,russia-x-ukraine-ceasefire-in-2024,2024-12-31,2024-09-16,4,6,0.0155,0.9503006715965375
2024-12-26,0.0105,russia-x-ukraine-ceasefire-in-2024,2024-12-31,2024-09-16,4,5,0.0105,0.7705525175847109
2024-12-27,0.007,russia-x-ukraine-ceasefire-in-2024,2024-12-31,2024-09-16,4,4,0.007,0.6409961129980075
2024-12-28,0.009,russia-x-ukraine-ceasefire-in-2024,2024-12-31,2024-09-16,4,3,0.009,1.0999572660114705
2024-12-29,0.0135,russia-x-ukraine-ceasefire-in-2024,2024-12-31,2024-09-16,4,2,0.0135,2.4805315173027225
2024-12-30,0.635,russia-x-ukraine-ceasefire-in-2025,2025-12-31,2024-12-29,6,366,0.635,1.005104215220958
2024-12-31,0.695,russia-x-ukraine-ceasefire-in-2025,2025-12-31,2024-12-29,6,365,0.695,1.1874435023747252
2025-01-01,0.705,russia-x-ukraine-ceasefire-in-2025,2025-12-31,2024-12-29,6,364,0.705,1.224133713638587
2025-01-02,0.695,russia-x-ukraine-ceasefire-in-2025,2025-12-31,2024-12-29,6,363,0.695,1.1939858908175611
2025-01-03,0.64,russia-x-ukraine-ceasefire-in-2025,2025-12-31,2024-12-29,6,362,0.64,1.0301179705778265
2025-01-04,0.62,russia-x-ukraine-ceasefire-in-2025,2025-12-31,2024-12-29,6,361,0.62,0.9783051789072646
2025-01-05,0.595,russia-x-ukraine-ceasefire-in-2025,2025-12-31,2024-12-29,6,360,0.595,0.9164219370405368
2025-01-06,0.595,russia-x-ukraine-ceasefire-in-2025,2025-12-31,2024-12-29,6,359,0.595,0.9189746443860536
2025-01-07,0.6,russia-x-ukraine-ceasefire-in-2025,2025-12-31,2024-12-29,6,358,0.6,0.9342070311007447
2025-01-08,0.595,russia-x-ukraine-ceasefire-in-2025,2025-12-31,2024-12-29,6,357,0.595,0.9241229617215496
2025-01-09,0.595,russia-x-ukraine-ceasefire-in-2025,2025-12-31,2024-12-29,6,356,0.595,0.9267188127376214
2025-01-10,0.59,russia-x-ukraine-ceasefire-in-2025,2025-12-31,2024-12-29,6,355,0.59,0.9167135592636084
2025-01-11,0.595,russia-x-ukraine-ceasefire-in-2025,2025-12-31,2024-12-29,6,354,0.595,0.9319545122446136
2025-01-12,0.555,russia-x-ukraine-ceasefire-in-2025,2025-12-31,2024-12-29,6,353,0.555,0.8372055632798935
2025-01-13,0.565,russia-x-ukraine-ceasefire-in-2025,2025-12-31,2024-12-29,6,352,0.565,0.8631516348895178
2025-01-14,0.575,russia-x-ukraine-ceasefire-in-2025,2025-12-31,2024-12-29,6,351,0.575,0.8897952426526149
2025-01-15,0.605,russia-x-ukraine-ceasefire-in-2025,2025-12-31,2024-12-29,6,350,0.605,0.9686782075416301
2025-01-16,0.605,russia-x-ukraine-ceasefire-in-2025,2025-12-31,2024-12-29,6,349,0.605,0.9714537897981964
2025-01-17,0.61,russia-x-ukraine-ceasefire-in-2025,2025-12-31,2024-12-29,6,348,0.61,0.9876066581848633
2025-01-18,0.605,russia-x-ukraine-ceasefire-in-2025,2025-12-31,2024-12-29,6,347,0.605,0.9770529470880995
2025-01-19,0.615,russia-x-ukraine-ceasefire-in-2025,2025-12-31,2024-12-29,6,346,0.615,1.0069273405012682
2025-01-20,0.62,russia-x-ukraine-ceasefire-in-2025,2025-12-31,2024-12-29,6,345,0.62,1.0236758538710797
2025-01-21,0.65,russia-x-ukraine-ceasefire-in-2025,2025-12-31,2024-12-29,6,344,0.65,1.1139101030291203
2025-01-22,0.64,russia-x-ukraine-ceasefire-in-2025,2025-12-31,2024-12-29,6,343,0.64,1.0871798989771815
2025-01-23,0.655,russia-x-ukraine-ceasefire-in-2025,2025-12-31,2024-12-29,6,342,0.655,1.1357805982808002
2025-01-24,0.65,russia-x-ukraine-ceasefire-in-2025,2025-12-31,2024-12-29,6,341,0.65,1.1237098986569425
2025-01-25,0.655,russia-x-ukraine-ceasefire-in-2025,2025-12-31,2024-12-29,6,340,0.655,1.1424616606236286
2025-01-26,0.635,russia-x-ukraine-ceasefire-in-2025,2025-12-31,2024-12-29,6,339,0.635,1.0851567633359016
2025-01-27,0.64,russia-x-ukraine-ceasefire-in-2025,2025-12-31,2024-12-29,6,338,0.64,1.1032624418614594
2025-01-28,0.645,russia-x-ukraine-ceasefire-in-2025,2025-12-31,2024-12-29,6,337,0.645,1.1216845212758257
2025-01-29,0.625,russia-x-ukraine-ceasefire-in-2025,2025-12-31,2024-12-29,6,336,0.625,1.0654841587776192
2025-01-30,0.625,russia-x-ukraine-ceasefire-in-2025,2025-12-31,2024-12-29,6,335,0.625,1.0686647085053136
2025-01-31,0.635,russia-x-ukraine-ceasefire-in-2025,2025-12-31,2024-12-29,6,334,0.635,1.101401625062487
2025-02-01,0.635,russia-x-ukraine-ceasefire-in-2025,2025-12-31,2024-12-29,6,333,0.635,1.104709137450062
2025-02-02,0.635,russia-x-ukraine-ceasefire-in-2025,2025-12-31,2024-12-29,6,332,0.635,1.108036574611056
2025-02-03,0.635,russia-x-ukraine-ceasefire-in-2025,2025-12-31,2024-12-29,6,331,0.635,1.1113841171325396
2025-02-04,0.625,russia-x-ukraine-ceasefire-in-2025,2025-12-31,2024-12-29,6,330,0.625,1.0848565980281215
2025-02-05,0.615,russia-x-ukraine-ceasefire-in-2025,2025-12-31,2024-12-29,6,329,0.615,1.0589570207095405
2025-02-06,0.625,russia-x-ukraine-ceasefire-in-2025,2025-12-31,2024-12-29,6,328,0.625,1.0914715772843904
2025-02-07,0.615,russia-x-ukraine-ceasefire-in-2025,2025-12-31,2024-12-29,6,327,0.615,1.065433822059446
2025-02-08,0.655,russia-x-ukraine-ceasefire-in-2025,2025-12-31,2024-12-29,6,326,0.655,1.1915244313252569
2025-02-09,0.655,russia-x-ukraine-ceasefire-in-2025,2025-12-31,2024-12-29,6,325,0.655,1.195190660344719
2025-02-10,0.645,russia-x-ukraine-ceasefire-in-2025,2025-12-31,2024-12-29,6,324,0.645,1.1666903816973866
2025-02-11,0.615,russia-x-ukraine-ceasefire-in-2025,2025-12-31,2024-12-29,6,323,0.615,1.078628048958015
2025-02-12,0.645,russia-x-ukraine-ceasefire-in-2025,2025-12-31,2024-12-29,6,322,0.645,1.1739369058073084
2025-02-13,0.685,russia-x-ukraine-ceasefire-in-2025,2025-12-31,2024-12-29,6,321,0.685,1.3135254319536573
2025-02-14,0.685,russia-x-ukraine-ceasefire-in-2025,2025-12-31,2024-12-29,6,320,0.685,1.3176301989285126
2025-02-15,0.685,russia-x-ukraine-ceasefire-in-2025,2025-12-31,2024-12-29,6,319,0.685,1.3217607011195112
2025-02-16,0.715,russia-x-ukraine-ceasefire-in-2025,2025-12-31,2024-12-29,6,318,0.715,1.4407928491522723
2025-02-17,0.74,russia-x-ukraine-ceasefire-in-2025,2025-12-31,2024-12-29,6,317,0.74,1.5510469448195974
2025-02-18,0.735,russia-x-ukraine-ceasefire-in-2025,2025-12-31,2024-12-29,6,316,0.735,1.533953450454142
2025-02-19,0.71,russia-x-ukraine-ceasefire-in-2025,2025-12-31,2024-12-29,6,315,0.71,1.4343623490177468
2025-02-20,0.67,russia-x-ukraine-ceasefire-in-2025,2025-12-31,2024-12-29,6,314,0.67,1.2887320316891342
2025-02-21,0.665,russia-x-ukraine-ceasefire-in-2025,2025-12-31,2024-12-29,6,313,0.665,1.2753132035537726
2025-02-22,0.685,russia-x-ukraine-ceasefire-in-2025,2025-12-31,2024-12-29,6,312,0.685,1.3514155886446282
2025-02-23,0.685,russia-x-ukraine-ceasefire-in-2025,2025-12-31,2024-12-29,6,311,0.685,1.3557609763894662
2025-02-24,0.695,russia-x-ukraine-ceasefire-in-2025,2025-12-31,2024-12-29,6,310,0.695,1.398118962473467
2025-02-25,0.725,russia-x-ukraine-ceasefire-in-2025,2025-12-31,2024-12-29,6,309,0.725,1.5249489520394222
2025-02-26,0.735,russia-x-ukraine-ceasefire-in-2025,2025-12-31,2024-12-29,6,308,0.735,1.5737963972191849
2025-02-27,0.705,russia-x-ukraine-ceasefire-in-2025,2025-12-31,2024-12-29,6,307,0.705,1.4514158689395626
2025-02-28,0.705,russia-x-ukraine-ceasefire-in-2025,2025-12-31,2024-12-29,6,306,0.705,1.4561590580537442
2025-03-01,0.665,russia-x-ukraine-ceasefire-in-2025,2025-12-31,2024-12-29,6,305,0.665,1.3087640416797732
2025-03-02,0.63,russia-x-ukraine-ceasefire-in-2025,2025-12-31,2024-12-29,6,304,0.63,1.1937568413503665
2025-03-03,0.595,russia-x-ukraine-ceasefire-in-2025,2025-12-31,2024-12-29,6,303,0.595,1.0888181430184594
2025-03-04,0.645,russia-x-ukraine-ceasefire-in-2025,2025-12-31,2024-12-29,6,302,0.645,1.2516810717548121
2025-03-05,0.705,russia-x-ukraine-ceasefire-in-2025,2025-12-31,2024-12-29,6,301,0.705,1.480347746725733
2025-03-06,0.735,russia-x-ukraine-ceasefire-in-2025,2025-12-31,2024-12-29,6,300,0.735,1.6157643011450298
2025-03-07,0.71,russia-x-ukraine-ceasefire-in-2025,2025-12-31,2024-12-29,6,299,0.71,1.5111175248849174
2025-03-08,0.715,russia-x-ukraine-ceasefire-in-2025,2025-12-31,2024-12-29,6,298,0.715,1.5374903558067872
2025-03-09,0.715,russia-x-ukraine-ceasefire-in-2025,2025-12-31,2024-12-29,6,297,0.715,1.5426670910115239
2025-03-10,0.72,russia-x-ukraine-ceasefire-in-2025,2025-12-31,2024-12-29,6,296,0.72,1.5697042961881889
2025-03-11,0.715,russia-x-ukraine-ceasefire-in-2025,2025-12-31,2024-12-29,6,295,0.715,1.553125850950585
2025-03-12,0.775,russia-x-ukraine-ceasefire-in-2025,2025-12-31,2024-12-29,6,294,0.775,1.851884455863492
2025-03-13,0.76,russia-x-ukraine-ceasefire-in-2025,2025-12-31,2024-12-29,6,293,0.76,1.7778070641933557
2025-03-14,0.735,russia-x-ukraine-ceasefire-in-2025,2025-12-31,2024-12-29,6,292,0.735,1.6600318162448935
2025-03-15,0.755,russia-x-ukraine-ceasefire-in-2025,2025-12-31,2024-12-29,6,291,0.755,1.7641629896208066
2025-03-16,0.74,russia-x-ukraine-ceasefire-in-2025,2025-12-31,2024-12-29,6,290,0.74,1.6954547638200428
2025-03-17,0.735,russia-x-ukraine-ceasefire-in-2025,2025-12-31,2024-12-29,6,289,0.735,1.6772639804273666
2025-03-18,0.75,russia-x-ukraine-ceasefire-in-2025,2025-12-31,2024-12-29,6,288,0.75,1.7569355618359725
2025-03-19,0.735,russia-x-ukraine-ceasefire-in-2025,2025-12-31,2024-12-29,6,287,0.735,1.688952231162052
2025-03-20,0.695,russia-x-ukraine-ceasefire-in-2025,2025-12-31,2024-12-29,6,286,0.695,1.5154436306530583
2025-03-21,0.695,russia-x-ukraine-ceasefire-in-2025,2025-12-31,2024-12-29,6,285,0.695,1.5207609767255252
2025-03-22,0.705,russia-x-ukraine-ceasefire-in-2025,2025-12-31,2024-12-29,6,284,0.705,1.5689601118466399
2025-03-23,0.705,russia-x-ukraine-ceasefire-in-2025,2025-12-31,2024-12-29,6,283,0.705,1.5745041405104088
2025-03-24,0.705,russia-x-ukraine-ceasefire-in-2025,2025-12-31,2024-12-29,6,282,0.705,1.5800874885264031
2025-03-25,0.68,russia-x-ukraine-ceasefire-in-2025,2025-12-31,2024-12-29,6,281,0.68,1.480048090262467
2025-03-26,0.655,russia-x-ukraine-ceasefire-in-2025,2025-12-31,2024-12-29,6,280,0.655,1.3872748736144063
2025-03-27,0.635,russia-x-ukraine-ceasefire-in-2025,2025-12-31,2024-12-29,6,279,0.635,1.3185238092145901
2025-03-28,0.605,russia-x-ukraine-ceasefire-in-2025,2025-12-31,2024-12-29,6,278,0.605,1.2195588943869444
2025-03-29,0.575,russia-x-ukraine-ceasefire-in-2025,2025-12-31,2024-12-29,6,277,0.575,1.1275022749858044
2025-03-30,0.52,russia-x-ukraine-ceasefire-in-2025,2025-12-31,2024-12-29,6,276,0.52,0.9706476409575114
2025-03-31,0.535,russia-x-ukraine-ceasefire-in-2025,2025-12-31,2024-12-29,6,275,0.535,1.0163164501421635
2025-04-01,0.495,russia-x-ukraine-ceasefire-in-2025,2025-12-31,2024-12-29,6,274,0.495,0.9100979932225316
2025-04-02,0.49,russia-x-ukraine-ceasefire-in-2025,2025-12-31,2024-12-29,6,273,0.49,0.9002592012500895
2025-04-03,0.45,russia-x-ukraine-ceasefire-in-2025,2025-12-31,2024-12-29,6,272,0.45,0.8022445046904465
2025-04-04,0.455,russia-x-ukraine-ceasefire-in-2025,2025-12-31,2024-12-29,6,271,0.455,0.8175050250051512
2025-04-05,0.435,russia-x-ukraine-ceasefire-in-2025,2025-12-31,2024-12-29,6,270,0.435,0.7718121665186264
2025-04-06,0.43,russia-x-ukraine-ceasefire-in-2025,2025-12-31,2024-12-29,6,269,0.43,0.7627264131079647
2025-04-07,0.435,russia-x-ukraine-ceasefire-in-2025,2025-12-31,2024-12-29,6,268,0.435,0.7775719588060788
2025-04-08,0.465,russia-x-ukraine-ceasefire-in-2025,2025-12-31,2024-12-29,6,267,0.465,0.855068592552201
2025-04-09,0.48,russia-x-ukraine-ceasefire-in-2025,2025-12-31,2024-12-29,6,266,0.48,0.8973051150504975
2025-04-10,0.475,russia-x-ukraine-ceasefire-in-2025,2025-12-31,2024-12-29,6,265,0.475,0.887510607481273
2025-04-11,0.435,russia-x-ukraine-ceasefire-in-2025,2025-12-31,2024-12-29,6,264,0.435,0.7893533521213223
2025-04-12,0.44,russia-x-ukraine-ceasefire-in-2025,2025-12-31,2024-12-29,6,263,0.44,0.8046910675563644
2025-04-13,0.435,russia-x-ukraine-ceasefire-in-2025,2025-12-31,2024-12-29,6,262,0.435,0.7953789502291186
2025-04-14,0.425,russia-x-ukraine-ceasefire-in-2025,2025-12-31,2024-12-29,6,261,0.425,0.773891233476809
2025-04-15,0.435,russia-x-ukraine-ceasefire-in-2025,2025-12-31,2024-12-29,6,260,0.435,0.8014972498462658
2025-04-16,0.44,russia-x-ukraine-ceasefire-in-2025,2025-12-31,2024-12-29,6,259,0.44,0.8171187288313663
2025-04-17,0.445,russia-x-ukraine-ceasefire-in-2025,2025-12-31,2024-12-29,6,258,0.445,0.8329740903528351
2025-04-18,0.485,russia-x-ukraine-ceasefire-in-2025,2025-12-31,2024-12-29,6,257,0.485,0.9424504205689351
2025-04-19,0.465,russia-x-ukraine-ceasefire-in-2025,2025-12-31,2024-12-29,6,256,0.465,0.8918098211384284
2025-04-20,0.475,russia-x-ukraine-ceasefire-in-2025,2025-12-31,2024-12-29,6,255,0.475,0.9223149450295581
2025-04-21,0.51,russia-x-ukraine-ceasefire-in-2025,2025-12-31,2024-12-29,6,254,0.51,1.0250894058081679
2025-04-22,0.525,russia-x-ukraine-ceasefire-in-2025,2025-12-31,2024-12-29,6,253,0.525,1.0739951516040949
2025-04-23,0.615,russia-x-ukraine-ceasefire-in-2025,2025-12-31,2024-12-29,6,252,0.615,1.3825272214818998
2025-04-24,0.585,russia-x-ukraine-ceasefire-in-2025,2025-12-31,2024-12-29,6,251,0.585,1.2789203862321719
2025-04-25,0.605,russia-x-ukraine-ceasefire-in-2025,2025-12-31,2024-12-29,6,250,0.605,1.3561494905582823
2025-04-26,0.605,russia-x-ukraine-ceasefire-in-2025,2025-12-31,2024-12-29,6,249,0.605,1.3615958740545002
2025-04-27,0.645,russia-x-ukraine-ceasefire-in-2025,2025-12-31,2024-12-29,6,248,0.645,1.5242245309272309
2025-04-28,0.61,russia-x-ukraine-ceasefire-in-2025,2025-12-31,2024-12-29,6,247,0.61,1.391445818009443
2025-04-29,0.62,russia-x-ukraine-ceasefire-in-2025,2025-12-31,2024-12-29,6,246,0.62,1.435642965794807
2025-04-30,0.575,russia-x-ukraine-ceasefire-in-2025,2025-12-31,2024-12-29,6,245,0.575,1.2747678782492564
2025-05-01,0.575,russia-x-ukraine-ceasefire-in-2025,2025-12-31,2024-12-29,6,244,0.575,1.2799923367666715
2025-05-02,0.565,russia-x-ukraine-ceasefire-in-2025,2025-12-31,2024-12-29,6,243,0.565,1.2503266480704127
2025-05-03,0.485,russia-x-ukraine-ceasefire-in-2025,2025-12-31,2024-12-29,6,242,0.485,1.000866768951307
2025-05-04,0.48,russia-x-ukraine-ceasefire-in-2025,2025-12-31,2024-12-29,6,241,0.48,0.9903865585204662
2025-05-05,0.5,russia-x-ukraine-ceasefire-in-2025,2025-12-31,2024-12-29,6,240,0.5,1.0541613371015834
2025-05-06,0.5,russia-x-ukraine-ceasefire-in-2025,2025-12-31,2024-12-29,6,239,0.5,1.058572053993222
2025-05-07,0.48,russia-x-ukraine-ceasefire-in-2025,2025-12-31,2024-12-29,6,238,0.48,1.0028704227034972
2025-05-08,0.46,russia-x-ukraine-ceasefire-in-2025,2025-12-31,2024-12-29,6,237,0.46,0.9489786535430093
2025-05-09,0.475,russia-x-ukraine-ceasefire-in-2025,2025-12-31,2024-12-29,6,236,0.475,0.9965691143327853
2025-05-10,0.505,russia-x-ukraine-ceasefire-in-2025,2025-12-31,2024-12-29,6,235,0.505,1.0922003978336512
2025-05-11,0.58,russia-x-ukraine-ceasefire-in-2025,2025-12-31,2024-12-29,6,234,0.58,1.3531525949240335
2025-05-12,0.565,russia-x-ukraine-ceasefire-in-2025,2025-12-31,2024-12-29,6,233,0.565,1.3039887359704303
2025-05-13,0.565,russia-x-ukraine-ceasefire-in-2025,2025-12-31,2024-12-29,6,232,0.565,1.3096093770737511
2025-05-14,0.58,russia-x-ukraine-ceasefire-in-2025,2025-12-31,2024-12-29,6,231,0.58,1.3707260052477226
2025-05-15,0.545,russia-x-ukraine-ceasefire-in-2025,2025-12-31,2024-12-29,6,230,0.545,1.2496613865712312
2025-05-16,0.545,russia-x-ukraine-ceasefire-in-2025,2025-12-31,2024-12-29,6,229,0.545,1.2551184231938128
2025-05-17,0.49,russia-x-ukraine-ceasefire-in-2025,2025-12-31,2024-12-29,6,228,0.49,1.077941938338923
2025-05-18,0.505,russia-x-ukraine-ceasefire-in-2025,2025-12-31,2024-12-29,6,227,0.505,1.1306920418101676
2025-05-19,0.505,russia-x-ukraine-ceasefire-in-2025,2025-12-31,2024-12-29,6,226,0.505,1.135695103942071
2025-05-20,0.49,russia-x-ukraine-ceasefire-in-2025,2025-12-31,2024-12-29,6,225,0.49,1.0923144975167753
2025-05-21,0.49,russia-x-ukraine-ceasefire-in-2025,2025-12-31,2024-12-29,6,224,0.49,1.0971909015235466
2025-05-22,0.435,russia-x-ukraine-ceasefire-in-2025,2025-12-31,2024-12-29,6,223,0.435,0.9344810984754668
2025-05-23,0.415,russia-x-ukraine-ceasefire-in-2025,2025-12-31,2024-12-29,6,222,0.415,0.8814970837335695
2025-05-24,0.395,russia-x-ukraine-ceasefire-in-2025,2025-12-31,2024-12-29,6,221,0.395,0.8299651115258956
2025-05-25,0.395,russia-x-ukraine-ceasefire-in-2025,2025-12-31,2024-12-29,6,220,0.395,0.8337376802146497
2025-05-26,0.415,russia-x-ukraine-ceasefire-in-2025,2025-12-31,2024-12-29,6,219,0.415,0.8935723862504679
2025-05-27,0.385,russia-x-ukraine-ceasefire-in-2025,2025-12-31,2024-12-29,6,218,0.385,0.8139382985279863
2025-05-28,0.385,russia-x-ukraine-ceasefire-in-2025,2025-12-31,2024-12-29,6,217,0.385,0.8176891662631383
2025-05-29,0.405,russia-x-ukraine-ceasefire-in-2025,2025-12-31,2024-12-29,6,216,0.405,0.8773414990940981
2025-05-30,0.405,russia-x-ukraine-ceasefire-in-2025,2025-12-31,2024-12-29,6,215,0.405,0.8814221572294194
2025-05-31,0.405,russia-x-ukraine-ceasefire-in-2025,2025-12-31,2024-12-29,6,214,0.405,0.8855409523566597
2025-06-01,0.405,russia-x-ukraine-ceasefire-in-2025,2025-12-31,2024-12-29,6,213,0.405,0.8896984216165501
2025-06-02,0.39,russia-x-ukraine-ceasefire-in-2025,2025-12-31,2024-12-29,6,212,0.39,0.8510290446339376
2025-06-03,0.38,russia-x-ukraine-ceasefire-in-2025,2025-12-31,2024-12-29,6,211,0.38,0.8269339684559002
2025-06-04,0.315,russia-x-ukraine-ceasefire-in-2025,2025-12-31,2024-12-29,6,210,0.315,0.6575847660131798
2025-06-05,0.295,russia-x-ukraine-ceasefire-in-2025,2025-12-31,2024-12-29,6,209,0.295,0.6104711904402007
2025-06-06,0.265,russia-x-ukraine-ceasefire-in-2025,2025-12-31,2024-12-29,6,208,0.265,0.5402785798836282
2025-06-07,0.265,russia-x-ukraine-ceasefire-in-2025,2025-12-31,2024-12-29,6,207,0.265,0.5428886213323413
2025-06-08,0.245,russia-x-ukraine-ceasefire-in-2025,2025-12-31,2024-12-29,6,206,0.245,0.4979548463717767
2025-06-09,0.245,russia-x-ukraine-ceasefire-in-2025,2025-12-31,2024-12-29,6,205,0.245,0.5003838944028586
2025-06-10,0.245,russia-x-ukraine-ceasefire-in-2025,2025-12-31,2024-12-29,6,204,0.245,0.5028367566303236
2025-06-11,0.245,russia-x-ukraine-ceasefire-in-2025,2025-12-31,2024-12-29,6,203,0.245,0.5053137849881084
2025-06-12,0.235,russia-x-ukraine-ceasefire-in-2025,2025-12-31,2024-12-29,6,202,0.235,0.4840395914940319
2025-06-13,0.225,russia-x-ukraine-ceasefire-in-2025,2025-12-31,2024-12-29,6,201,0.225,0.46286403539556403
2025-06-14,0.225,russia-x-ukraine-ceasefire-in-2025,2025-12-31,2024-12-29,6,200,0.225,0.46517835557254184
2025-06-15,0.24,russia-x-ukraine-ceasefire-in-2025,2025-12-31,2024-12-29,6,199,0.24,0.5033640637243343
2025-06-16,0.255,russia-x-ukraine-ceasefire-in-2025,2025-12-31,2024-12-29,6,198,0.255,0.5426537228279839
2025-06-17,0.245,russia-x-ukraine-ceasefire-in-2025,2025-12-31,2024-12-29,6,197,0.245,0.520704052551198
2025-06-18,0.235,russia-x-ukraine-ceasefire-in-2025,2025-12-31,2024-12-29,6,196,0.235,0.49885713000915527
2025-06-19,0.255,russia-x-ukraine-ceasefire-in-2025,2025-12-31,2024-12-29,6,195,0.255,0.5510022416407221
2025-06-20,0.24,russia-x-ukraine-ceasefire-in-2025,2025-12-31,2024-12-29,6,194,0.24,0.5163373643357861
2025-06-21,0.24,russia-x-ukraine-ceasefire-in-2025,2025-12-31,2024-12-29,6,193,0.24,0.5190126874670596
2025-06-22,0.24,russia-x-ukraine-ceasefire-in-2025,2025-12-31,2024-12-29,6,192,0.24,0.5217158785476173
2025-06-23,0.235,russia-x-ukraine-ceasefire-in-2025,2025-12-31,2024-12-29,6,191,0.235,0.5119162171821698
2025-06-24,0.225,russia-x-ukraine-ceasefire-in-2025,2025-12-31,2024-12-29,6,190,0.225,0.4896614269184651
2025-06-25,0.245,russia-x-ukraine-ceasefire-in-2025,2025-12-31,2024-12-29,6,189,0.245,0.5427444357279684
2025-06-26,0.245,russia-x-ukraine-ceasefire-in-2025,2025-12-31,2024-12-29,6,188,0.245,0.545631374215883
2025-06-27,0.245,russia-x-ukraine-ceasefire-in-2025,2025-12-31,2024-12-29,6,187,0.245,0.548549189051262
2025-06-28,0.265,russia-x-ukraine-ceasefire-in-2025,2025-12-31,2024-12-29,6,186,0.265,0.6041824979343798
2025-06-29,0.255,russia-x-ukraine-ceasefire-in-2025,2025-12-31,2024-12-29,6,185,0.255,0.5807861465942746
2025-06-30,0.26,russia-x-ukraine-ceasefire-in-2025,2025-12-31,2024-12-29,6,184,0.26,0.5973008634028879
2025-07-01,0.235,russia-x-ukraine-ceasefire-in-2025,2025-12-31,2024-12-29,6,183,0.235,0.534295068206527
2025-07-02,0.225,russia-x-ukraine-ceasefire-in-2025,2025-12-31,2024-12-29,6,182,0.225,0.5111850061236723
2025-07-03,0.225,russia-x-ukraine-ceasefire-in-2025,2025-12-31,2024-12-29,6,181,0.225,0.5140092326768417
2025-07-04,0.235,russia-x-ukraine-ceasefire-in-2025,2025-12-31,2024-12-29,6,180,0.235,0.5431999860099691
2025-07-05,0.225,russia-x-ukraine-ceasefire-in-2025,2025-12-31,2024-12-29,6,179,0.225,0.5197523525950188
2025-07-06,0.24,russia-x-ukraine-ceasefire-in-2025,2025-12-31,2024-12-29,6,178,0.24,0.5627497116918119
2025-07-07,0.225,russia-x-ukraine-ceasefire-in-2025,2025-12-31,2024-12-29,6,177,0.225,0.5256252605339455
2025-07-08,0.225,russia-x-ukraine-ceasefire-in-2025,2025-12-31,2024-12-29,6,176,0.225,0.5286117676960702
2025-07-09,0.225,russia-x-ukraine-ceasefire-in-2025,2025-12-31,2024-12-29,6,175,0.225,0.5316324063686192
2025-07-10,0.225,russia-x-ukraine-ceasefire-in-2025,2025-12-31,2024-12-29,6,174,0.225,0.5346877650259102
2025-07-11,0.22,russia-x-ukraine-ceasefire-in-2025,2025-12-31,2024-12-29,6,173,0.22,0.5242103823349847
2025-07-12,0.225,russia-x-ukraine-ceasefire-in-2025,2025-12-31,2024-12-29,6,172,0.225,0.5409050646192347
2025-07-13,0.215,russia-x-ukraine-ceasefire-in-2025,2025-12-31,2024-12-29,6,171,0.215,0.5167024551924031
2025-07-14,0.195,russia-x-ukraine-ceasefire-in-2025,2025-12-31,2024-12-29,6,170,0.195,0.46572497394532014
2025-07-15,0.235,russia-x-ukraine-ceasefire-in-2025,2025-12-31,2024-12-29,6,169,0.235,0.5785561981171269
2025-07-16,0.225,russia-x-ukraine-ceasefire-in-2025,2025-12-31,2024-12-29,6,168,0.225,0.5537837566339784
2025-07-17,0.225,russia-x-ukraine-ceasefire-in-2025,2025-12-31,2024-12-29,6,167,0.225,0.5570998270329842
2025-07-18,0.215,russia-x-ukraine-ceasefire-in-2025,2025-12-31,2024-12-29,6,166,0.215,0.5322657821560297
2025-07-19,0.215,russia-x-ukraine-ceasefire-in-2025,2025-12-31,2024-12-29,6,165,0.215,0.5354916353812178
2025-07-20,0.245,russia-x-ukraine-ceasefire-in-2025,2025-12-31,2024-12-29,6,164,0.245,0.6254798680035732
2025-07-21,0.225,russia-x-ukraine-ceasefire-in-2025,2025-12-31,2024-12-29,6,163,0.225,0.5707709884325667
2025-07-22,0.255,russia-x-ukraine-ceasefire-in-2025,2025-12-31,2024-12-29,6,162,0.255,0.6632434390119802
2025-07-23,0.255,russia-x-ukraine-ceasefire-in-2025,2025-12-31,2024-12-29,6,161,0.255,0.6673629634778931
2025-07-24,0.225,russia-x-ukraine-ceasefire-in-2025,2025-12-31,2024-12-29,6,160,0.225,0.5814729444656773
2025-07-25,0.225,russia-x-ukraine-ceasefire-in-2025,2025-12-31,2024-12-29,6,159,0.225,0.5851300070094866
2025-07-26,0.225,russia-x-ukraine-ceasefire-in-2025,2025-12-31,2024-12-29,6,158,0.225,0.5888333614842302
2025-07-27,0.205,russia-x-ukraine-ceasefire-in-2025,2025-12-31,2024-12-29,6,157,0.205,0.5333490763034959
2025-07-28,0.195,russia-x-ukraine-ceasefire-in-2025,2025-12-31,2024-12-29,6,156,0.195,0.507520804940413
2025-07-29,0.205,russia-x-ukraine-ceasefire-in-2025,2025-12-31,2024-12-29,6,155,0.205,0.5402309998687024
2025-07-30,0.215,russia-x-ukraine-ceasefire-in-2025,2025-12-31,2024-12-29,6,154,0.215,0.5737410379084477
2025-07-31,0.215,russia-x-ukraine-ceasefire-in-2025,2025-12-31,2024-12-29,6,153,0.215,0.5774909793326859
2025-08-01,0.235,russia-x-ukraine-ceasefire-in-2025,2025-12-31,2024-12-29,6,152,0.235,0.643263141327595
2025-08-02,0.225,russia-x-ukraine-ceasefire-in-2025,2025-12-31,2024-12-29,6,151,0.225,0.6161302722815123
2025-08-03,0.215,russia-x-ukraine-ceasefire-in-2025,2025-12-31,2024-12-29,6,150,0.215,0.5890407989193396
2025-08-04,0.195,russia-x-ukraine-ceasefire-in-2025,2025-12-31,2024-12-29,6,149,0.195,0.5313640642329156
2025-08-05,0.205,russia-x-ukraine-ceasefire-in-2025,2025-12-31,2024-12-29,6,148,0.205,0.5657824660787085
2025-08-06,0.205,russia-x-ukraine-ceasefire-in-2025,2025-12-31,2024-12-29,6,147,0.205,0.5696313263921691
2025-08-07,0.265,russia-x-ukraine-ceasefire-in-2025,2025-12-31,2024-12-29,6,146,0.265,0.7697119494232509
2025-08-08,0.295,russia-x-ukraine-ceasefire-in-2025,2025-12-31,2024-12-29,6,145,0.295,0.8799205434620824
2025-08-09,0.435,russia-x-ukraine-ceasefire-in-2025,2025-12-31,2024-12-29,6,144,0.435,1.4471478122224244
2025-08-10,0.365,russia-x-ukraine-ceasefire-in-2025,2025-12-31,2024-12-29,6,143,0.365,1.1591437219066263
2025-08-11,0.37,russia-x-ukraine-ceasefire-in-2025,2025-12-31,2024-12-29,6,142,0.37,1.1876263574136896
2025-08-12,0.35,russia-x-ukraine-ceasefire-in-2025,2025-12-31,2024-12-29,6,141,0.35,1.1151472650620269
2025-08-13,0.375,russia-x-ukraine-ceasefire-in-2025,2025-12-31,2024-12-29,6,140,0.375,1.2253666048192393
2025-08-14,0.39,russia-x-ukraine-ceasefire-in-2025,2025-12-31,2024-12-29,6,139,0.39,1.2979723558445666
2025-08-15,0.345,russia-x-ukraine-ceasefire-in-2025,2025-12-31,2024-12-29,6,138,0.345,1.1191218537798047
2025-08-16,0.31,russia-x-ukraine-ceasefire-in-2025,2025-12-31,2024-12-29,6,137,0.31,0.9886003190339686
2025-08-17,0.335,russia-x-ukraine-ceasefire-in-2025,2025-12-31,2024-12-29,6,136,0.335,1.0949147572727445
2025-08-18,0.335,russia-x-ukraine-ceasefire-in-2025,2025-12-31,2024-12-29,6,135,0.335,1.1030252369562463
2025-08-19,0.39,russia-x-ukraine-ceasefire-in-2025,2025-12-31,2024-12-29,6,134,0.39,1.346404160167125
2025-08-20,0.38,russia-x-ukraine-ceasefire-in-2025,2025-12-31,2024-12-29,6,133,0.38,1.311902761986428
2025-08-21,0.315,russia-x-ukraine-ceasefire-in-2025,2025-12-31,2024-12-29,6,132,0.315,1.046157582293695
2025-08-22,0.25,russia-x-ukraine-ceasefire-in-2025,2025-12-31,2024-12-29,6,131,0.25,0.8015569194267177
2025-08-23,0.255,russia-x-ukraine-ceasefire-in-2025,2025-12-31,2024-12-29,6,130,0.255,0.8265033624610832
2025-08-24,0.255,russia-x-ukraine-ceasefire-in-2025,2025-12-31,2024-12-29,6,129,0.255,0.832910365270859
2025-08-25,0.245,russia-x-ukraine-ceasefire-in-2025,2025-12-31,2024-12-29,6,128,0.245,0.8013960808795781
2025-08-26,0.235,russia-x-ukraine-ceasefire-in-2025,2025-12-31,2024-12-29,6,127,0.235,0.7698897439511373
2025-08-27,0.235,russia-x-ukraine-ceasefire-in-2025,2025-12-31,2024-12-29,6,126,0.235,0.7759999800142415
2025-08-28,0.255,russia-x-ukraine-ceasefire-in-2025,2025-12-31,2024-12-29,6,125,0.255,0.8595634969595265
2025-08-29,0.255,russia-x-ukraine-ceasefire-in-2025,2025-12-31,2024-12-29,6,124,0.255,0.866495460644684
2025-08-30,0.255,russia-x-ukraine-ceasefire-in-2025,2025-12-31,2024-12-29,6,123,0.255,0.8735401391865106
2025-08-31,0.25,russia-x-ukraine-ceasefire-in-2025,2025-12-31,2024-12-29,6,122,0.25,0.8606881675811477
2025-09-01,0.245,russia-x-ukraine-ceasefire-in-2025,2025-12-31,2024-12-29,6,121,0.245,0.8477578376246777
2025-09-02,0.185,russia-x-ukraine-ceasefire-in-2025,2025-12-31,2024-12-29,6,120,0.185,0.6222251291297096
2025-09-03,0.205,russia-x-ukraine-ceasefire-in-2025,2025-12-31,2024-12-29,6,119,0.205,0.7036622267197383
2025-09-04,0.195,russia-x-ukraine-ceasefire-in-2025,2025-12-31,2024-12-29,6,118,0.195,0.6709597082263087
2025-09-05,0.205,russia-x-ukraine-ceasefire-in-2025,2025-12-31,2024-12-29,6,117,0.205,0.7156906408516996
2025-09-06,0.17,russia-x-ukraine-ceasefire-in-2025,2025-12-31,2024-12-29,6,116,0.17,0.5862956555163372
2025-09-07,0.165,russia-x-ukraine-ceasefire-in-2025,2025-12-31,2024-12-29,6,115,0.165,0.572331280503633
2025-09-08,0.145,russia-x-ukraine-ceasefire-in-2025,2025-12-31,2024-12-29,6,114,0.145,0.5015670233908995
2025-09-09,0.165,russia-x-ukraine-ceasefire-in-2025,2025-12-31,2024-12-29,6,113,0.165,0.5824610376806885
2025-09-10,0.155,russia-x-ukraine-ceasefire-in-2025,2025-12-31,2024-12-29,6,112,0.155,0.5488643557420677
2025-09-11,0.14,russia-x-ukraine-ceasefire-in-2025,2025-12-31,2024-12-29,6,111,0.14,0.4959491419200273
2025-09-12,0.145,russia-x-ukraine-ceasefire-in-2025,2025-12-31,2024-12-29,6,110,0.145,0.5198058242414777
2025-09-13,0.145,russia-x-ukraine-ceasefire-in-2025,2025-12-31,2024-12-29,6,109,0.145,0.5245746850143354
2025-09-14,0.155,russia-x-ukraine-ceasefire-in-2025,2025-12-31,2024-12-29,6,108,0.155,0.5691926652139961
2025-09-15,0.145,russia-x-ukraine-ceasefire-in-2025,2025-12-31,2024-12-29,6,107,0.145,0.5343798193136686
2025-09-16,0.155,russia-x-ukraine-ceasefire-in-2025,2025-12-31,2024-12-29,6,106,0.155,0.579932149463317
2025-09-17,0.155,russia-x-ukraine-ceasefire-in-2025,2025-12-31,2024-12-29,6,105,0.155,0.585455312791539
2025-09-18,0.145,russia-x-ukraine-ceasefire-in-2025,2025-12-31,2024-12-29,6,104,0.145,0.5497946217938706
2025-09-19,0.145,russia-x-ukraine-ceasefire-in-2025,2025-12-31,2024-12-29,6,103,0.145,0.5551324336559471
2025-09-20,0.145,russia-x-ukraine-ceasefire-in-2025,2025-12-31,2024-12-29,6,102,0.145,0.5605749084957112
2025-09-21,0.145,russia-x-ukraine-ceasefire-in-2025,2025-12-31,2024-12-29,6,101,0.145,0.5661251551144807
2025-09-22,0.135,russia-x-ukraine-ceasefire-in-2025,2025-12-31,2024-12-29,6,100,0.135,0.5293440679834408
2025-09-23,0.135,russia-x-ukraine-ceasefire-in-2025,2025-12-31,2024-12-29,6,99,0.135,0.5346909777610512
2025-09-24,0.105,russia-x-ukraine-ceasefire-in-2025,2025-12-31,2024-12-29,6,98,0.105,0.4131634658995694
2025-09-25,0.105,russia-x-ukraine-ceasefire-in-2025,2025-12-31,2024-12-29,6,97,0.105,0.4174228830737918
2025-09-26,0.105,russia-x-ukraine-ceasefire-in-2025,2025-12-31,2024-12-29,6,96,0.105,0.4217710381058105
2025-09-27,0.115,russia-x-ukraine-ceasefire-in-2025,2025-12-31,2024-12-29,6,95,0.115,0.46938090947985
2025-09-28,0.115,russia-x-ukraine-ceasefire-in-2025,2025-12-31,2024-12-29,6,94,0.115,0.4743743234104867
2025-09-29,0.125,russia-x-ukraine-ceasefire-in-2025,2025-12-31,2024-12-29,6,93,0.125,0.5240748205155995
2025-09-30,0.115,russia-x-ukraine-ceasefire-in-2025,2025-12-31,2024-12-29,6,92,0.115,0.48468680870201897
2025-10-01,0.115,russia-x-ukraine-ceasefire-in-2025,2025-12-31,2024-12-29,6,91,0.115,0.49001303736907414
2025-10-02,0.105,russia-x-ukraine-ceasefire-in-2025,2025-12-31,2024-12-29,6,90,0.105,0.4498891073128645
2025-10-03,0.095,russia-x-ukraine-ceasefire-in-2025,2025-12-31,2024-12-29,6,89,0.095,0.40937553233715707
2025-10-04,0.1,russia-x-ukraine-ceasefire-in-2025,2025-12-31,2024-12-29,6,88,0.1,0.4370066842625749
2025-10-05,0.105,russia-x-ukraine-ceasefire-in-2025,2025-12-31,2024-12-29,6,87,0.105,0.4654025248064116
2025-10-06,0.095,russia-x-ukraine-ceasefire-in-2025,2025-12-31,2024-12-29,6,86,0.095,0.4236560741628719
2025-10-07,0.095,russia-x-ukraine-ceasefire-in-2025,2025-12-31,2024-12-29,6,85,0.095,0.4286402632706704
2025-10-08,0.085,russia-x-ukraine-ceasefire-in-2025,2025-12-31,2024-12-29,6,84,0.085,0.385992773844223
2025-10-09,0.105,russia-x-ukraine-ceasefire-in-2025,2025-12-31,2024-12-29,6,83,0.105,0.4878315621464796
2025-10-10,0.115,russia-x-ukraine-ceasefire-in-2025,2025-12-31,2024-12-29,6,82,0.115,0.5437949561047043
2025-10-11,0.095,russia-x-ukraine-ceasefire-in-2025,2025-12-31,2024-12-29,6,81,0.095,0.4498076836790985
2025-10-12,0.105,russia-x-ukraine-ceasefire-in-2025,2025-12-31,2024-12-29,6,80,0.105,0.5061252457269726
2025-10-13,0.105,russia-x-ukraine-ceasefire-in-2025,2025-12-31,2024-12-29,6,79,0.105,0.5125318944070608
2025-10-14,0.115,russia-x-ukraine-ceasefire-in-2025,2025-12-31,2024-12-29,6,78,0.115,0.5716818769305865
2025-10-15,0.115,russia-x-ukraine-ceasefire-in-2025,2025-12-31,2024-12-29,6,77,0.115,0.579106316890724
2025-10-16,0.12,russia-x-ukraine-ceasefire-in-2025,2025-12-31,2024-12-29,6,76,0.12,0.613936586856684
2025-10-17,0.18,russia-x-ukraine-ceasefire-in-2025,2025-12-31,2024-12-29,6,75,0.18,0.9657945684560125
2025-10-18,0.195,russia-x-ukraine-ceasefire-in-2025,2025-12-31,2024-12-29,6,74,0.195,1.0699087239284382
2025-10-19,0.195,russia-x-ukraine-ceasefire-in-2025,2025-12-31,2024-12-29,6,73,0.195,1.0845650078178688
2025-10-20,0.165,russia-x-ukraine-ceasefire-in-2025,2025-12-31,2024-12-29,6,72,0.165,0.9141402396933027
2025-10-21,0.155,russia-x-ukraine-ceasefire-in-2025,2025-12-31,2024-12-29,6,71,0.155,0.8658141949734026
2025-10-22,0.155,russia-x-ukraine-ceasefire-in-2025,2025-12-31,2024-12-29,6,70,0.155,0.8781829691873084
2025-10-23,0.135,russia-x-ukraine-ceasefire-in-2025,2025-12-31,2024-12-29,6,69,0.135,0.76716531591803
2025-10-24,0.125,russia-x-ukraine-ceasefire-in-2025,2025-12-31,2024-12-29,6,68,0.125,0.7167493868816288
2025-10-25,0.135,russia-x-ukraine-ceasefire-in-2025,2025-12-31,2024-12-29,6,67,0.135,0.7900657731096131
2025-10-26,0.125,russia-x-ukraine-ceasefire-in-2025,2025-12-31,2024-12-29,6,66,0.125,0.7384690652719812
2025-10-27,0.125,russia-x-ukraine-ceasefire-in-2025,2025-12-31,2024-12-29,6,65,0.125,0.7498301278146271
2025-10-28,0.125,russia-x-ukraine-ceasefire-in-2025,2025-12-31,2024-12-29,6,64,0.125,0.7615462235617306
2025-10-29,0.135,russia-x-ukraine-ceasefire-in-2025,2025-12-31,2024-12-29,6,63,0.135,0.8402286793387947
2025-10-30,0.125,russia-x-ukraine-ceasefire-in-2025,2025-12-31,2024-12-29,6,62,0.125,0.7861122307733993
2025-10-31,0.08,russia-x-ukraine-ceasefire-in-2025,2025-12-31,2024-12-29,6,61,0.08,0.4989227420123544
2025-11-01,0.075,russia-x-ukraine-ceasefire-in-2025,2025-12-31,2024-12-29,6,60,0.075,0.47426604394074684
2025-11-02,0.075,russia-x-ukraine-ceasefire-in-2025,2025-12-31,2024-12-29,6,59,0.075,0.48230445146516626
2025-11-03,0.075,russia-x-ukraine-ceasefire-in-2025,2025-12-31,2024-12-29,6,58,0.075,0.49062004545594495
2025-11-04,0.075,russia-x-ukraine-ceasefire-in-2025,2025-12-31,2024-12-29,6,57,0.075,0.49922741467447035
2025-11-05,0.065,russia-x-ukraine-ceasefire-in-2025,2025-12-31,2024-12-29,6,56,0.065,0.4380570292519508
2025-11-06,0.055,russia-x-ukraine-ceasefire-in-2025,2025-12-31,2024-12-29,6,55,0.055,0.3754214235138898
2025-11-07,0.055,russia-x-ukraine-ceasefire-in-2025,2025-12-31,2024-12-29,6,54,0.055,0.3823736720974803
2025-11-08,0.065,russia-x-ukraine-ceasefire-in-2025,2025-12-31,2024-12-29,6,53,0.065,0.46285271015300467
2025-11-09,0.065,russia-x-ukraine-ceasefire-in-2025,2025-12-31,2024-12-29,6,52,0.065,0.4717537238097932
2025-11-10,0.065,russia-x-ukraine-ceasefire-in-2025,2025-12-31,2024-12-29,6,51,0.065,0.48100379682567146
2025-11-11,0.065,russia-x-ukraine-ceasefire-in-2025,2025-12-31,2024-12-29,6,50,0.065,0.49062387276218494
2025-11-12,0.055,russia-x-ukraine-ceasefire-in-2025,2025-12-31,2024-12-29,6,49,0.055,0.42139139374008033
2025-11-13,0.055,russia-x-ukraine-ceasefire-in-2025,2025-12-31,2024-12-29,6,48,0.055,0.43017038110966543
2025-11-14,0.045,russia-x-ukraine-ceasefire-in-2025,2025-12-31,2024-12-29,6,47,0.045,0.3575752670853936
2025-11-15,0.045,russia-x-ukraine-ceasefire-in-2025,2025-12-31,2024-12-29,6,46,0.045,0.36534864245681514
2025-11-16,0.045,russia-x-ukraine-ceasefire-in-2025,2025-12-31,2024-12-29,6,45,0.045,0.37346750117807775
2025-11-17,0.045,russia-x-ukraine-ceasefire-in-2025,2025-12-31,2024-12-29,6,44,0.045,0.38195539893212493
2025-11-18,0.045,russia-x-ukraine-ceasefire-in-2025,2025-12-31,2024-12-29,6,43,0.045,0.3908380826282209
2025-11-19,0.045,russia-x-ukraine-ceasefire-in-2025,2025-12-31,2024-12-29,6,42,0.045,0.4001437512622262
2025-11-20,0.065,russia-x-ukraine-ceasefire-in-2025,2025-12-31,2024-12-29,6,41,0.065,0.5983217960514451
2025-11-21,0.105,russia-x-ukraine-ceasefire-in-2025,2025-12-31,2024-12-29,6,40,0.105,1.0122504914539452
2025-11-22,0.155,russia-x-ukraine-ceasefire-in-2025,2025-12-31,2024-12-29,6,39,0.155,1.5762258421310662
2025-11-23,0.155,russia-x-ukraine-ceasefire-in-2025,2025-12-31,2024-12-29,6,38,0.155,1.617705469555568
2025-11-24,0.135,russia-x-ukraine-ceasefire-in-2025,2025-12-31,2024-12-29,6,37,0.135,1.4306596431984886
2025-11-25,0.125,russia-x-ukraine-ceasefire-in-2025,2025-12-31,2024-12-29,6,36,0.125,1.3538599529986322
2025-11-26,0.165,russia-x-ukraine-ceasefire-in-2025,2025-12-31,2024-12-29,6,35,0.165,1.8805170645119371
2025-11-27,0.115,russia-x-ukraine-ceasefire-in-2025,2025-12-31,2024-12-29,6,34,0.115,1.311505482370169
2025-11-28,0.085,russia-x-ukraine-ceasefire-in-2025,2025-12-31,2024-12-29,6,33,0.085,0.9825270606943858
2025-11-29,0.085,russia-x-ukraine-ceasefire-in-2025,2025-12-31,2024-12-29,6,32,0.085,1.0132310313410853
2025-11-30,0.085,russia-x-ukraine-ceasefire-in-2025,2025-12-31,2024-12-29,6,31,0.085,1.04591590331983
2025-12-01,0.095,russia-x-ukraine-ceasefire-in-2025,2025-12-31,2024-12-29,6,30,0.095,1.214480745933566
2025-12-02,0.085,russia-x-ukraine-ceasefire-in-2025,2025-12-31,2024-12-29,6,29,0.085,1.1180480345832664
2025-12-03,0.055,russia-x-ukraine-ceasefire-in-2025,2025-12-31,2024-12-29,6,28,0.055,0.7374349390451406
2025-12-04,0.045,russia-x-ukraine-ceasefire-in-2025,2025-12-31,2024-12-29,6,27,0.045,0.6224458352967962
2025-12-05,0.055,russia-x-ukraine-ceasefire-in-2025,2025-12-31,2024-12-29,6,26,0.055,0.7941607035870746
2025-12-06,0.055,russia-x-ukraine-ceasefire-in-2025,2025-12-31,2024-12-29,6,25,0.055,0.8259271317305575
2025-12-07,0.045,russia-x-ukraine-ceasefire-in-2025,2025-12-31,2024-12-29,6,24,0.045,0.7002515647088958
2025-12-08,0.055,russia-x-ukraine-ceasefire-in-2025,2025-12-31,2024-12-29,6,23,0.055,0.8977468823158233
2025-12-09,0.045,russia-x-ukraine-ceasefire-in-2025,2025-12-31,2024-12-29,6,22,0.045,0.7639107978642499
2025-12-10,0.033,russia-x-ukraine-ceasefire-in-2025,2025-12-31,2024-12-29,6,21,0.033,0.5832488565727431
2025-12-11,0.029,russia-x-ukraine-ceasefire-in-2025,2025-12-31,2024-12-29,6,20,0.029,0.5370757951073221
2025-12-12,0.0245,russia-x-ukraine-ceasefire-in-2025,2025-12-31,2024-12-29,6,19,0.0245,0.47651938975918195
2025-12-13,0.0265,russia-x-ukraine-ceasefire-in-2025,2025-12-31,2024-12-29,6,18,0.0265,0.5446094873337314
2025-12-14,0.031,russia-x-ukraine-ceasefire-in-2025,2025-12-31,2024-12-29,6,17,0.031,0.6761231463735505
2025-12-15,0.0305,russia-x-ukraine-ceasefire-in-2025,2025-12-31,2024-12-29,6,16,0.0305,0.7066127230807588
2025-12-16,0.0415,russia-x-ukraine-ceasefire-in-2025,2025-12-31,2024-12-29,6,15,0.0415,1.0313857680799876
2025-12-17,0.0365,russia-x-ukraine-ceasefire-in-2025,2025-12-31,2024-12-29,6,14,0.0365,0.9694084829725943
2025-12-18,0.0255,russia-x-ukraine-ceasefire-in-2025,2025-12-31,2024-12-29,6,13,0.0255,0.7252482625077195
2025-12-19,0.0315,russia-x-ukraine-ceasefire-in-2025,2025-12-31,2024-12-29,6,12,0.0315,0.9735400491088797
2025-12-20,0.0325,russia-x-ukraine-ceasefire-in-2025,2025-12-31,2024-12-29,6,11,0.0325,1.0963224307766415
2025-12-21,0.0235,russia-x-ukraine-ceasefire-in-2025,2025-12-31,2024-12-29,6,10,0.0235,0.8679892962872238
2025-12-22,0.0165,russia-x-ukraine-ceasefire-in-2025,2025-12-31,2024-12-29,6,9,0.0165,0.6747487800948317
2025-12-23,0.0145,russia-x-ukraine-ceasefire-in-2025,2025-12-31,2024-12-29,6,8,0.0145,0.6664057027646465
2025-12-24,0.01,russia-x-ukraine-ceasefire-in-2025,2025-12-31,2024-12-29,6,7,0.01,0.5240532266468613
2025-12-25,0.0085,russia-x-ukraine-ceasefire-in-2025,2025-12-31,2024-12-29,6,6,0.0085,0.5192934705224188
2025-12-26,0.0075,russia-x-ukraine-ceasefire-in-2025,2025-12-31,2024-12-29,6,5,0.0075,0.5495634487177813
2025-12-27,0.0165,russia-x-ukraine-ceasefire-in-2025,2025-12-31,2024-12-29,6,4,0.0165,1.5181847552133714
2025-12-28,0.014,russia-x-ukraine-ceasefire-in-2025,2025-12-31,2024-12-29,6,3,0.014,1.7153691328393672
2025-12-29,0.0065,russia-x-ukraine-ceasefire-in-2025,2025-12-31,2024-12-29,6,2,0.0065,1.190122100723447
2025-12-30,0.0015,russia-x-ukraine-ceasefire-in-2025,2025-12-31,2024-12-29,6,1,0.0015,0.5479110360874884
2026-01-01,0.455,russia-x-ukraine-ceasefire-before-2027,2026-12-31,2025-07-24,5,364,0.455,0.6086369829021867
2026-01-02,0.435,russia-x-ukraine-ceasefire-before-2027,2026-12-31,2025-07-24,5,363,0.435,0.5740751651791435
2026-01-03,0.425,russia-x-ukraine-ceasefire-before-2027,2026-12-31,2025-07-24,5,362,0.425,0.5579713036946053
2026-01-04,0.425,russia-x-ukraine-ceasefire-before-2027,2026-12-31,2025-07-24,5,361,0.425,0.5595169305746458
2026-01-05,0.435,russia-x-ukraine-ceasefire-before-2027,2026-12-31,2025-07-24,5,360,0.435,0.5788591248889697
2026-01-06,0.455,russia-x-ukraine-ceasefire-before-2027,2026-12-31,2025-07-24,5,359,0.455,0.6171138211041671
2026-01-07,0.445,russia-x-ukraine-ceasefire-before-2027,2026-12-31,2025-07-24,5,358,0.445,0.6002997634386353
2026-01-08,0.445,russia-x-ukraine-ceasefire-before-2027,2026-12-31,2025-07-24,5,357,0.445,0.6019812753810405
2026-01-09,0.455,russia-x-ukraine-ceasefire-before-2027,2026-12-31,2025-07-24,5,356,0.455,0.6223142184730224
2026-01-10,0.445,russia-x-ukraine-ceasefire-before-2027,2026-12-31,2025-07-24,5,355,0.445,0.6053727191860041
2026-01-11,0.445,russia-x-ukraine-ceasefire-before-2027,2026-12-31,2025-07-24,5,354,0.445,0.6070828116130832
2026-01-12,0.445,russia-x-ukraine-ceasefire-before-2027,2026-12-31,2025-07-24,5,353,0.445,0.6088025929490976
2026-01-13,0.445,russia-x-ukraine-ceasefire-before-2027,2026-12-31,2025-07-24,5,352,0.445,0.6105321457699757
2026-01-14,0.425,russia-x-ukraine-ceasefire-before-2027,2026-12-31,2025-07-24,5,351,0.425,0.5754575838673708
2026-01-15,0.405,russia-x-ukraine-ceasefire-before-2027,2026-12-31,2025-07-24,5,350,0.405,0.5414450394409291
2026-01-16,0.415,russia-x-ukraine-ceasefire-before-2027,2026-12-31,2025-07-24,5,349,0.415,0.5607230733204941
2026-01-17,0.415,russia-x-ukraine-ceasefire-before-2027,2026-12-31,2025-07-24,5,348,0.415,0.5623343465196909
2026-01-18,0.415,russia-x-ukraine-ceasefire-before-2027,2026-12-31,2025-07-24,5,347,0.415,0.5639549065961166
2026-01-19,0.415,russia-x-ukraine-ceasefire-before-2027,2026-12-31,2025-07-24,5,346,0.415,0.5655848340718279
2026-01-20,0.415,russia-x-ukraine-ceasefire-before-2027,2026-12-31,2025-07-24,5,345,0.415,0.5672242104024708
2026-01-21,0.405,russia-x-ukraine-ceasefire-before-2027,2026-12-31,2025-07-24,5,344,0.405,0.5508888482683871
2026-01-22,0.415,russia-x-ukraine-ceasefire-before-2027,2026-12-31,2025-07-24,5,343,0.415,0.570531640200736
2026-01-23,0.445,russia-x-ukraine-ceasefire-before-2027,2026-12-31,2025-07-24,5,342,0.445,0.6283839628977528
2026-01-24,0.445,russia-x-ukraine-ceasefire-before-2027,2026-12-31,2025-07-24,5,341,0.445,0.6302267311173942
2026-01-25,0.41,russia-x-ukraine-ceasefire-before-2027,2026-12-31,2025-07-24,5,340,0.41,0.5664292672354874
2026-01-26,0.425,russia-x-ukraine-ceasefire-before-2027,2026-12-31,2025-07-24,5,339,0.425,0.5958277638272778
2026-01-27,0.435,russia-x-ukraine-ceasefire-before-2027,2026-12-31,2025-07-24,5,338,0.435,0.616536346035589
2026-01-28,0.435,russia-x-ukraine-ceasefire-before-2027,2026-12-31,2025-07-24,5,337,0.435,0.6183658307419261
2026-01-29,0.45,russia-x-ukraine-ceasefire-before-2027,2026-12-31,2025-07-24,5,336,0.45,0.649436027606552
2026-01-30,0.465,russia-x-ukraine-ceasefire-before-2027,2026-12-31,2025-07-24,5,335,0.465,0.6815024304819035
2026-01-31,0.45,russia-x-ukraine-ceasefire-before-2027,2026-12-31,2025-07-24,5,334,0.45,0.6533248660952139
2026-02-01,0.445,russia-x-ukraine-ceasefire-before-2027,2026-12-31,2025-07-24,5,333,0.445,0.6453673132463407
2026-02-02,0.445,russia-x-ukraine-ceasefire-before-2027,2026-12-31,2025-07-24,5,332,0.445,0.6473111906958778
2026-02-03,0.455,russia-x-ukraine-ceasefire-before-2027,2026-12-31,2025-07-24,5,331,0.455,0.6693168029498368
2026-02-04,0.455,russia-x-ukraine-ceasefire-before-2027,2026-12-31,2025-07-24,5,330,0.455,0.6713450356860484
2026-02-05,0.445,russia-x-ukraine-ceasefire-before-2027,2026-12-31,2025-07-24,5,329,0.445,0.6532137243496398
2026-02-06,0.425,russia-x-ukraine-ceasefire-before-2027,2026-12-31,2025-07-24,5,328,0.425,0.6158097924922169
2026-02-07,0.435,russia-x-ukraine-ceasefire-before-2027,2026-12-31,2025-07-24,5,327,0.435,0.637276100795196
2026-02-08,0.435,russia-x-ukraine-ceasefire-before-2027,2026-12-31,2025-07-24,5,326,0.435,0.6392309354602119
2026-02-09,0.445,russia-x-ukraine-ceasefire-before-2027,2026-12-31,2025-07-24,5,325,0.445,0.6612532778800968
2026-02-10,0.435,russia-x-ukraine-ceasefire-before-2027,2026-12-31,2025-07-24,5,324,0.435,0.6431768054321886
2026-02-12,0.435,russia-x-ukraine-ceasefire-before-2027,2026-12-31,2025-07-24,5,322,0.435,0.6471716924224505
2026-02-13,0.435,russia-x-ukraine-ceasefire-before-2027,2026-12-31,2025-07-24,5,321,0.435,0.6491878036137978
2026-02-14,0.435,russia-x-ukraine-ceasefire-before-2027,2026-12-31,2025-07-24,5,320,0.435,0.651216515500091
2026-02-15,0.415,russia-x-ukraine-ceasefire-before-2027,2026-12-31,2025-07-24,5,319,0.415,0.6134556507487537
2026-02-17,0.415,russia-x-ukraine-ceasefire-before-2027,2026-12-31,2025-07-24,5,317,0.415,0.61732603340332
2026-02-21,0.375,russia-x-ukraine-ceasefire-before-2027,2026-12-31,2025-07-24,5,313,0.375,0.5480872992801709
2026-02-22,0.385,russia-x-ukraine-ceasefire-before-2027,2026-12-31,2025-07-24,5,312,0.385,0.5687132983304519
2026-02-23,0.385,russia-x-ukraine-ceasefire-before-2027,2026-12-31,2025-07-24,5,311,0.385,0.5705419584537009
2026-02-24,0.395,russia-x-ukraine-ceasefire-before-2027,2026-12-31,2025-07-24,5,310,0.395,0.5916848053136223
2026-02-25,0.385,russia-x-ukraine-ceasefire-before-2027,2026-12-31,2025-07-24,5,309,0.385,0.5742347866637573
2026-02-26,0.365,russia-x-ukraine-ceasefire-before-2027,2026-12-31,2025-07-24,5,308,0.365,0.5381738708852194
2026-02-27,0.365,russia-x-ukraine-ceasefire-before-2027,2026-12-31,2025-07-24,5,307,0.365,0.539926880236637
2026-02-28,0.355,russia-x-ukraine-ceasefire-before-2027,2026-12-31,2025-07-24,5,306,0.355,0.5230533045687028
2026-03-05,0.395,russia-x-ukraine-ceasefire-before-2027,2026-12-31,2025-07-24,5,301,0.395,0.6093763775655245
2026-03-06,0.37,russia-x-ukraine-ceasefire-before-2027,2026-12-31,2025-07-24,5,300,0.37,0.5621431425091464
2026-03-07,0.385,russia-x-ukraine-ceasefire-before-2027,2026-12-31,2025-07-24,5,299,0.385,0.5934399634752542
2026-03-08,0.375,russia-x-ukraine-ceasefire-before-2027,2026-12-31,2025-07-24,5,298,0.375,0.5756755861566896
2026-03-09,0.385,russia-x-ukraine-ceasefire-before-2027,2026-12-31,2025-07-24,5,297,0.385,0.5974361921855252
2026-03-10,0.395,russia-x-ukraine-ceasefire-before-2027,2026-12-31,2025-07-24,5,296,0.395,0.6196698974568341
2026-03-11,0.41,russia-x-ukraine-ceasefire-before-2027,2026-12-31,2025-07-24,5,295,0.41,0.6528337317290362
2026-03-14,0.375,russia-x-ukraine-ceasefire-before-2027,2026-12-31,2025-07-24,5,292,0.375,0.5875045365571694
2026-03-15,0.375,russia-x-ukraine-ceasefire-before-2027,2026-12-31,2025-07-24,5,291,0.375,0.5895234524903556
2026-03-17,0.365,russia-x-ukraine-ceasefire-before-2027,2026-12-31,2025-07-24,5,289,0.365,0.5735555440576041
2026-03-18,0.365,russia-x-ukraine-ceasefire-before-2027,2026-12-31,2025-07-24,5,288,0.365,0.5755470563633597
2026-03-19,0.355,russia-x-ukraine-ceasefire-before-2027,2026-12-31,2025-07-24,5,287,0.355,0.55768052682238
2026-03-20,0.355,russia-x-ukraine-ceasefire-before-2027,2026-12-31,2025-07-24,5,286,0.355,0.5596304587343464
2026-03-21,0.355,russia-x-ukraine-ceasefire-before-2027,2026-12-31,2025-07-24,5,285,0.355,0.5615940743790283
2026-03-22,0.335,russia-x-ukraine-ceasefire-before-2027,2026-12-31,2025-07-24,5,284,0.335,0.5243253767221593
2026-03-23,0.335,russia-x-ukraine-ceasefire-before-2027,2026-12-31,2025-07-24,5,283,0.335,0.5261781165692341
2026-03-24,0.345,russia-x-ukraine-ceasefire-before-2027,2026-12-31,2025-07-24,5,282,0.345,0.5476553752539469
2026-03-25,0.335,russia-x-ukraine-ceasefire-before-2027,2026-12-31,2025-07-24,5,281,0.335,0.5299231565448159
2026-03-26,0.335,russia-x-ukraine-ceasefire-before-2027,2026-12-31,2025-07-24,5,280,0.335,0.5318157392467616
2026-03-27,0.325,russia-x-ukraine-ceasefire-before-2027,2026-12-31,2025-07-24,5,279,0.325,0.5141955005735005
2026-03-28,0.315,russia-x-ukraine-ceasefire-before-2027,2026-12-31,2025-07-24,5,278,0.315,0.4967366937509632
2026-03-29,0.305,russia-x-ukraine-ceasefire-before-2027,2026-12-31,2025-07-24,5,277,0.305,0.4794326830228551
2026-04-09,0.285,russia-x-ukraine-ceasefire-before-2027,2026-12-31,2025-07-24,5,266,0.285,0.4603291306209293
2026-04-18,0.255,russia-x-ukraine-ceasefire-before-2027,2026-12-31,2025-07-24,5,257,0.255,0.4180756308168903
2026-04-22,0.255,russia-x-ukraine-ceasefire-before-2027,2026-12-31,2025-07-24,5,253,0.255,0.42468552221320477
2026-04-23,0.255,russia-x-ukraine-ceasefire-before-2027,2026-12-31,2025-07-24,5,252,0.255,0.4263707822219873
2026-04-24,0.255,russia-x-ukraine-ceasefire-before-2027,2026-12-31,2025-07-24,5,251,0.255,0.42806947059737377
2026-04-25,0.265,russia-x-ukraine-ceasefire-before-2027,2026-12-31,2025-07-24,5,250,0.265,0.4495117784631786
2026-04-26,0.265,russia-x-ukraine-ceasefire-before-2027,2026-12-31,2025-07-24,5,249,0.265,0.45131704664977773
2026-04-27,0.285,russia-x-ukraine-ceasefire-before-2027,2026-12-31,2025-07-24,5,248,0.285,0.4937401159079322
2026-04-28,0.285,russia-x-ukraine-ceasefire-before-2027,2026-12-31,2025-07-24,5,247,0.285,0.49573906374561616
2026-04-29,0.275,russia-x-ukraine-ceasefire-before-2027,2026-12-31,2025-07-24,5,246,0.275,0.4771464341728608
2026-04-30,0.315,russia-x-ukraine-ceasefire-before-2027,2026-12-31,2025-07-24,5,245,0.315,0.5636440851541541
2026-05-01,0.315,russia-x-ukraine-ceasefire-before-2027,2026-12-31,2025-07-24,5,244,0.315,0.5659541018965891
2026-05-02,0.315,russia-x-ukraine-ceasefire-before-2027,2026-12-31,2025-07-24,5,243,0.315,0.5682831311225011
2026-05-03,0.295,russia-x-ukraine-ceasefire-before-2027,2026-12-31,2025-07-24,5,242,0.295,0.5272251190165369
2026-05-04,0.285,russia-x-ukraine-ceasefire-before-2027,2026-12-31,2025-07-24,5,241,0.285,0.5080811151251751
2026-05-05,0.295,russia-x-ukraine-ceasefire-before-2027,2026-12-31,2025-07-24,5,240,0.295,0.5316186616750082
2026-05-06,0.315,russia-x-ukraine-ceasefire-before-2027,2026-12-31,2025-07-24,5,239,0.315,0.5777941458693212
2026-05-07,0.295,russia-x-ukraine-ceasefire-before-2027,2026-12-31,2025-07-24,5,238,0.295,0.5360860453865628
2026-05-08,0.285,russia-x-ukraine-ceasefire-before-2027,2026-12-31,2025-07-24,5,237,0.285,0.5166563238192708
