date,imoex,usdrub,brent,ofz5y,brent_rub,brent_rub_ma3m,usdrub_yahoo,cnyrub,source,p_synthetic_raw,p_synthetic_lm,p_synthetic_z,deviation_A,deviation_B,fair_value_A,log_imoex,dp,dp_5d,dp_20d,r_imoex,r_imoex_5d,r_imoex_20d
2023-07-13,2885.63,90.1125,84.42,10.15,7607.29725,7061.351107936508,90.1125,12.591,polymarket,0.125,0.125,-0.485982710508021,-0.0851658139547661,0.1021822823839631,3154.2655969978373,7.967498525986631,,,,,,
2023-07-14,2902.72,90.06,83.14,10.2,7487.588400000001,7057.714098412699,90.06,12.62,polymarket,0.105,0.105,-0.5886846753911485,-0.0777352379969368,0.1080806830240495,3147.3825300400654,7.973403507426579,-0.020000000000000004,,,0.005904981439948109,,
2023-07-17,2917.61,91.0,83.96,10.35,7640.36,7057.862558730159,91.0,12.674,polymarket,0.105,0.105,-0.5886846753911485,-0.0678177747547732,0.1111274014580969,3129.870878231423,7.978520066963234,0.0,,,0.005116559536654464,,
2023-07-18,2954.52,90.9,82.0,10.39,7453.8,7056.39888015873,90.9,12.627,polymarket,0.095,0.095,-0.6400356578327123,-0.0544941901141414,0.1245749842629304,3124.803643836593,7.99109148009773,-0.009999999999999995,,,0.012571413134496723,,
2023-07-19,2943.43,91.3975,83.54,10.44,7635.34715,7051.683509523809,91.3975,12.647,polymarket,0.095,0.095,-0.6400356578327123,-0.0558932519529122,0.119791137693892,3117.687704370899,7.9873308469726965,0.0,,,-0.003760633125033941,,
2023-07-20,2917.48,90.23,84.95,10.39,7665.038500000001,7049.074580952381,90.23,12.575,polymarket,0.09,0.09,-0.6657111490534942,-0.0657446051271803,0.1109681488117209,3122.7863558627428,7.9784755089529815,-0.0050000000000000044,-0.035,,-0.008855338019714942,0.011037451093868444,
2023-07-21,2923.54,90.92,84.08,10.46,7644.5536,7048.731463492064,90.92,12.616,polymarket,0.09,0.09,-0.6657111490534942,-0.0613291142930242,0.1120724941006425,3114.5527623327603,7.980550489752328,0.0,-0.015,,0.0020749807993460934,0.007172582956675111,
2023-07-24,2937.47,90.5025,85.8,10.41,7765.1145,7045.806138095238,90.5025,12.575,polymarket,0.09,0.09,-0.6657111490534942,-0.0583700720233183,0.1184491558225306,3119.558876290031,7.985303945634306,0.0,-0.015,,0.004753455881978397,0.006806941297843094,
2023-07-25,2975.36,90.13,87.0,10.37,7841.309999999999,7047.6309,90.13,12.633,polymarket,0.09,0.09,-0.6657111490534942,-0.047798801729962,0.133464490575204,3124.717764906874,7.998120319062165,0.0,-0.0050000000000000044,,0.01281637342785924,0.007053599231008789,
2023-07-26,2970.42,90.155,86.0,10.37,7753.33,7050.7348603174605,90.155,12.582,polymarket,0.085,0.085,-0.6913866402742761,-0.0496400012272458,0.1313702394973588,3125.5734709329595,7.996458635940122,-0.0049999999999999906,-0.009999999999999995,,-0.0016616831220428452,0.009169574272192671,
2023-07-27,2987.85,90.5975,86.44,10.33,7831.247899999999,7055.438357142857,90.5975,12.644,polymarket,0.07,0.07,-0.7684131139366217,-0.0458837206787006,0.1384022993489604,3131.536548276249,8.002309344189392,-0.015,-0.01999999999999999,,0.005850708249269587,0.024120131072020934,
2023-07-28,3008.61,91.7075,87.0,10.39,7978.5525,7062.92348015873,91.7075,12.8,polymarket,0.095,0.095,-0.6400356578327123,-0.0377374810791338,0.1447121702040017,3126.600008669173,8.009233457063292,0.024999999999999994,0.0050000000000000044,,0.006924112873900157,0.029098284955909604,
2023-07-31,3073.5,91.6025,86.06,10.44,7883.31115,7071.119688888889,91.6025,12.808,polymarket,0.065,0.065,-0.7940886051574036,-0.0158591080551031,0.1679036845074795,3123.0284455775754,8.030572256347064,-0.03,-0.024999999999999994,,0.021338799283771692,0.046308558044848125,
2023-08-01,3093.64,92.33,87.52,10.45,8080.7216,7081.95193015873,92.33,12.838,polymarket,0.075,0.075,-0.7427376227158399,-0.0099836551314416,0.1746050215607346,3124.8372979243422,8.037103670129332,0.009999999999999995,-0.015,,0.0065314137822678475,0.03975317272531709,
2023-08-02,3106.46,94.16,85.37,10.48,8038.4392,7104.517858730159,94.16,13.069,polymarket,0.075,0.075,-0.7427376227158399,-0.006735391800659,0.1773180632536393,3127.5251069617857,8.041239093193584,0.0,-0.010000000000000009,,0.004135423064251853,0.04579823728630972,
2023-08-03,3147.8,94.9875,88.44,10.53,8400.6945,7136.0874936507935,94.9875,13.117,polymarket,0.075,0.075,-0.7427376227158399,0.0055844286885529,0.1897960908715974,3130.3189570121403,8.054459075117501,0.0,0.0049999999999999906,,0.0132199819239176,0.053533477249527284,
2023-08-04,3092.44,95.685,87.84,10.58,8404.9704,7166.129868253968,95.685,13.333,polymarket,0.075,0.075,-0.7427376227158399,-0.0128395675624781,0.1658619359495434,3132.6620257297677,8.03671570229993,0.0,-0.020000000000000004,,-0.017743372817571768,0.02786336547442181,
2023-08-07,3084.08,95.275,86.81,10.56,8270.822750000001,7191.18946547619,95.275,13.24,polymarket,0.09,0.09,-0.6657111490534942,-0.018375220807295,0.1613471366114074,3141.8114796739023,8.034008674684,0.015,0.024999999999999994,,-0.002707027615930002,0.0034423295916707897,
2023-08-08,3085.31,97.1,85.5,10.62,8302.05,7220.350775000001,97.1,13.419,polymarket,0.08,0.08,-0.717062131495058,-0.0182582054925098,0.158712817172727,3142.6898775841623,8.034407417514748,-0.009999999999999995,0.0050000000000000044,,0.0003987428307485885,-0.0026926209901604325,
2023-08-09,3099.52,97.2,88.2,10.77,8573.04,7253.042997222222,97.2,13.432,polymarket,0.07,0.07,-0.7684131139366217,-0.0109877104935041,0.1590695073648842,3133.9549901312344,8.03900253977481,-0.009999999999999995,-0.0049999999999999906,,0.004595122260061757,-0.0022340541967383887,
2023-08-10,3148.86,97.4575,89.01,10.84,8674.692075,7288.4386936507935,97.4575,13.465,polymarket,0.075,0.075,-0.7427376227158399,0.0043366481635618,0.173785021800118,3135.2634654502726,8.054795761554441,0.0049999999999999906,0.0,-0.05,0.015793221779631494,0.0003367431221805717,0.09122098120687694
2023-08-11,3155.51,99.43,88.89,10.85,8838.3327,7323.821216666666,99.43,13.695,polymarket,0.075,0.075,-0.7427376227158399,0.0038055015221538,0.1736535989970287,3143.5472262455605,8.05690541008915,0.0,0.0,-0.03,0.0021096485347094074,0.02039489852672971,0.08708728365119622
2023-08-14,3131.0,97.6625,89.11,11.05,8702.705375,7354.766063888889,97.6625,13.39,polymarket,0.08,0.08,-0.717062131495058,0.0008357249598927,0.1587915726503712,3128.3855301283047,8.049107721326406,0.0050000000000000044,-0.009999999999999995,-0.024999999999999994,-0.00779768876274467,0.015213613135846016,0.07313863059147718
2023-08-15,3115.25,97.09,87.64,11.14,8508.9676,7384.613367063493,97.09,13.254,polymarket,0.075,0.075,-0.7427376227158399,-0.0033649405043394,0.149344011905371,3125.768023429206,8.044064684822978,-0.0050000000000000044,-0.0050000000000000044,-0.020000000000000004,-0.005043036503428411,0.009704049187926111,0.054401391765836804
2023-08-16,3049.46,94.665,87.53,11.1,8286.027450000001,7409.174278968254,94.665,12.902,polymarket,0.075,0.075,-0.7427376227158399,-0.0278756981536755,0.1241880361853442,3136.9033715217884,8.022719804746073,0.0,0.0049999999999999906,-0.020000000000000004,-0.021344880076904715,-0.016150887879413545,0.03602259948427511
2023-08-17,3059.02,93.7725,88.86,10.96,8332.62435,7436.041332142857,93.7725,12.774,polymarket,0.075,0.075,-0.7427376227158399,-0.032085967250839,0.1284586621231893,3160.4253027631826,8.02584988221387,0.0,0.0,-0.015,0.0031300774677980314,-0.028530960411069395,0.04851447139312004
2023-08-18,3111.22,93.755,87.52,10.96,8205.4376,7456.875262301587,93.755,12.827,polymarket,0.105,0.105,-0.5886846753911485,-0.0172804239860407,0.1463471546464732,3165.9285883156213,8.042770211208635,0.03,0.03,0.015,0.01692032899476459,-0.014035766009298123,0.06419614576848609
2023-08-21,3139.93,93.655,88.33,10.97,8272.54615,7480.168626587302,93.655,12.799,polymarket,0.12,0.12,-0.5116582017288029,-0.0097645136154503,0.1552066747592051,3170.8922202578333,8.051955785660176,0.015,0.039999999999999994,0.03,0.009185574451541001,0.0028521239220695715,0.06892325708858316
2023-08-22,3164.25,94.3025,88.0,10.97,8298.619999999999,7504.774983730159,94.3025,12.885,polymarket,0.1,0.1,-0.6143601666119304,-0.0041305965823773,0.1625257690248491,3177.374452052581,8.059671339672558,-0.01999999999999999,0.02500000000000001,0.010000000000000009,0.007715554012381887,0.015729074713104918,0.06348475478597537
2023-08-23,3146.2,94.26,86.41,10.98,8145.0066,7527.170802777778,94.26,12.899,polymarket,0.085,0.085,-0.6913866402742761,-0.0112758787039329,0.1542454323315603,3182.080756637969,8.053950654388405,-0.015,0.010000000000000009,0.0,-0.005720685284153149,0.0317236494330142,0.059176816746453254
2023-08-24,3137.37,94.865,87.83,11.08,8331.99295,7550.644722619048,94.865,12.972,polymarket,0.095,0.095,-0.6400356578327123,-0.0122822785114647,0.1476709438241723,3176.383223409054,8.051140148318668,0.009999999999999995,0.020000000000000004,0.024999999999999994,-0.0028105060697374284,0.02561277794849337,0.050042672824941015
2023-08-25,3157.33,95.4175,88.16,11.08,8412.0068,7576.395306746031,95.4175,13.049,polymarket,0.09,0.09,-0.6657111490534942,-0.0081005724494153,0.1532976480923389,3183.115054110648,8.057482012711876,-0.0050000000000000044,-0.015,-0.0050000000000000044,0.006341864393208496,0.014820552709226664,0.04943146502870088
2023-08-28,3198.72,95.31,86.15,11.15,8210.9565,7597.548997222222,95.31,13.058,polymarket,0.08,0.08,-0.717062131495058,0.0057831409080679,0.1657431477641697,3180.327716680602,8.070506008766477,-0.009999999999999995,-0.039999999999999994,0.015,0.013023996054601028,0.018723347335768636,0.040741825280624644
2023-08-29,3211.36,95.4575,87.0,11.12,8304.8025,7625.096616269841,95.4575,13.094,polymarket,0.09,0.09,-0.6657111490534942,0.0063613095740031,0.1690977408141158,3191.060675175779,8.074449802411182,0.009999999999999995,-0.010000000000000009,0.015,0.003943793644705096,0.014888204155803164,0.03805226206022683
2023-08-30,3212.68,96.22,88.29,11.14,8495.2638,7654.444577380953,96.22,13.17,polymarket,0.08,0.08,-0.717062131495058,0.0051220831472726,0.1672972000693264,3196.308243412926,8.074860758762195,-0.009999999999999995,-0.0050000000000000044,0.0050000000000000044,0.0004109563510130698,0.021130252367935975,0.03419326178350923
2023-08-31,3227.99,96.025,89.91,11.14,8633.607750000001,7684.112954365079,96.025,13.17,polymarket,0.08,0.08,-0.717062131495058,0.0074854968416868,0.1709276649300337,3204.006420061882,8.079614931491609,0.0,-0.015,0.0050000000000000044,0.004754172729413142,0.028884065315853746,0.025474934875150845
2023-09-01,3231.35,96.09,91.44,11.25,8786.4696,7716.1708928571425,96.09,13.264,polymarket,0.08,0.08,-0.717062131495058,0.0100605110634373,0.1680435241769891,3199.1647674631777,8.080655285553496,0.0,-0.009999999999999995,0.0050000000000000044,0.0010403540618870721,0.02344385921015535,0.04491922236163015
2023-09-04,3268.97,96.87,91.94,11.25,8906.2278,7750.30794563492,96.87,13.3,polymarket,0.09,0.09,-0.6657111490534942,0.0190187819725327,0.1794209263729278,3207.9585360263886,8.092230229563716,0.009999999999999995,0.009999999999999995,0.0,0.011574944010220634,0.021961909763905663,0.05994980674950057
2023-09-05,3264.43,97.905,93.5,11.31,9154.1175,7786.187617063492,97.905,13.379,polymarket,0.095,0.095,-0.6400356578327123,0.0169574506402965,0.1743565940194658,3209.9966404146508,8.090840447603098,0.0050000000000000044,0.0050000000000000044,0.015,-0.0013897819606185635,0.016525708733994282,0.05805575452709766
2023-09-06,3245.47,98.1225,93.6,11.58,9184.266,7821.983834920635,98.1225,13.401,polymarket,0.095,0.095,-0.6400356578327123,0.0183712043548047,0.1603121900940065,3186.922397374921,8.085015456862784,0.0,0.015,0.024999999999999994,-0.005824990740313396,0.01020643201314786,0.047087936196572366
2023-09-07,3169.07,98.2475,93.0,11.72,9137.0175,7856.835858730158,98.2475,13.417,polymarket,0.12,0.12,-0.5116582017288029,-0.003157395911165,0.1283628964735941,3179.107701658369,8.061193448434025,0.024999999999999994,0.039999999999999994,0.045,-0.023822008428759034,-0.018252844649456645,0.006418195791492831
2023-09-08,3142.88,97.7825,91.0,12.05,8898.2075,7886.520247619048,97.7825,13.267,polymarket,0.1,0.1,-0.6143601666119304,-0.0015013433288043,0.111450472975372,3147.605636724403,8.052894855985967,-0.01999999999999999,0.020000000000000004,0.02500000000000001,-0.008298592448058528,-0.02737864979033522,-0.004002522571628697
2023-09-11,3122.37,95.0825,94.89,11.96,9022.378425,7920.184508333334,95.0825,13.019,polymarket,0.1,0.1,-0.6143601666119304,-0.0139556362977976,0.1037574485650849,3166.561378918844,8.046347607826398,0.0,0.010000000000000009,0.020000000000000004,-0.006547248159568753,-0.04484593006359794,-0.002756307888853393
2023-09-12,3165.92,94.9425,94.26,11.78,8949.28005,7952.298080555556,94.9425,12.988,polymarket,0.1,0.1,-0.6143601666119304,-0.0093854753824089,0.1203947280535242,3195.915183276913,8.06019897164413,0.0,0.0050000000000000044,0.02500000000000001,0.01385136381773222,-0.03017678430843973,0.016265147259449497
2023-09-13,3148.32,96.225,94.59,11.76,9101.92275,7984.616421825396,96.225,13.235,polymarket,0.1,0.1,-0.6143601666119304,-0.018106295178939,0.1125921479574632,3206.3755827559216,8.054624256213534,0.0,0.0050000000000000044,0.02500000000000001,-0.005574715430595845,-0.029934031126462313,0.032418854485712245
2023-09-14,3139.49,97.34,95.08,11.83,9255.0872,8020.668163095238,97.34,13.35,polymarket,0.09,0.09,-0.6657111490534942,-0.0210477095977401,0.1061235597647778,3206.9897897781684,8.051815645328515,-0.010000000000000009,-0.03,0.015,-0.002808610885018936,-0.009333968640642287,0.026305810357565518
2023-09-15,3152.53,96.81,96.01,11.85,9294.7281,8058.938543253968,96.81,13.251,polymarket,0.09,0.09,-0.6657111490534942,-0.0191559369826624,0.1081176280900828,3214.099079421431,8.055960584050734,0.0,-0.010000000000000009,-0.015,0.004144938722218328,0.0030704322150385543,0.01327774956447958
2023-09-18,3135.18,96.545,95.05,11.74,9176.60225,8093.958578968254,96.545,13.205,polymarket,0.085,0.085,-0.6913866402742761,-0.0311621344757974,0.1018910868217575,3236.0213319115774,8.050441867686713,-0.0049999999999999906,-0.015,-0.03499999999999999,-0.005518716364020904,0.004102652792590256,-0.001512772577732635
2023-09-19,3083.85,96.84,96.92,11.82,9385.7328,8133.540051984127,96.84,13.261,polymarket,0.085,0.085,-0.6913866402742761,-0.0470726778938599,0.0802377775043812,3236.1859382771595,8.033934095368052,0.0,-0.015,-0.015,-0.016507772318661296,-0.025922954465052883,-0.02540886465987202
2023-09-20,3068.15,96.15,94.68,11.88,9103.482000000002,8167.391988492063,96.15,13.161,polymarket,0.07,0.07,-0.7684131139366217,-0.0522517896790872,0.0718242708063203,3237.304978883693,8.028830053078162,-0.015,-0.03,-0.015,-0.005104042289890032,-0.025464374650607358,-0.024807704532451735
2023-09-21,3019.22,95.91,95.03,11.84,9114.3273,8203.854159920635,95.91,13.108,polymarket,0.07,0.07,-0.7684131139366217,-0.0713319527887095,0.0533937413756504,3251.12940955216,8.012753798863676,0.0,-0.01999999999999999,-0.024999999999999994,-0.016076254214485886,-0.038308769895747385,-0.03765893088797312
2023-09-22,3049.07,96.25,96.45,11.89,9283.3125,8240.900358333334,96.25,13.159,polymarket,0.065,0.065,-0.7940886051574036,-0.0630293968673512,0.0609317489173919,3254.178935609933,8.022591905071716,-0.0050000000000000044,-0.024999999999999994,-0.024999999999999994,0.009838106208039932,-0.03281808579141199,-0.03428846525386953
2023-09-25,3045.39,96.235,94.5,11.94,9094.2075,8272.900058730158,96.235,13.144,polymarket,0.07,0.07,-0.7684131139366217,-0.0646708700263377,0.0570698084667333,3255.955473220164,8.02138425076034,0.0050000000000000044,-0.015,-0.009999999999999995,-0.0012076543113757054,-0.02863950395192616,-0.047934798919567756
2023-09-26,3051.91,96.3775,96.86,11.93,9335.12465,8308.06964047619,96.3775,13.149,polymarket,0.1,0.1,-0.6143601666119304,-0.0654862339778045,0.0575857582954639,3265.773187045288,8.023522903109779,0.03,0.015,0.010000000000000009,0.0021386523494388854,-0.010357183390891311,-0.049651860893827005
2023-09-27,3067.61,96.9075,98.52,11.96,9547.3269,8344.265583333334,96.9075,13.213,polymarket,0.09,0.09,-0.6657111490534942,-0.0621662440726795,0.0605573464092927,3270.952853436992,8.02865403576282,-0.010000000000000009,0.01999999999999999,0.009999999999999995,0.005131132653040993,-0.00017600182520405294,-0.04515544654307302
2023-09-28,3108.07,96.8025,96.39,12.09,9330.792975,8377.7673765873,96.8025,13.308,polymarket,0.07,0.07,-0.7684131139366217,-0.0475562214129317,0.0705183782731992,3263.258230959061,8.041757233756432,-0.01999999999999999,0.0,-0.009999999999999995,0.013103197993611815,0.02942813044428716,-0.03715005312903685
2023-09-29,3133.26,97.9675,94.5,12.08,9257.92875,8409.77551547619,97.9675,13.493,polymarket,0.07,0.07,-0.7684131139366217,-0.0424681158336051,0.0776116384016072,3272.225240549294,8.049829275060782,0.0,0.0050000000000000044,-0.009999999999999995,0.008072041304350464,0.027611697993158657,-0.030355733671685092
2023-10-02,3132.33,99.765,95.0,12.2,9477.675,8443.185912301586,99.765,13.6,polymarket,0.065,0.065,-0.7940886051574036,-0.0408278096029491,0.0734425959569822,3265.65973384129,8.049532415544974,-0.0050000000000000044,-0.0050000000000000044,-0.024999999999999994,-0.00029685951580837866,0.02854806773516705,-0.04179909879870414
2023-10-03,3143.88,99.6125,94.58,12.25,9421.35025,8474.004338492063,99.6125,13.597,polymarket,0.065,0.065,-0.7940886051574036,-0.0376774250837455,0.0748823547058363,3266.971057260705,8.053212984881752,0.0,-0.035,-0.03,0.0036805693367778503,0.030135226792402214,-0.036928345836792276
2023-10-04,3134.25,99.58,89.0,12.39,8862.619999999999,8497.06973531746,99.58,13.629,polymarket,0.065,0.065,-0.7940886051574036,-0.0372331281949507,0.0679922479594821,3255.460996620846,8.050145189996135,0.0,-0.024999999999999994,-0.03,-0.0030677948856165926,0.021723752367478255,-0.034269304599950035
2023-10-05,3131.76,100.405,87.51,12.34,8786.441550000001,8519.011913095237,100.405,13.727,polymarket,0.07,0.07,-0.7684131139366217,-0.0413283266985052,0.0668109221641182,3266.770143749816,8.049350425822102,0.0050000000000000044,0.0,-0.04999999999999999,-0.0007947641740333466,0.007622093453493628,-0.01177317004673295
2023-10-06,3144.89,100.405,87.38,12.35,8773.3889,8540.000097222222,100.405,13.715,polymarket,0.07,0.07,-0.7684131139366217,-0.0384225406005753,0.0699920961384825,3270.5529536478666,8.053534192370238,0.0,0.0,-0.03,0.004183766548136347,0.0037117889993167896,0.0006395408033395
2023-10-09,3174.02,99.3225,91.82,12.34,9119.79195,8566.206147619048,99.3225,13.585,polymarket,0.1,0.1,-0.6143601666119304,-0.0317241305382834,0.0786635216869942,3278.012083234605,8.06275420226373,0.03,0.035,0.0,0.009220009893491365,0.013309581046696994,0.016541921681286986
2023-10-10,3177.03,100.3,90.0,12.41,9027.0,8588.741111904761,100.3,13.731,polymarket,0.09,0.09,-0.6657111490534942,-0.0298593778121095,0.0772900641429257,3274.8139056738664,8.063702077095565,-0.010000000000000009,0.024999999999999994,-0.010000000000000009,0.0009478748318354491,0.010544295583800878,0.0035092484964875936
2023-10-11,3194.12,100.2,88.37,12.26,8854.674,8610.440883333333,100.2,13.708,polymarket,0.08,0.08,-0.717062131495058,-0.0316009486786567,0.0844791303257028,3298.351021349872,8.069066898513789,-0.009999999999999995,0.015,-0.020000000000000004,0.005364821418224253,0.019101858498843383,0.01454744117497575
2023-10-12,3174.66,97.4275,88.35,12.18,8607.719625,8625.795798015874,97.4275,13.3,polymarket,0.08,0.08,-0.717062131495058,-0.0414300167458892,0.0784113159282404,3311.8708654143384,8.062955818978438,0.0,0.009999999999999995,-0.009999999999999995,-0.006111079535351394,0.013698367691010738,0.011202456449932896
2023-10-13,3192.33,97.24,92.83,12.15,9026.7892,8650.763880555554,97.24,13.31,polymarket,0.075,0.075,-0.7427376227158399,-0.038901182375165,0.0835902849104943,3321.5419075108325,8.068506336684644,-0.0050000000000000044,0.0049999999999999906,-0.015,0.005550517706206293,0.015084788339178923,0.012624780731666174
2023-10-16,3234.78,97.3975,93.0,12.18,9057.9675,8673.345155952382,97.3975,13.298,polymarket,0.065,0.065,-0.7940886051574036,-0.0266103046761074,0.0962620099255482,3323.2116751797303,8.081716198440095,-0.009999999999999995,-0.035,-0.020000000000000004,0.013209861755450802,0.019142916553771094,0.031768510898895874
2023-10-17,3247.15,97.7,94.0,12.32,9183.8,8697.452481349206,97.7,13.32,polymarket,0.065,0.065,-0.7940886051574036,-0.0194683167526587,0.096732798064717,3311.6217002249577,8.085532967524887,0.0,-0.024999999999999994,-0.020000000000000004,0.0038167690847927815,0.022070927879182634,0.05295328890834505
2023-10-18,3249.21,97.39,98.53,12.4,9595.8367,8728.425228968254,97.39,13.286,polymarket,0.065,0.065,-0.7940886051574036,-0.0180883710465121,0.0943876494819579,3309.065606507764,8.086167168852723,0.0,-0.015,-0.0050000000000000044,0.0006342013278359815,0.01724731694488635,0.05901276013232737
2023-10-19,3255.16,97.05,96.02,12.43,9318.741,8753.08596706349,97.05,13.225,polymarket,0.065,0.065,-0.7940886051574036,-0.0169156463553776,0.0945568936866769,3311.1705907352034,8.087996708580524,0.0,-0.015,-0.0050000000000000044,0.0018295397278009773,0.02535704610887457,0.07814601122144138
2023-10-20,3269.27,95.32,98.05,12.46,9346.125999999998,8776.971935317462,95.32,13.004,polymarket,0.07,0.07,-0.7684131139366217,-0.0132229588015696,0.0975067415823698,3313.0787031987547,8.092321997378972,0.0050000000000000044,-0.0049999999999999906,0.0050000000000000044,0.004325288798447957,0.024101518326739457,0.07221874210824941
2023-10-23,3263.68,94.425,99.23,12.33,9369.79275,8802.630074206349,94.425,12.882,polymarket,0.06,0.06,-0.8197640963781855,-0.0214510906733392,0.096509990073756,3335.224196658435,8.090610672062153,-0.010000000000000009,-0.0050000000000000044,-0.010000000000000009,-0.0017113253168190568,0.008934146989903358,0.07167883259615349
2023-10-24,3265.01,93.4,96.5,12.37,9013.1,8821.389631349208,93.4,12.74,polymarket,0.06,0.06,-0.8197640963781855,-0.0208883052830927,0.0952718875836957,3334.6655112152653,8.091018104492978,0.0,-0.0050000000000000044,-0.04000000000000001,0.00040743243082452807,0.005500207874597818,0.06982512590476131
2023-10-25,3265.28,93.3325,96.5,12.36,9006.58625,8837.707627380953,93.3325,12.718,polymarket,0.065,0.065,-0.7940886051574036,-0.0222965927979981,0.0946723122271178,3339.74493281618,8.091100796073338,0.0050000000000000044,0.0,-0.024999999999999994,8.26915803600059e-05,0.004945817598739355,0.0644377870720203
2023-10-26,3223.89,93.96,96.8,12.38,9095.328,8856.945990079363,93.96,12.778,polymarket,0.045,0.045,-0.8967905700405311,-0.0352750475085312,0.0794552462465998,3341.771135569865,8.07834398393775,-0.020000000000000004,-0.020000000000000004,-0.02500000000000001,-0.012756812135588547,-0.009606286634143979,0.037264282979469376
2023-10-27,3224.18,94.125,94.94,12.43,8936.227499999999,8870.525448809523,94.125,12.8,polymarket,0.055,0.055,-0.8454395875989674,-0.0343084458909496,0.0779986237656182,3338.7265180905893,8.078433933333521,0.010000000000000002,-0.015000000000000006,-0.015000000000000006,8.994939577178229e-05,-0.01379206978928027,0.02901770041426488
2023-10-30,3227.07,92.8575,94.2,12.48,8747.1765,8881.775247222224,92.8575,12.64,polymarket,0.055,0.055,-0.8454395875989674,-0.0324022362273744,0.0775335322379882,3335.1358599856426,8.079329883790663,0.0,-0.0049999999999999975,-0.010000000000000002,0.0008959504571421917,-0.011217398764584718,0.030245855321757276
2023-10-31,3200.97,93.4,94.0,12.48,8779.6,8887.789620238096,93.4,12.685,polymarket,0.045,0.045,-0.8967905700405311,-0.0406319260896687,0.0685102840242037,3336.5400486520493,8.071209167854716,-0.010000000000000002,-0.015,-0.020000000000000004,-0.008120715935946876,-0.01961402874723217,0.018159090041604653
2023-11-01,3206.52,92.74,91.5,12.22,8485.71,8889.071201190476,92.74,12.639,polymarket,0.035,0.035,-0.9481415524820949,-0.048324759136454,0.0746877305812883,3369.3426731270406,8.072941515899888,-0.009999999999999995,-0.03,-0.03,0.001732348045171861,-0.01799539396315175,0.023058147882268454
2023-11-02,3197.22,93.35,91.5,12.1,8541.525,8893.368062301586,93.35,12.71,polymarket,0.035,0.035,-0.9481415524820949,-0.055604748171266,0.0733762506399193,3385.468101209615,8.070036961205838,0.0,-0.009999999999999995,-0.035,-0.0029045546940498213,-0.008272614760429176,0.02090198482642336
2023-11-03,3208.63,92.4225,91.57,11.9,8463.128325,8895.92486111111,92.4225,12.657,polymarket,0.0355,0.0355,-0.9455740033600167,-0.059443480914155,0.08047202070438,3411.416469813599,8.073599333745484,0.0004999999999999935,-0.019500000000000003,-0.03450000000000001,0.003562372539645864,-0.004822931722174184,0.02026779950968094
2023-11-06,3235.11,92.3925,89.52,11.92,8270.9766,8891.130203968254,92.3925,12.679,polymarket,0.1125,0.1125,-0.5501714385599756,-0.0506557084909768,0.0892961515887784,3407.7310296537994,8.0818182094481,0.07700000000000001,0.0575,0.012499999999999997,0.008218875702615591,0.0024914241091764655,0.019246885652894452
2023-11-07,3246.34,92.26,88.92,11.9,8203.7592,8883.655078968253,92.26,12.678,polymarket,0.065,0.065,-0.7940886051574036,-0.0475723351478449,0.0938137467603938,3408.4898200683074,8.085283486889914,-0.0475,0.020000000000000004,-0.024999999999999994,0.0034652774418137966,0.014173828558218471,0.02181597277960856
2023-11-08,3245.43,92.0175,89.35,11.9,8221.763625,8873.868268253967,92.0175,12.624,polymarket,0.065,0.065,-0.7940886051574036,-0.0471864483208176,0.0940210052445307,3406.154325030795,8.085003131915549,0.0,0.03,-0.015,-0.0002803549743646272,0.012134650649302081,0.016063892402289115
2023-11-09,3239.92,92.0375,89.12,11.58,8202.382,8865.926627380954,92.0375,12.6,polymarket,0.0635,0.0635,-0.8017912525236381,-0.0595616158104622,0.0980993962923484,3445.116718403766,8.083303917123514,-0.0015000000000000013,0.028499999999999998,-0.0165,-0.0016992147920351641,0.013355352462451897,0.020556532038076503
2023-11-10,3242.06,92.2925,87.79,11.58,8102.358575000001,8859.472515873016,92.2925,12.611,polymarket,0.109,0.109,-0.568144282414523,-0.0585141982426098,0.0991658230558429,3443.5569755256283,8.083964209218754,0.0455,0.07350000000000001,0.034,0.0006602920952403224,0.010418776861152557,0.015577963431098851
2023-11-13,3248.27,91.62,87.05,11.75,7975.521,8854.543842063493,91.62,12.545,polymarket,0.0465,0.0465,-0.8890879226742965,-0.0503845822262745,0.0985878905603476,3420.6163244645195,8.085877825905438,-0.0625,-0.066,-0.018500000000000003,0.0019136166866839943,0.004067867862298291,0.004170299062069116
2023-11-14,3212.39,90.6,90.4,11.84,8190.24,8852.283773015872,90.6,12.47,polymarket,0.047,0.047,-0.8865203735522184,-0.057567802491613,0.0850325581210462,3408.616565194773,8.074770487372094,0.0005000000000000004,-0.018000000000000002,-0.018000000000000002,-0.011107338533344446,-0.010457931085468664,-0.010704771876876684
2023-11-15,3215.11,89.4575,86.67,11.81,7753.281524999999,8845.106692460318,89.4575,12.321,polymarket,0.0465,0.0465,-0.8890879226742965,-0.0573489158484019,0.0868400298731004,3410.7105524560598,8.075616850705387,-0.0005000000000000004,-0.018500000000000003,-0.018500000000000003,0.000846363333293354,-0.009342367575328914,-0.010494858750280778
2023-11-16,3189.08,89.15,87.01,11.76,7756.941500000001,8836.922491666664,89.15,12.275,polymarket,0.0465,0.0465,-0.8890879226742965,-0.0661847759768898,0.0793156357297291,3415.1081691093486,8.067487752929333,0.0,-0.017,-0.018500000000000003,-0.008129097776054195,-0.015691745475196917,-0.0203000774155494
2023-11-17,3206.34,90.0,84.37,11.75,7593.3,8825.72693611111,90.0,12.469,polymarket,0.0465,0.0465,-0.8890879226742965,-0.0607406040250453,0.0859146028393997,3413.6895662053053,8.072885378700558,0.0,-0.0625,-0.023500000000000007,0.005397625771225378,-0.011017686285879957,-0.019248945483242408
2023-11-20,3207.36,88.4,87.0,11.68,7690.8,8818.517307539683,88.4,12.318,polymarket,0.048,0.048,-0.881385275308062,-0.0624143574487187,0.0878368238579463,3420.8714963599427,8.073203447836502,0.0015000000000000013,0.0015000000000000013,-0.011999999999999997,0.00031806913594323305,-0.012594396401776953,-0.017256593783704144
2023-11-21,3218.48,87.8675,87.94,11.67,7727.067950000001,8808.915323412699,87.8675,12.292,polymarket,0.065,0.065,-0.7940886051574036,-0.0588770829339637,0.0922873590350457,3419.8295904148804,8.076664477398484,0.017,0.018000000000000002,0.0050000000000000044,0.003461029561982798,0.0018957847583886966,-0.014251104897075373
2023-11-22,3230.65,88.35,90.86,11.57,8027.481,8802.811739285715,88.35,12.302,polymarket,0.056,0.056,-0.8403044893548111,-0.0584282107726868,0.0984698070685168,3431.124463330815,8.080438634361066,-0.009000000000000001,0.009500000000000001,-0.009000000000000001,0.003774156962581543,0.004833427161123449,-0.010605522344178775
2023-11-23,3221.05,88.4,89.49,11.61,7910.916,8798.049191666667,88.4,12.339,polymarket,0.0625,0.0625,-0.8069263507677945,-0.0595086175717111,0.094768591152087,3424.858600706637,8.077462672340179,0.006499999999999999,0.016,0.0175,-0.002975962020887124,0.010024834748579625,-0.0008809233565660879
2023-11-24,3217.76,88.6,88.24,11.64,7818.063999999999,8790.323183730157,88.6,12.387,polymarket,0.0755,0.0755,-0.7401700735937617,-0.0589038025245277,0.0935433165550869,3419.1616209179983,8.076440744286293,0.012999999999999998,0.028999999999999998,0.020499999999999997,-0.001021928053885901,0.0035616933949611518,-0.0019912039650390456
2023-11-27,3191.05,88.805,87.52,11.61,7772.2136,8778.84619642857,88.805,12.39,polymarket,0.0815,0.0815,-0.7093594841288234,-0.0670012685581749,0.0855827634581471,3420.2082944621566,8.068105295224742,0.006000000000000005,0.0335,0.026500000000000003,-0.008335449061551259,-0.005085179088097358,-0.011161827912006816
2023-11-28,3196.36,89.44,87.66,11.57,7840.310399999999,8766.254175,89.44,12.481,polymarket,0.08,0.08,-0.717062131495058,-0.0660081293156411,0.0887401699770407,3422.25676724354,8.069767941343668,-0.0015000000000000013,0.015,0.035,0.0016626461189268582,-0.00687280952499314,-0.0014401884428781875
2023-11-29,3173.52,88.55,88.97,11.59,7878.2935,8751.838681349205,88.55,12.407,polymarket,0.0795,0.0795,-0.7196296806171362,-0.071040140054953,0.0813783851594724,3416.2078867301448,8.062596660916677,-0.0005000000000000004,0.0235,0.0445,-0.007171280426991444,-0.017683747852599407,-0.010291531005576116
2023-11-30,3165.79,89.4525,87.14,11.64,7794.89085,8734.198412301586,89.4525,12.489,polymarket,0.0725,0.0725,-0.7555753683262308,-0.0704081791691779,0.0788228136610844,3405.569981425372,8.06015790848741,-0.007000000000000006,0.009999999999999995,0.03749999999999999,-0.002438752429267055,-0.017155896369196455,-0.009830415173181617
2023-12-01,3142.29,90.4075,90.78,11.7,8207.19285,8719.167862301587,90.4075,12.625,polymarket,0.0715,0.0715,-0.7607104665703872,-0.0742512942196557,0.0705890984399224,3394.3228657838195,8.052707112455805,-0.0010000000000000009,-0.0040000000000000036,0.036,-0.007450796031605478,-0.023454204166873938,-0.02067549078578712
2023-12-04,3114.41,90.9275,89.67,11.87,8153.468925,8702.806003968253,90.9275,12.733,polymarket,0.052,0.052,-0.8608448823314365,-0.0755519329202958,0.0591013922346186,3368.9399230811323,8.043795007182435,-0.019499999999999997,-0.029500000000000005,-0.060500000000000005,-0.008912105273369164,-0.024017173030820627,-0.03730939597107985
2023-12-05,3129.33,92.275,88.0,11.95,8120.200000000001,8686.666043650794,92.275,12.8775,polymarket,0.0495,0.0495,-0.8736826279418274,-0.067272540230952,0.0636767805592817,3355.0314909511203,8.048574203112633,-0.0024999999999999953,-0.0305,-0.0155,0.0047791959301974885,-0.020970729204470184,-0.03604366763801703
2023-12-06,3079.5,92.82,84.5,11.99,7843.289999999999,8669.921321428572,92.82,12.945,polymarket,0.043,0.043,-0.9070607665288438,-0.0796513801159154,0.046940891733336,3346.014687768918,8.032522525127098,-0.006500000000000006,-0.036500000000000005,-0.022000000000000006,-0.016051677985535306,-0.02962640853059062,-0.051127277433190677
2023-12-07,3073.63,92.1,85.0,12.06,7828.499999999999,8650.970870238096,92.1,12.8515,polymarket,0.045,0.045,-0.8967905700405311,-0.0777511659867524,0.0447681302038152,3332.7556367025445,8.030614552508043,0.0020000000000000018,-0.027499999999999997,-0.018500000000000003,-0.001907972619054732,-0.029111217105367015,-0.0513253413664535
2023-12-08,3079.99,91.8975,88.32,12.15,8116.387199999999,8637.750348809524,91.8975,12.786,polymarket,0.0445,0.0445,-0.8993581191626093,-0.0718543488412692,0.0461291466693747,3318.4339076036485,8.032681629209103,-0.0005000000000000004,-0.026999999999999996,-0.0645,0.002067076701059989,-0.01982630501958771,-0.04998982128646612
2023-12-11,3026.17,90.69,84.57,12.18,7669.653299999999,8615.015913095238,90.69,12.608,polymarket,0.0365,0.0365,-0.9404389051158604,-0.0855548942463476,0.0285182864563851,3309.2965132181894,8.015053072545557,-0.008,-0.0155,-0.010000000000000002,-0.01762855666354568,-0.028332814240899507,-0.06837485800133603
2023-12-12,3019.89,89.9975,83.6,12.3,7523.790999999999,8587.535021031745,89.9975,12.5285,polymarket,0.041,0.041,-0.9173309630171567,-0.0815377468718725,0.0258424291383254,3287.9848787631327,8.012975685864491,0.004500000000000004,-0.0085,-0.005999999999999998,-0.0020773866810657182,-0.034972342322478034,-0.059924230868605655
2023-12-13,3032.22,90.0125,84.0,12.41,7561.05,8560.016321031746,90.0125,12.51,polymarket,0.2,0.2,-0.10085034219629263,-0.0721477919011913,0.0296560464842075,3267.998904925916,8.017050303496713,0.159,0.15700000000000003,0.15350000000000003,0.004074617632221944,-0.015353141743789656,-0.05688452339111272
2023-12-14,3008.84,89.875,84.3,12.48,7576.4625,8534.617277380954,89.875,12.655,polymarket,0.22,0.22,0.0018516226868348544,-0.0751886857786726,0.021884833585682,3253.463656565862,8.00930990140437,0.01999999999999999,0.175,0.1735,-0.007740402092343501,-0.021079310131668416,-0.05651786722189467
2023-12-15,3033.89,90.275,82.88,12.36,7481.992,8504.399169444445,90.275,12.6435,polymarket,0.23,0.23,0.053202605128398674,-0.0696020888961638,0.0339031029023855,3260.852119068661,8.017600903483258,0.010000000000000009,0.1855,0.1835,0.008291002078887999,-0.014967581063574875,-0.05378406532058366
2023-12-18,3076.26,90.0575,86.51,11.98,7790.874325000001,8483.564126984127,90.0575,12.597,polymarket,0.225,0.225,0.027527113907616762,-0.0684601491166314,0.0557366752627084,3302.338592474405,8.031469852411075,-0.0050000000000000044,0.1885,0.177,0.01386894892781676,0.016552275648757497,-0.04087473810236453
2023-12-19,3083.64,90.34,84.84,11.89,7664.445600000001,8460.550131746031,90.34,12.665,polymarket,0.23,0.23,0.053202605128398674,-0.0677800215712979,0.0609978809421858,3307.8458640176445,8.033865996352057,0.0050000000000000044,0.189,0.165,0.0023961439409827534,0.021110040431936206,-0.041895553180383294
2023-12-20,3104.66,90.9625,85.38,11.81,7766.37825,8436.47181031746,90.9625,12.743,polymarket,0.235,0.235,0.07887809634918044,-0.0625608154986745,0.0708767934490441,3311.852172737516,8.040659487566776,0.004999999999999977,0.034999999999999976,0.179,0.006793491214718728,0.02389008713088092,-0.03899834398650437
2023-12-21,3073.57,92.15,83.89,11.77,7730.463500000001,8414.825080158731,92.15,12.85,polymarket,0.245,0.245,0.13022907879074425,-0.0718496906313954,0.0619832519528347,3311.500269919499,8.030595031425273,0.010000000000000009,0.024999999999999994,0.1825,-0.010064456141503086,0.021513274218635692,-0.04578631191692151
2023-12-22,3092.58,92.0,85.0,11.88,7820.0,8390.775482539682,92.0,12.839,polymarket,0.245,0.245,0.13022907879074425,-0.0606007707231318,0.0680045462337923,3292.082752059111,8.03676097297004,0.0,0.014999999999999986,0.16949999999999998,0.006165941544766795,0.01934480155839524,-0.03890283924220583
2023-12-25,3099.02,91.75,86.04,11.86,7894.170000000001,8364.534896825398,91.75,12.761,polymarket,0.445,0.445,1.1572487276220198,-0.0575123140660238,0.0719958411151184,3288.127841085761,8.038841211461664,0.2,0.22,0.3635,0.002080238491624087,0.007398594397092451,-0.028840036978424077
2023-12-26,3094.72,91.66,85.98,11.98,7880.9268,8341.521148015872,91.66,12.788,polymarket,0.42,0.42,1.02887127151811,-0.0529786858527099,0.0697431206963417,3267.8461970906374,8.037452712528598,-0.025000000000000022,0.18999999999999997,0.33999999999999997,-0.001388498933065918,0.003593156140146103,-0.03179867098824929
2023-12-27,3097.49,91.27,84.0,12.01,7666.679999999999,8316.263231349207,91.27,12.735,polymarket,0.36,0.36,0.7207653768687275,-0.049279102484815,0.0715791696964283,3258.043457439124,8.038347385088079,-0.06,0.125,0.28049999999999997,0.0008946725594807248,-0.002309431628584102,-0.023957624341425343
2023-12-28,3101.99,89.36,83.96,11.9,7502.665599999999,8284.91387579365,89.36,12.6,polymarket,0.315,0.315,0.48968595588169067,-0.0495651234110783,0.0767281173756,3263.7585976778714,8.039799120004659,-0.044999999999999984,0.07,0.2425,0.0014517349165803495,0.009246576456693578,-0.02015294760549502
2023-12-29,3099.11,90.36,84.76,11.75,7658.913600000001,8256.938690873016,90.36,12.6115,polymarket,0.31,0.31,0.4640104646609088,-0.0537549641989114,0.0798277425757485,3275.166455564337,8.038870252478876,-0.0050000000000000044,0.065,0.2385,-0.0009288675257828061,0.0021115056037355195,-0.01374157063797421
2024-01-03,3130.23,92.0,83.2,11.82,7654.400000000001,8237.76059563492,92.0,12.752,polymarket,0.245,0.245,0.13022907879074425,-0.0403689385022767,0.090549823959757,3261.909837635478,8.048861763262613,-0.065,-0.2,0.193,0.009991510783736501,0.010070925647462703,0.005079613795229365
2024-01-04,3136.07,91.3325,83.51,11.75,7627.177075,8219.359572222222,91.3325,12.676,polymarket,0.245,0.245,0.13022907879074425,-0.0397500778707872,0.0948323709411647,3265.889356227415,8.05072570264975,0.0,-0.175,0.1955,0.0018639393871371368,0.01336146727329135,0.002153815673003656
2024-01-05,3136.37,90.95,84.49,11.77,7684.3655,8202.073486507938,90.95,12.65,polymarket,0.245,0.245,0.13022907879074425,-0.0376828553595389,0.0955750163868927,3259.1854124887323,8.05082135920453,0.0,-0.11499999999999999,0.202,9.565655478027679e-05,0.01255209863470097,0.0184672836499431
2024-01-08,3158.58,91.1525,82.6,11.79,7529.1965,8176.82593968254,91.1525,12.711,polymarket,0.27,0.27,0.2586065348946538,-0.0282842723667638,0.1044361789532859,3250.5185520596747,8.057877838496703,0.025000000000000022,-0.044999999999999984,0.22500000000000003,0.007056479292172568,0.018243127798606817,0.027638329922599514
2024-01-09,3155.55,89.8975,81.22,11.99,7301.47495,8149.436653174603,89.8975,12.4935,polymarket,0.26,0.26,0.20725555245309,-0.0199078235106933,0.1014816329168781,3219.646147266669,8.056918086248148,-0.010000000000000009,-0.04999999999999999,0.21550000000000002,-0.0009597522485549348,0.018211680127520502,0.024532547183594877
2024-01-10,3164.7,89.33,84.31,11.8,7531.4123,8128.432499206349,89.33,12.409,polymarket,0.175,0.175,-0.22922779830020218,-0.0224367129593168,0.109204706452699,3237.335159732011,8.059813543355872,-0.08500000000000002,-0.07,0.13849999999999998,0.0028954571077246527,0.011011970366394674,0.04577733570817233
2024-01-11,3181.25,88.59,82.43,11.88,7302.4737,8107.714309920634,88.59,12.323,polymarket,0.245,0.245,0.13022907879074425,-0.01282371471839,0.1148137573160681,3222.575387426868,8.065029480298833,0.07,0.0,0.204,0.0052159369429602975,0.014406566179963942,0.05343240978976049
2024-01-12,3185.22,88.41,83.47,12.01,7379.5827,8081.568175,88.41,12.226,polymarket,0.27,0.27,0.2586065348946538,-0.0047925686372389,0.115457178112359,3200.5588981971355,8.066276639404139,0.025000000000000022,0.025000000000000022,0.07,0.0012471591053060394,0.015575330716720348,0.05045808021845377
2024-01-15,3184.88,87.6,82.35,11.9,7213.859999999999,8052.296627380952,87.6,12.1335,polymarket,0.235,0.235,0.07887809634918044,-0.0067328403836335,0.1190008695341175,3206.468641558741,8.066169890687377,-0.03500000000000003,-0.03500000000000003,0.014999999999999986,-0.00010674871676208397,0.008326526477087759,0.05850759761236879
2024-01-16,3179.45,87.8525,84.28,11.81,7404.208700000001,8024.0491464285715,87.8525,12.12,polymarket,0.225,0.225,0.027527113907616762,-0.0095860058608762,0.1203540504270563,3210.223218588106,8.06446350484077,-0.009999999999999981,-0.035,-0.0050000000000000044,-0.0017063858466066506,0.007573956996403064,0.04797800843141964
2024-01-17,3185.23,88.95,83.5,11.71,7427.325,7989.628325793651,88.95,12.2165,polymarket,0.215,0.215,-0.023823868533947055,-0.0088318321738714,0.1262211350102664,3213.612082585319,8.06627977889978,-0.010000000000000009,0.04000000000000001,-0.010000000000000009,0.0018162740590099702,0.0064871867791576054,0.03542288363142254
2024-01-18,3178.85,89.05,82.63,11.83,7358.201499999999,7958.5086511904765,89.05,12.265,polymarket,0.215,0.215,-0.023823868533947055,-0.0039673892705982,0.1237112728317078,3191.511970348145,8.064274775148311,0.0,-0.03,-0.015000000000000013,-0.002005003751468948,-0.0007544204322200709,0.030875848023764085
2024-01-19,3166.37,88.2,84.49,11.73,7452.018,7928.443444841269,88.2,12.216,polymarket,0.215,0.215,-0.023823868533947055,-0.0092407327049921,0.1228734120770382,3195.9024805742074,8.060341100321356,0.0,-0.05500000000000002,-0.01999999999999999,-0.003933674826955169,-0.005917958571150517,0.01987657263597309
2024-01-22,3172.15,87.8,84.15,11.76,7388.37,7896.992290079365,87.8,12.19,polymarket,0.215,0.215,-0.023823868533947055,-0.0038622880124412,0.1262984064497336,3184.449260203913,8.062164870413456,0.0,-0.01999999999999999,-0.03,0.0018237700921002187,-0.003997010876390927,0.03207345204436529
2024-01-23,3175.74,88.7,84.7,11.75,7512.89,7873.179432936508,88.7,12.278,polymarket,0.215,0.215,-0.023823868533947055,-0.0012328109136858,0.1292032021389975,3179.659919450508,8.06329595503614,0.0,-0.010000000000000009,-0.03,0.0011310846226830762,-0.001166868483542749,0.0268901693731447
2024-01-24,3162.41,88.6075,84.5,11.67,7487.33375,7849.064313888888,88.6075,12.346,polymarket,0.17,0.17,-0.25490328952098396,-0.0064937623132904,0.1273538121644235,3183.080166022298,8.059089674132801,-0.044999999999999984,-0.044999999999999984,-0.275,-0.004206280903337856,-0.007164317804365772,0.020454853469806578
2024-01-25,3157.74,88.8925,85.38,11.65,7589.64165,7825.164530555555,88.8925,12.379,polymarket,0.165,0.165,-0.28057878074176584,-0.0068187289535128,0.1275081658119206,3179.4196004851947,8.057611860837257,-0.0050000000000000044,-0.04999999999999999,-0.255,-0.0014778132955441947,-0.006640766314862323,0.020363716265122456
2024-01-26,3163.21,89.7375,85.52,11.68,7674.351,7805.13474484127,89.7375,12.487,polymarket,0.165,0.165,-0.28057878074176584,-0.002396220131419,0.1301618162857392,3170.807953851884,8.059342613766944,0.0,-0.04999999999999999,-0.19499999999999998,0.0017307529296868296,-0.0009979882325817924,0.02121717907079601
2024-01-29,3176.61,88.975,87.0,11.84,7740.825,7789.160911507937,88.975,12.3545,polymarket,0.155,0.155,-0.3319297631833297,0.0091086651916507,0.1330827395096503,3147.936500373521,8.063569869415995,-0.010000000000000009,-0.06,-0.16,0.004227255649050576,0.0014059864760493923,0.024055525646439868
2024-01-30,3196.08,89.72,86.25,11.81,7738.349999999999,7772.633133730158,89.72,12.439,polymarket,0.155,0.155,-0.3319297631833297,0.0154991618480153,0.1415993423880566,3147.2994957314804,8.069680337862,0.0,-0.06,-0.155,0.006110468446005157,0.006404806438814248,0.03128962831264448
2024-01-31,3214.19,90.0175,87.07,11.77,7837.823724999999,7762.349224603175,90.0175,12.501,polymarket,0.155,0.155,-0.3319297631833297,0.020571292354099,0.1494397683453334,3149.402715988605,8.075330660916054,0.0,-0.015000000000000013,-0.09,0.005650323054053885,0.01637358849738013,0.02682231018168002
2024-02-01,3229.89,90.4675,87.52,11.95,7917.715599999999,7752.447488095238,90.4675,12.566,polymarket,0.165,0.165,-0.28057878074176584,0.0332818325168897,0.152412104066439,3125.855791089025,8.08020335990924,0.010000000000000009,0.0,-0.07999999999999999,0.0048726989931857645,0.02284861958235962,0.02991642405941186
2024-02-02,3226.35,91.05,84.0,11.94,7648.2,7739.512117857143,91.05,12.612,polymarket,0.165,0.165,-0.28057878074176584,0.0328365726359416,0.1521500977769216,3123.775905578081,8.079106746290552,0.0,0.0,-0.07999999999999999,-0.001096613618686959,0.01996073608770832,0.028689217152312985
2024-02-05,3226.79,90.575,83.0,11.94,7517.725,7727.555743253968,90.575,12.55,polymarket,0.165,0.165,-0.28057878074176584,0.033970997103164,0.1530668074241949,3120.774189063688,8.079243114012524,0.0,0.010000000000000009,-0.10500000000000001,0.0001363677219714532,0.01579671410717709,0.021595147186393993
2024-02-06,3238.4,91.22,82.6,11.9,7534.771999999999,7716.936898809524,91.22,12.648,polymarket,0.125,0.125,-0.485982710508021,0.0370312128356791,0.1586234878249386,3122.760395171572,8.082834659653091,-0.04000000000000001,-0.03,-0.135,0.0035915456405675172,0.013241220495106454,0.026255327914309623
2024-02-07,3256.58,91.2675,82.5,11.88,7529.568749999999,7705.949678571428,91.2675,12.6505,polymarket,0.125,0.125,-0.485982710508021,0.0429993335978489,0.1662028380920042,3122.3222250452995,8.088432843936822,0.0,-0.03,-0.04999999999999999,0.00559818428373049,0.013188392721027675,0.029032767718899066
2024-02-08,3241.81,90.85,85.5,11.94,7767.674999999999,7699.049567460318,90.85,12.556,polymarket,0.125,0.125,-0.485982710508021,0.0411739189804654,0.1602603072210093,3113.6104553737127,8.083887094779344,0.0,-0.04000000000000001,-0.12,-0.00454574915747763,0.003690528160401829,0.01903654223968565
2024-02-09,3242.38,90.9,85.2,11.92,7744.68,7693.372129761905,90.9,12.571,polymarket,0.125,0.125,-0.485982710508021,0.0410582211379459,0.161194863656547,3114.5040057950487,8.084062907024657,0.0,-0.04000000000000001,-0.14500000000000002,0.0001758122453132671,0.0049684628140158615,0.017945385248114842
2024-02-12,3248.5,91.31,85.44,11.89,7801.5264,7690.610310714285,91.31,12.6,polymarket,0.135,0.135,-0.43463172806645717,0.0420898960087592,0.1641144336389475,3117.293443149069,8.085948630320585,0.010000000000000009,-0.03,-0.09999999999999998,0.0018857232959277326,0.006728048617976379,0.019975634874783266
2024-02-13,3254.6,91.3025,87.0,11.92,7943.317499999999,7686.6909059523805,91.3025,12.557,polymarket,0.125,0.125,-0.485982710508021,0.0455465164082087,0.1660029244352787,3112.82181033954,8.087824659226515,-0.010000000000000009,0.0,-0.1,0.0018760289059294166,0.005002470355731203,0.02363616348739561
2024-02-14,3258.14,91.405,86.9,11.92,7943.094500000001,7689.70381031746,91.405,12.583,polymarket,0.125,0.125,-0.485982710508021,0.0464287128987257,0.167076218792836,3113.5804664367283,8.0889117593867,0.0,0.0,-0.09,0.001087100160185983,0.0004790301481922832,0.022890026779855743
2024-02-15,3265.63,92.25,86.08,12.02,7940.88,7692.623469047618,92.25,12.7385,polymarket,0.125,0.125,-0.485982710508021,0.0525035218266762,0.1677298131858726,3102.725959845079,8.091207978686583,0.0,0.0,-0.09,0.0022962192998825515,0.007347747091902335,0.027299180521257682
2024-02-16,3242.48,92.2225,87.32,12.14,8052.868699999999,7699.91821031746,92.2225,12.6515,polymarket,0.135,0.135,-0.43463172806645717,0.0491098076509504,0.1567956993011228,3090.696489874782,8.08409374809139,0.010000000000000009,0.010000000000000009,-0.07999999999999999,-0.007114230595192339,3.084154232380065e-05,0.024036988728417752
2024-02-19,3244.56,92.3375,87.23,12.18,8054.600125000001,7705.692815476191,92.3375,12.78,polymarket,0.145,0.145,-0.3832807456248935,0.0508595373634999,0.1564393763873959,3087.529669417353,8.08473502672426,0.009999999999999981,0.009999999999999981,-0.07,0.0006412786328695574,-0.0012128674772972081,0.02282678940150995
2024-02-20,3207.49,92.3425,87.13,12.14,8045.802025,7710.752086507936,92.3425,12.7995,polymarket,0.145,0.145,-0.3832807456248935,0.0368817741542268,0.1436270090581664,3093.399922682906,8.073243978792025,0.0,0.01999999999999999,-0.07,-0.011491047932235432,-0.014474897068764259,0.009997669834432399
2024-02-21,3139.5,92.55,86.61,12.17,8015.755499999999,7710.565967460318,92.55,12.7935,polymarket,0.145,0.145,-0.3832807456248935,0.016053774713419,0.1188681282384207,3089.895513537662,8.051818830554165,0.0,0.01999999999999999,-0.025000000000000022,-0.021425148237860014,-0.03641341378823493,-0.007244474941579315
2024-02-22,3142.3,92.8525,87.2,12.22,8096.738000000001,7713.515523015873,92.8525,12.809,polymarket,0.145,0.145,-0.3832807456248935,0.0186152184956054,0.1188023125709107,3084.874389213297,8.0527102948432,0.0,0.01999999999999999,-0.020000000000000018,0.0008914642890349711,-0.037766066578271196,-0.004889572922406438
2024-02-26,3213.17,92.3725,86.0,12.29,7944.035,7715.515062698412,92.3725,12.76,polymarket,0.125,0.125,-0.485982710508021,0.0441422179246919,0.1426487864407795,3077.329835763568,8.075013267769082,-0.01999999999999999,-0.010000000000000009,-0.04000000000000001,0.022302972925881903,-0.009039377266783388,0.01579408259331494
2024-02-27,3208.99,92.0525,86.75,12.29,7985.554375,7718.901424206349,92.0525,12.734,polymarket,0.125,0.125,-0.485982710508021,0.0424993956255319,0.1409489056125232,3078.1696502322734,8.073711524869413,0.0,-0.01999999999999999,-0.03,-0.0013017428996686675,-0.010962965702591476,0.010193256333008938
2024-02-28,3227.05,91.15,86.24,12.29,7860.776,7719.226275000001,91.15,12.6025,polymarket,0.125,0.125,-0.485982710508021,0.0483390837204991,0.1473495157205533,3078.2502055989107,8.079323686199048,0.0,-0.01999999999999999,-0.03,0.005612161329635157,0.006098226338975499,0.009689995244174243
2024-02-29,3256.8,91.15,86.7,12.38,7902.705000000001,7719.613759126984,91.15,12.582,polymarket,0.125,0.125,-0.485982710508021,0.0615266209403779,0.1562624029253425,3068.0342214262027,8.088500397188769,0.0,-0.01999999999999999,-0.03,0.009176710989720505,0.03736263736263745,0.013256839203656279
2024-03-01,3266.66,91.67,86.75,12.23,7952.3725,7722.1134678571425,91.67,12.665,polymarket,0.125,0.125,-0.485982710508021,0.058589326775168,0.1623449812776627,3085.861454839512,8.091523335172145,0.0,-0.01999999999999999,-0.04000000000000001,0.0030229379833759396,0.03957610667345568,0.01138428862902452
2024-03-04,3296.75,91.25,86.3,12.5,7874.875,7716.838581349207,91.25,12.657,polymarket,0.115,0.115,-0.5373336929495848,0.0796076425445944,0.1684154929518284,3053.655670896961,8.100692413687808,-0.009999999999999995,-0.009999999999999995,-0.05,0.009169078515663287,0.02601169561523342,0.021820323275528075
2024-03-05,3300.89,90.52,87.47,12.53,7917.7844,7713.097557142857,90.52,12.5575,polymarket,0.115,0.115,-0.5373336929495848,0.0824994863026253,0.1695719902541426,3049.3224632138044,8.101947408062578,0.0,-0.009999999999999995,-0.05,0.0012549943747703907,0.02863829429197362,0.022963998276925413
2024-03-06,3310.58,90.595,86.39,12.63,7826.50205,7708.435684920634,90.595,12.533,polymarket,0.115,0.115,-0.5373336929495848,0.0901423300097206,0.1714616938088125,3036.8328142715823,8.104878679606827,0.0,-0.009999999999999995,-0.009999999999999995,0.002931271544248659,0.025884321594025428,0.02228878458498018
2024-03-07,3315.68,90.6025,86.95,12.6,7877.887375000001,7708.984849603174,90.6025,12.6005,polymarket,0.12,0.12,-0.5116582017288029,0.0905528807180091,0.1737850470900566,3040.366091937687,8.106418009789177,0.0049999999999999906,-0.0050000000000000044,-0.0050000000000000044,0.001539330182350085,0.01807909604519753,0.018147872921899566
2024-03-11,3320.31,90.6275,84.66,12.61,7672.524149999999,7706.509042460317,90.6275,12.595,polymarket,0.125,0.125,-0.485982710508021,0.0927011963414314,0.1753999651266027,3038.625757084389,8.107813431045477,0.0050000000000000044,0.0,0.0,0.001395421256299656,0.01642350290510808,0.02421486762024916
2024-03-12,3332.6,91.78,86.5,12.67,7938.97,7703.692896428572,91.78,12.769,polymarket,0.125,0.125,-0.485982710508021,0.0994518025637378,0.178820270603591,3031.1469699980785,8.111508059104523,0.0,0.009999999999999995,0.0,0.003694628059045968,0.010874345946765729,0.02782523948457616
2024-03-13,3320.68,91.5025,86.55,12.76,7919.541375,7707.6593738095235,91.5025,12.6865,polymarket,0.125,0.125,-0.485982710508021,0.0988496969046086,0.1726832230942963,3021.9601546545896,8.107924860215038,0.0,0.009999999999999995,-0.010000000000000009,-0.0035831988894852174,0.005995352768495721,0.022219485916576742
2024-03-14,3297.0,91.72,86.33,12.8,7918.187599999999,7713.9196373015875,91.72,12.7,polymarket,0.125,0.125,-0.485982710508021,0.092090508859032,0.1631850698772516,3018.980545343774,8.10076824307173,0.0,0.009999999999999995,0.0,-0.007156617143307287,-0.004102000253731974,0.013027714619308073
2024-03-15,3300.07,92.9025,86.78,12.87,8062.07895,7721.872477777777,92.9025,12.87,polymarket,0.125,0.125,-0.485982710508021,0.0952619266250369,0.1624749642269172,3013.041830248683,8.10169895935081,0.0,0.0050000000000000044,0.0,0.0009307162790790358,-0.004707933214302851,0.012869305800242037
2024-03-18,3296.3,91.9175,87.64,12.88,8055.649700000001,7729.478623809524,91.9175,12.73,polymarket,0.125,0.125,-0.485982710508021,0.0937488423394004,0.160477061597051,3013.763189865053,8.100555906304823,0.0,0.0,0.0,-0.0011430530459861643,-0.0072312525035311825,0.009391755955206138
2024-03-19,3264.97,92.6475,86.95,12.86,8055.700124999999,7738.585101984127,92.6475,12.834,polymarket,0.125,0.125,-0.485982710508021,0.0817533481640162,0.1492323207727381,3018.2203785561687,8.091005853306909,0.0,0.0,-0.010000000000000009,-0.009550052997914449,-0.02029346456220371,0.00693604895018618
2024-03-20,3267.1,92.25,88.76,12.9,8188.110000000001,7744.89043015873,92.25,12.798,polymarket,0.125,0.125,-0.485982710508021,0.0835256692319621,0.148859113640851,3015.2492855253035,8.091658020254139,0.0,0.0,-0.01999999999999999,0.0006521669472299152,-0.016135249406748042,0.006947012846117762
2024-03-21,3286.69,92.0625,85.67,12.93,7886.994375,7748.422950396826,92.0625,12.7295,polymarket,0.125,0.125,-0.485982710508021,0.0909331251049141,0.154977526394316,3012.732792107602,8.097636258294852,0.0,0.0,-0.01999999999999999,0.00597823804071318,-0.0031270852289960738,0.024692204808121065
2024-03-22,3273.49,92.795,87.54,12.83,8123.274300000001,7754.087967063492,92.795,12.7485,polymarket,0.125,0.125,-0.485982710508021,0.0820163838220315,0.151792746870389,3025.36084383212,8.093611973042204,0.0,0.0,-0.01999999999999999,-0.00402428525264753,-0.00805437460417513,0.042678770504857466
2024-03-25,3281.63,92.58,87.46,12.9,8097.046799999999,7759.906749603175,92.58,12.777,polymarket,0.125,0.125,-0.485982710508021,0.0870343931594781,0.1530161910399745,3018.8833220464207,8.096095529158339,0.0,0.0,-0.01999999999999999,0.0024835561161342667,-0.004450444437702927,0.04434013302358153
2024-03-26,3285.54,92.7,86.25,13.06,7995.375,7762.690479761905,92.7,12.799,polymarket,0.125,0.125,-0.485982710508021,0.0945970598831376,0.1513094019772227,3001.5976841293304,8.097286300970858,0.0,0.0,0.0,0.0011907718125190314,0.006300211027972846,0.02252292907004616
2024-03-27,3304.09,92.305,86.55,12.87,7988.99775,7764.195682142858,92.305,12.662,polymarket,0.125,0.125,-0.485982710508021,0.0928751730121892,0.1611826130506128,3023.300447839113,8.102916373979317,0.0,0.0,0.0,0.005630073008459746,0.011321967494108076,0.02963549278745048
2024-03-28,3312.77,92.5,89.76,12.88,8302.800000000001,7770.892082142857,92.5,12.714,polymarket,0.125,0.125,-0.485982710508021,0.0955673379908761,0.1636221417421886,3023.794051833616,8.105539976406726,0.0,0.0,0.0,0.0026236024274091108,0.007935034943970853,0.026562959978928102
2024-03-29,3332.53,92.48,87.58,12.91,8099.3984,7777.760628174603,92.48,12.671,polymarket,0.125,0.125,-0.485982710508021,0.1027295715845069,0.1695696036471408,3022.0736669023063,8.111487054262906,0.0,0.0,0.0,0.005947077856179206,0.0180357966573903,0.02325288626873001
2024-04-01,3363.29,92.1425,89.48,12.96,8244.9109,7789.542299603175,92.1425,12.685,polymarket,0.115,0.115,-0.5373336929495848,0.1139356170874015,0.1786754122887066,3019.285808271368,8.120674940552938,-0.009999999999999995,-0.009999999999999995,-0.009999999999999995,0.00918788629003231,0.024883975341522202,0.02958067261361763
2024-04-02,3371.29,92.5775,89.42,13.01,8278.28005,7799.373513095238,92.5775,12.72,polymarket,0.105,0.105,-0.5886846753911485,0.1177916302998878,0.1799147569049004,3016.0272349646507,8.123050739418774,-0.010000000000000009,-0.020000000000000004,-0.010000000000000009,0.002375798865836387,0.026099210479860302,0.02261014635626002
2024-04-03,3395.59,92.305,90.0,13.04,8307.45,7809.739386111111,92.305,12.7215,polymarket,0.105,0.105,-0.5886846753911485,0.1261780414797937,0.1871859910707562,3015.144919304418,8.130232809871845,0.0,-0.020000000000000004,-0.010000000000000009,0.0071820704530711765,0.027692950252565796,0.02868923229795617
2024-04-04,3407.57,92.24,89.6,13.06,8264.704,7819.858861111111,92.24,12.724,polymarket,0.105,0.105,-0.5886846753911485,0.1300840078694705,0.1903422280174673,3015.324503551057,8.133754706279714,0.0,-0.020000000000000004,-0.010000000000000009,0.0035218964078680415,0.028616535406925436,0.02929698119362767
2024-04-05,3395.37,92.5,91.25,13.16,8440.625,7831.862980158729,92.5,12.759,polymarket,0.105,0.105,-0.5886846753911485,0.1291665282467153,0.183440439750447,3006.9701103096586,8.1301680178542,0.0,-0.020000000000000004,-0.015,-0.0035866884255142395,0.018856544427206856,0.02403428557641263
2024-04-08,3417.38,92.7,92.09,13.19,8536.743,7847.855781746032,92.7,12.775,polymarket,0.0455,0.0455,-0.8942230209184528,0.1363157175358527,0.1895147105607737,3007.421218647516,8.136629454594637,-0.0595,-0.0695,-0.0795,0.006461436740437421,0.01608246687023729,0.029235222012402584
2024-04-09,3414.26,93.0,92.83,13.2,8633.19,7868.994115873016,93.0,12.823,polymarket,0.0455,0.0455,-0.8942230209184528,0.1338035561945054,0.1868800486051323,3011.3329433006998,8.135716057455175,0.0,-0.0595,-0.0795,-0.0009133971394614804,0.01274586285961754,0.024503390745964193
2024-04-10,3439.11,93.4325,89.0,13.24,8315.4925,7881.439833333333,93.4325,12.8755,polymarket,0.046,0.046,-0.8916554717963747,0.1426367144796889,0.1939612727065904,3009.801765004578,8.142967995963177,0.0005000000000000004,-0.059,-0.079,0.007251938508002098,0.012816623915137049,0.03566438199404942
2024-04-11,3439.53,93.2675,91.2,13.31,8505.996000000001,7900.543361904762,93.2675,12.8555,polymarket,0.0485,0.0485,-0.8788177261859837,0.1440390440698684,0.1915615155212853,3006.479558393413,8.143090113126025,0.0025000000000000022,-0.056499999999999995,-0.0765,0.00012211716284760143,0.009379117670363257,0.04323020928116472
2024-04-12,3456.24,93.43,90.33,13.35,8439.5319,7917.367952380952,93.43,12.857,polymarket,0.0385,0.0385,-0.9301687086275475,0.1497907705630352,0.1955120366830394,3005.9729895966475,8.147936571957237,-0.010000000000000002,-0.0665,-0.0865,0.0048464588312118195,0.017927354014437347,0.04732323859796894
2024-04-15,3472.19,93.75,89.24,13.28,8366.25,7935.659857142857,93.75,12.8845,polymarket,0.042,0.042,-0.9121958647730002,0.1504341305720538,0.2011715642448848,3018.156283553107,8.152540797785269,0.003500000000000003,-0.003499999999999996,-0.08299999999999999,0.004604225828032327,0.01603860267222257,0.05335982768558689
2024-04-16,3462.94,94.42,89.42,13.4,8443.0364,7952.149185714286,94.42,12.9775,polymarket,0.042,0.042,-0.9121958647730002,0.1510275096412485,0.1946528205491655,3008.5640621042385,8.149873218234422,0.0,-0.003499999999999996,-0.08299999999999999,-0.0026675795508470657,0.01425784796705587,0.06063455406940954
2024-04-17,3454.07,94.27,92.28,13.38,8699.2356,7972.338242857142,94.27,12.98,polymarket,0.042,0.042,-0.9121958647730002,0.1454160567207703,0.1906806140883521,3015.5592631455784,8.14730852485911,0.0,-0.003999999999999997,-0.08299999999999999,-0.002564693375312288,0.004349962635681992,0.05722812280003686
2024-04-18,3455.82,93.78,87.61,13.31,8216.0658,7985.955136507937,93.78,12.9535,polymarket,0.041,0.041,-0.9173309630171567,0.1417971010923231,0.1917304466056482,3026.6498283223177,8.147815045234228,-0.0010000000000000009,-0.0075,-0.08399999999999999,0.0005065203751186687,0.0047361122013762635,0.051459066720621616
2024-04-19,3470.88,93.1525,87.92,13.22,8189.9678,7997.668625396826,93.1525,12.84,polymarket,0.0415,0.0415,-0.9147634138950784,0.1418901413012352,0.1978726374465309,3039.5918788166227,8.152163443094752,0.0005000000000000004,0.0030000000000000027,-0.08349999999999999,0.004348397860523434,0.0042358169571559134,0.06029955796413011
2024-04-22,3479.17,93.47,87.42,13.26,8171.1474,8010.093663492064,93.47,12.8505,polymarket,0.039,0.039,-0.9276011595054694,0.145219714590205,0.1991839587190202,3037.993457216159,8.154549038574375,-0.0025000000000000022,-0.0030000000000000027,-0.086,0.002385595479623248,0.0020102586552004365,0.06019569543184322
2024-04-23,3439.42,93.1275,87.87,13.34,8183.113425,8020.732130555556,93.1275,12.806,polymarket,0.0385,0.0385,-0.9301687086275475,0.1345804451398946,0.1833211677581161,3031.44657105025,8.143058131500919,-0.0005000000000000004,-0.003500000000000003,-0.0865,-0.011490907073456569,-0.0067919166950625165,0.046835527797561394
2024-04-24,3428.93,92.245,87.28,13.37,8051.1436,8029.681493253969,92.245,12.6745,polymarket,0.038,0.038,-0.9327362577496258,0.1316009385623557,0.1785946629872814,3030.15832096807,8.140003538139647,-0.0005000000000000004,-0.0040000000000000036,-0.087,-0.0030545933612717846,-0.007278370154629288,0.037783474421096086
2024-04-25,3439.76,91.9375,87.75,13.38,8067.515625,8037.266794444446,91.9375,12.652,polymarket,0.0365,0.0365,-0.9404389051158604,0.1349317520194615,0.1816553602011852,3030.807794283137,8.143156980491723,-0.0015000000000000013,-0.004500000000000004,-0.0885,0.0031534423520760413,-0.004647232784114941,0.03833347923339092
2024-04-26,3449.77,91.72,90.21,13.51,8274.0612,8046.786003968255,91.72,12.574,polymarket,0.0365,0.0365,-0.9404389051158604,0.1429231521276144,0.1820742482918795,3018.3744143935337,8.146062841136418,0.0,-0.0050000000000000044,-0.0885,0.002905860644695224,-0.006082031069930438,0.03518047849531736
2024-04-27,3465.85,92.3975,90.21,13.53,8335.178474999999,8056.220186111111,92.3975,12.7,polymarket,0.0365,0.0365,-0.9404389051158604,0.1482700899738023,0.1866174135080702,3018.3229801614643,8.150713191785675,0.0,-0.0025000000000000022,-0.07850000000000001,0.004650350649257007,-0.0038284993259887212,0.03049395086358886
2024-04-29,3478.08,93.0,87.31,13.61,8119.83,8062.275424206349,93.0,12.739,polymarket,0.036,0.036,-0.9430064542379385,0.1552242681807198,0.1889248056039432,3010.7400751521427,8.154235696374823,-0.0005000000000000004,-0.0025000000000000022,-0.069,0.0035225045891476015,0.011240267254362557,0.03167630194969884
2024-04-30,3469.83,93.0525,86.77,13.61,8074.165424999999,8066.026879761905,93.0525,12.739,polymarket,0.0365,0.0365,-0.9404389051158604,0.1521507359902083,0.1858695180282747,3011.61114740588,8.151860880386323,0.0005000000000000004,-0.0015000000000000013,-0.0685,-0.0023748159884995346,0.011927919205116488,0.021863652561115998
2024-05-02,3442.83,92.05,85.42,13.67,7862.911,8065.15696547619,92.05,12.703,polymarket,0.0365,0.0365,-0.9404389051158604,0.1458224465182014,0.1755847983554561,3004.6801844925376,8.144049086574928,0.0,0.0,-0.0685,-0.007811793811395518,0.0008925041281948598,0.010347549720181703
2024-05-03,3441.77,91.6,85.0,13.69,7785.999999999999,8067.344267063491,91.6,12.6955,polymarket,0.032,0.032,-0.9635468472145641,0.1461308407092783,0.1747170408632217,3002.946851923185,8.14374115292348,-0.004499999999999997,-0.004499999999999997,-0.073,-0.00030793365144710094,-0.0023189951793887165,0.013665668248232121
2024-05-06,3436.05,91.3475,86.24,13.66,7877.808399999999,8073.059876587302,91.3475,12.6445,polymarket,0.034,0.034,-0.9532766507262513,0.1424436930244355,0.1729647032200985,3007.6318167625504,8.142077834802693,0.0020000000000000018,-0.0024999999999999953,-0.011499999999999996,-0.0016633181207872383,-0.008598179378795923,0.005463249623981037
2024-05-07,3427.61,91.1075,85.6,13.7,7798.802,8077.250828968254,91.1075,12.596,polymarket,0.0335,0.0335,-0.9558441998483295,0.140970059808221,0.1690881886573978,3004.119144525253,8.139618504283998,-0.0005000000000000004,-0.0024999999999999953,-0.011999999999999997,-0.0024593305186950687,-0.014510879565737378,0.003910071289239703
2024-05-08,3432.54,91.95,84.28,13.72,7749.546,8080.742531349207,91.95,12.6255,polymarket,0.032,0.032,-0.9635468472145641,0.1431561933800342,0.1701854990418601,3002.686789327376,8.141055790888139,-0.0015000000000000013,-0.004499999999999997,-0.013999999999999999,0.001437286604140553,-0.0107469242008974,-0.0019103779756972639
2024-05-10,3449.78,92.255,87.57,13.69,8078.770349999999,8085.680552777778,92.255,12.692,polymarket,0.032,0.032,-0.9635468472145641,0.1471775234575802,0.1763121095356659,3007.189322889104,8.14606573987619,0.0,-0.004499999999999997,-0.0165,0.00500994898805196,0.0020186881141386337,0.002980058321921941
2024-05-13,3457.11,91.3525,87.0,13.85,7947.6675,8088.902576587301,91.3525,12.5765,polymarket,0.0315,0.0315,-0.9661143963366422,0.1562068619912868,0.1756458366030928,2990.0445271929657,8.148188258912068,-0.0005000000000000004,-0.0005000000000000004,-0.006999999999999999,0.002122519035877346,0.004457009038953741,0.0002517186306507657
2024-05-14,3463.93,91.2925,84.3,14.08,7695.95775,8087.226883730159,91.2925,12.6085,polymarket,0.0315,0.0315,-0.9661143963366422,0.168615241887029,0.1738105001787384,2964.1321419072,8.150159061625951,0.0,-0.0025000000000000022,-0.010500000000000002,0.0019708027138829465,0.0081139680738056,-0.0023789020762112756
2024-05-15,3470.72,91.08,84.31,14.12,7678.9548,8083.030650396826,91.08,12.5735,polymarket,0.034,0.034,-0.9532766507262513,0.1730319954927754,0.1756309395251722,2958.7598746971908,8.152117344212641,0.0025000000000000022,0.0005000000000000004,-0.008,0.0019582825866901743,0.012577276878057875,0.002246645913587697
2024-05-16,3486.26,90.9675,84.4,14.26,7677.657000000001,8078.817356746032,90.9675,12.5875,polymarket,0.0345,0.0345,-0.9507091016041731,0.1848346022535534,0.1785564003662265,2942.4022503808883,8.156584807349201,0.0005000000000000004,0.0025000000000000022,-0.0075,0.004467463136560212,0.01565021820576029,0.009319440544053759
2024-05-17,3501.89,90.95,85.16,14.27,7745.302,8075.712944047619,90.95,12.5715,polymarket,0.0345,0.0345,-0.9507091016041731,0.1908749782722583,0.1838477705170944,2940.60255181497,8.161058101729973,0.0,0.0025000000000000022,-0.006499999999999999,0.004473294380771264,0.015105311063314142,0.013331134144718204
2024-05-20,3468.09,90.75,85.19,14.35,7730.992499999999,8070.603798015873,90.75,12.503,polymarket,0.031,0.031,-0.9686819454587204,0.1833692865153173,0.1712613516258154,2930.691238584136,8.15135928912079,-0.003500000000000003,-0.0005000000000000004,-0.010500000000000002,-0.009698812609181928,0.0031760632435762215,-0.0008038307288065205
2024-05-21,3428.38,90.0875,84.14,14.47,7579.96225,8063.069863492064,90.0875,12.408,polymarket,0.031,0.031,-0.9686819454587204,0.1757477020404625,0.1561247698981311,2915.9146933055326,8.139843125382697,0.0,-0.0005000000000000004,-0.008,-0.01151616373809361,-0.010262909469879511,-0.014598309366889217
2024-05-22,3444.64,90.0575,84.15,14.53,7578.338625000001,8055.64980952381,90.0575,12.409,polymarket,0.031,0.031,-0.9686819454587204,0.1846476029943036,0.1609666063818604,2907.7339044061387,8.144574678713019,0.0,-0.0030000000000000027,-0.0075,0.004731553330321603,-0.007514290982850835,0.0015176977513648993
2024-05-23,3442.79,90.015,83.2,14.71,7489.248,8047.292547619048,90.015,12.39,polymarket,0.031,0.031,-0.9686819454587204,0.1927536028536509,0.1575711335574325,2886.4217989056247,8.144037468158576,0.0,-0.003500000000000003,-0.006999999999999999,-0.0005372105544427797,-0.012468949533310791,0.004042077266085853
2024-05-24,3396.5,89.525,84.01,14.88,7520.995250000001,8038.153773809524,89.525,12.288,polymarket,0.031,0.031,-0.9686819454587204,0.1850353759984369,0.1395060092347797,2866.159161821073,8.130500768631357,0.0,-0.003500000000000003,-0.005499999999999998,-0.013536699527218587,-0.030095177175753607,-0.012576458822708636
2024-05-27,3299.22,88.62,83.54,14.98,7403.314800000001,8029.570913492063,88.62,12.1775,polymarket,0.155,0.155,-0.3319297631833297,0.156161972652072,0.1056310276679155,2853.5967088002867,8.10144135587992,0.124,0.124,0.1185,-0.029059412751436753,-0.04869250797989677,-0.043640590532122436
2024-05-28,3302.91,88.575,85.36,14.99,7560.762000000001,8022.828177380952,88.575,12.1885,polymarket,0.155,0.155,-0.3319297631833297,0.1584917334810589,0.1070896936826548,2851.0432181292745,8.102559177063155,0.0,0.124,0.1185,0.0011178211832341134,-0.036597460024851425,-0.04701299825439653
2024-05-29,3318.03,89.5125,85.34,15.13,7638.99675,8019.307871825397,89.5125,12.301,polymarket,0.155,0.155,-0.3319297631833297,0.1702048738562001,0.1099164112598338,2835.4265771138244,8.107126512300836,0.0,0.124,0.119,0.004567335237680936,-0.03675565516280355,-0.04601676787192921
2024-05-30,3282.18,89.8525,84.99,15.09,7636.563975,8015.083411111111,89.8525,12.3655,polymarket,0.155,0.155,-0.3319297631833297,0.1562150377539048,0.0988626815364996,2838.7279985356818,8.096263114753073,0.0,0.124,0.1185,-0.010863397547762332,-0.04665111726245286,-0.054080459273220916
2024-05-31,3217.19,90.1,84.6,15.23,7622.459999999999,8009.846704761904,90.1,12.388,polymarket,0.155,0.155,-0.3319297631833297,0.1397151004787817,0.0750319633211751,2822.801942914062,8.076263586732157,0.0,0.124,0.1185,-0.019999528020916202,-0.05279258059767411,-0.06553910590996359
2024-06-03,3141.42,89.0875,81.04,15.35,7219.651000000001,7999.446323809523,89.0875,12.2725,polymarket,0.155,0.155,-0.3319297631833297,0.1187666611663664,0.0483121053885744,2807.9313667828847,8.05243020597681,0.0,0.0,0.123,-0.023833380755347022,-0.047829486969647284,-0.08726614503583907
2024-06-04,3186.93,88.8,82.19,15.08,7298.472,7989.615968253969,88.8,12.229,polymarket,0.155,0.155,-0.3319297631833297,0.1244659040571356,0.0685898472001473,2834.1721954408567,8.066813349946436,0.0,0.0,0.121,0.014383143969626033,-0.03511448994977162,-0.07250185532806575
2024-06-05,3212.24,88.7675,80.53,15.0,7148.446775,7978.853186111112,88.7675,12.216,polymarket,0.155,0.155,-0.3319297631833297,0.130968323634419,0.0790537687903789,2840.2563828466195,8.074723792076014,0.0,0.0,0.1215,0.007910442129578144,-0.03188337658188756,-0.06283386966428517
2024-06-06,3192.38,88.84,81.0,15.02,7196.04,7968.030211904762,88.84,12.2255,polymarket,0.155,0.155,-0.3319297631833297,0.1257642417194426,0.0726651730349092,2835.744716073145,8.068521999103142,0.0,0.0,0.123,-0.0062017929728721555,-0.0273598644803148,-0.06996568139045722
2024-06-07,3233.22,89.3475,82.71,15.05,7389.931724999999,7963.544617857143,89.3475,12.2555,polymarket,0.155,0.155,-0.3319297631833297,0.1418418490930773,0.0861353441329171,2831.583027516487,8.081233823662654,0.0,0.0,0.123,0.012711824559511697,0.004982609047025521,-0.06277501753735037
2024-06-10,3180.94,88.55,82.87,15.28,7338.1385,7954.007609920634,88.55,12.1725,polymarket,0.165,0.165,-0.28057878074176584,0.1338978568212754,0.06525407235173,2805.314412461561,8.06493202957817,0.010000000000000009,0.010000000000000009,0.1335,-0.016301794084483845,0.01258029808175909,-0.07988464353173608
2024-06-11,3171.1,89.1025,83.08,15.34,7402.635700000001,7945.802757936509,89.1025,12.2255,polymarket,0.175,0.175,-0.22922779830020218,0.1336490585568817,0.0614228135898724,2797.250150797781,8.06183380983423,0.009999999999999981,0.01999999999999999,0.1435,-0.0030982197439399783,-0.0049671627553790065,-0.08453692770927812
2024-06-13,3171.69,89.1025,84.8,15.38,7555.892,7940.052034126985,89.1025,12.2205,polymarket,0.175,0.175,-0.22922779830020218,0.1360635593890211,0.0612793301741469,2791.824430761379,8.062019847840123,0.0,0.01999999999999999,0.141,0.00018603800589289676,-0.012623589769133026,-0.08615791536050155
2024-06-14,3215.91,88.208,84.1,15.34,7418.292799999999,7929.833206349207,89.1025,12.15,polymarket,0.175,0.175,-0.22922779830020218,0.1511075351731106,0.0773449336775002,2793.75288731506,8.075865644832641,0.0,0.01999999999999999,0.14049999999999999,0.013845796992518089,0.007370676423232636,-0.07754728562987279
2024-06-17,3183.68,88.208,83.0,15.64,7321.264,7918.17629047619,89.1025,11.951,polymarket,0.08,0.08,-0.717062131495058,0.1534433827132708,0.0621874260571309,2760.1528152261426,8.065793039400996,-0.09499999999999999,-0.075,0.0455,-0.010072605431645343,-0.01532218655086881,-0.09086807409713038
2024-06-18,3114.15,89.0499,84.7,15.73,7542.52653,7910.030677857143,89.1025,11.45,polymarket,0.08,0.08,-0.717062131495058,0.1327697278759685,0.0379737303558469,2749.1465594152783,8.043711520790668,0.0,-0.085,0.049,-0.022081518610328033,-0.020996938012034172,-0.10205617501275921
2024-06-19,3027.47,87.0354,85.6,15.78,7450.230239999999,7898.318300714286,89.1025,11.1925,polymarket,0.11,0.11,-0.5630091841703666,0.1043118350666818,0.0089254278341939,2741.4991887841097,8.015482566212173,0.03,-0.06499999999999999,0.079,-0.028228954578494836,-0.045293431301441145,-0.11693861240585945
2024-06-20,3123.43,82.6282,84.88,15.98,7013.481616,7884.453018825397,89.1025,11.949,polymarket,0.1,0.1,-0.6143601666119304,0.1490966063482286,0.0384093755486012,2718.161364975312,8.046687035925336,-0.009999999999999995,-0.07499999999999998,0.069,0.031204469713163263,-0.01521586283653198,-0.09324922197965535
2024-06-21,3114.35,85.4176,85.8,16.0,7328.830079999999,7871.842793111111,89.1025,12.0455,polymarket,0.105,0.105,-0.5886846753911485,0.1477526299221547,0.0357710632803303,2713.433120350356,8.043775741710654,0.0049999999999999906,-0.06999999999999999,0.074,-0.0029112942146820586,-0.03158048577230088,-0.09539937085909977
2024-06-24,3098.05,85.4176,85.31,15.93,7286.975455999999,7858.984517809524,89.1025,11.6795,polymarket,0.1,0.1,-0.6143601666119304,0.1399278325341995,0.0322052493084714,2717.759766521934,8.038528160291378,-0.0049999999999999906,0.020000000000000004,0.069,-0.0052475814192760595,-0.026896547391697556,-0.08786986603856906
2024-06-25,3111.39,87.373,85.11,15.83,7436.31603,7850.110565904762,89.1025,11.895,polymarket,0.1,0.1,-0.6143601666119304,0.1413774922504538,0.038783499528276,2725.995580888206,8.042824850660583,0.0,0.020000000000000004,-0.05499999999999999,0.004296690369205436,-0.000886277154279691,-0.056931638387255123
2024-06-26,3151.7,87.277,85.12,15.58,7429.01824,7841.222002253969,89.1025,11.713,polymarket,0.1,0.1,-0.6143601666119304,0.1462456508929266,0.0569020014088028,2749.585132597731,8.055697268783113,0.0,-0.009999999999999995,-0.05499999999999999,0.01287241812253015,0.04103426293241563,-0.045780841742584566
2024-06-27,3150.32,87.8064,85.51,15.62,7508.325264,7828.61129215873,89.1025,11.5255,polymarket,0.105,0.105,-0.5886846753911485,0.1486027547124331,0.0564986197845633,2742.741114867621,8.055259313961626,0.0049999999999999906,0.0049999999999999906,-0.05,-0.0004379548214874518,0.008609125224512848,-0.05054505233527129
2024-06-28,3154.36,84.964,86.5,15.63,7349.385999999999,7816.706333428571,89.1025,11.7345,polymarket,0.1,0.1,-0.6143601666119304,0.1515938919852819,0.0583732322146681,2739.1253305121863,8.056540901783043,-0.0049999999999999906,-0.0049999999999999906,-0.05499999999999999,0.001281587821416963,0.012846982516415917,-0.03894362892955283
2024-07-01,3186.19,84.964,87.52,15.55,7436.049279999999,7803.867260095239,89.1025,11.8755,polymarket,0.1,0.1,-0.6143601666119304,0.1609362058045655,0.0711507803033435,2744.5005023268004,8.066581124598937,0.0,0.0,-0.05499999999999999,0.010040222815893785,0.02845015412921037,-0.009635738019824758
2024-07-02,3217.29,87.2972,87.81,15.56,7665.567132,7794.141658222223,89.1025,11.814,polymarket,0.1,0.1,-0.6143601666119304,0.1736148276848257,0.0820108152516809,2741.350845359295,8.076294669274962,0.0,0.0,-0.05499999999999999,0.00971354467602481,0.034036234608969096,0.024151498366980606
2024-07-03,3203.07,87.9921,87.0,15.58,7655.312699999999,7783.790272507936,89.1025,11.903,polymarket,0.095,0.095,-0.6400356578327123,0.1702659057625777,0.0774994690284511,2737.0446188576184,8.071865003881747,-0.0050000000000000044,-0.0050000000000000044,-0.06,-0.0044296653932143215,0.01629914014658773,0.005064435051915339
2024-07-04,3133.81,87.9506,86.32,15.71,7591.895791999999,7773.110777142857,89.1025,11.99,polymarket,0.11,0.11,-0.5630091841703666,0.1515068288701602,0.0526608739463985,2721.4862486528573,8.050004795679321,0.015,0.0050000000000000044,-0.045,-0.02186020820242618,-0.005240737448894195,-0.02441598386172883
2024-07-05,3149.29,88.1205,86.8,15.77,7648.8594,7760.543069206349,89.1025,11.973,polymarket,0.09,0.09,-0.6657111490534942,0.160954015476928,0.0575909160715522,2712.6741955461944,8.0549323095886,-0.020000000000000004,-0.010000000000000009,-0.065,0.004927513909278147,-0.0016072991034632444,-0.013497766556612945
2024-07-08,3132.58,88.1205,86.12,15.83,7588.937460000001,7745.498536825396,89.1025,11.9105,polymarket,0.085,0.085,-0.6913866402742761,0.1587776125553808,0.0518556317750293,2703.348740999504,8.049612225151218,-0.0049999999999999906,-0.015,-0.06999999999999999,-0.0053200844373808565,-0.01682573857805092,-0.03112686424060218
2024-07-09,3054.07,88.1688,85.59,15.91,7546.367592,7728.247387492063,89.1025,11.949,polymarket,0.075,0.075,-0.7427376227158399,0.1346826896381707,0.0251764977088435,2691.5630492026685,8.02423040627556,-0.010000000000000009,-0.02500000000000001,-0.09000000000000001,-0.02538181887565827,-0.050732137917315456,-0.039884436675951096
2024-07-10,2975.75,88.0031,84.97,15.98,7477.623407,7714.947878079365,89.1025,11.984,polymarket,0.055,0.055,-0.8454395875989674,0.1096613671856867,-0.0014811875927567,2681.6739664885968,7.998251387047989,-0.019999999999999997,-0.04,-0.12,-0.025979019227571065,-0.07096941371871368,-0.06160322916338179
2024-07-11,2992.21,87.8551,85.56,15.92,7516.882355999999,7699.247661507937,89.1025,11.952,polymarket,0.06,0.06,-0.8197640963781855,0.1147172508252598,0.0058639804121973,2684.2771095403555,8.003767523797139,0.0049999999999999975,-0.05,-0.11499999999999999,0.005516136749149858,-0.04518461553189246,-0.05658812809574709
2024-07-12,2973.21,87.988,86.35,16.03,7597.7638,7685.886263095238,89.1025,11.97,polymarket,0.075,0.075,-0.7427376227158399,0.113392839154776,-0.001513742947149,2670.4051754608827,7.997397456225006,0.015,-0.015,-0.09999999999999999,-0.006370067572133209,-0.055911014863667674,-0.07546852990288899
2024-07-15,2913.48,87.988,86.13,16.31,7578.40644,7673.380809761906,89.1025,12.086,polymarket,0.065,0.065,-0.7940886051574036,0.1035915966946936,-0.0252005197537384,2639.9983551215896,7.977103521963721,-0.009999999999999995,-0.020000000000000004,-0.015,-0.020293934261284896,-0.06994234784107667,-0.08487033872751026
2024-07-16,2944.86,87.8077,84.0,16.59,7375.846799999999,7656.441292301588,89.1025,12.039,polymarket,0.06,0.06,-0.8197640963781855,0.128733912154888,-0.0181112050174906,2608.993996094181,7.987816556755371,-0.0050000000000000044,-0.015,-0.020000000000000004,0.010713034791650422,-0.03575883984322559,-0.05436154327826215
2024-07-17,2947.24,88.2824,85.08,16.54,7511.066591999999,7637.581466777778,89.1025,12.003,polymarket,0.09,0.09,-0.6657111490534942,0.1292728255785098,-0.0155093499408013,2609.856478650473,7.988624418173012,0.03,0.034999999999999996,-0.020000000000000004,0.0008078614176412202,-0.009580777955137454,-0.026500675481507696
2024-07-18,2980.62,88.0872,86.35,16.36,7606.329719999999,7627.903116301587,89.1025,12.0285,polymarket,0.08,0.08,-0.717062131495058,0.1353189238154502,-0.0009935460395141,2625.359216230689,7.999886611550558,-0.009999999999999995,0.020000000000000004,-0.020000000000000004,0.011262193377545415,-0.0038733912392513448,-0.04572217081861929
2024-07-19,3008.24,87.8754,84.0,16.32,7381.5336,7615.070827412698,89.1025,11.9715,polymarket,0.075,0.075,-0.7427376227158399,0.1453303547509616,0.0096232855882159,2626.526038990825,8.009110469120941,-0.0050000000000000044,0.0,-0.03,0.009223857570383132,0.011781878844750127,-0.034071315041662054
2024-07-22,3024.54,87.8754,84.18,16.17,7397.351172000001,7602.788347603174,89.1025,11.972,polymarket,0.085,0.085,-0.6913866402742761,0.1462643076310026,0.0181944864581617,2638.606104948736,8.014514292786016,0.010000000000000009,0.020000000000000004,-0.015,0.00540382366507508,0.0381193624119609,-0.0237278287955327
2024-07-23,3028.01,87.7805,82.43,16.31,7235.746615000001,7587.750779190475,89.1025,11.9035,polymarket,0.195,0.195,-0.12652583341707455,0.1550061442516179,0.0179767485383453,2621.6397333210625,8.015660917061794,0.11,0.135,0.095,0.001146624275778052,0.028235637687360482,-0.02679831200845917
2024-07-24,3051.76,87.299,83.87,16.18,7321.767130000001,7576.173374904762,89.1025,11.8105,polymarket,0.115,0.115,-0.5373336929495848,0.159537473836143,0.0287327047819221,2631.8769930770272,8.02347375235293,-0.08,0.02500000000000001,0.015,0.0078128352911353,0.03546368806069422,-0.031709870863343426
2024-07-25,3041.37,86.5502,82.73,16.07,7160.298046000001,7561.773095873015,89.1025,11.766,polymarket,0.105,0.105,-0.5886846753911485,0.1522225204749019,0.027840683982641,2639.5682656388835,8.020063350779234,-0.010000000000000009,0.024999999999999994,0.0,-0.003410401573695765,0.020381665559514373,-0.03458378831356823
2024-07-26,2993.23,85.41,83.0,16.57,7089.03,7542.963076825396,89.1025,11.85,polymarket,0.105,0.105,-0.5886846753911485,0.1571129978402454,0.004705044610153,2586.8087261891205,8.004108350874137,0.0,0.03,0.0049999999999999906,-0.0159549999050963,-0.004989628487088726,-0.051081677424263616
2024-07-29,2906.95,85.41,83.88,16.71,7164.190799999999,7524.375970873016,89.1025,11.795,polymarket,0.075,0.075,-0.7427376227158399,0.1313745622471391,-0.0253797914772689,2569.396641043624,7.9748597005485555,-0.03,-0.010000000000000009,-0.02500000000000001,-0.02924865032558177,-0.038878639396404124,-0.08764072450167759
2024-07-30,2944.78,86.5554,81.34,16.48,7040.416236000001,7507.242419063493,89.1025,11.846,polymarket,0.08,0.08,-0.717062131495058,0.1379238710820844,-0.0081512024800876,2587.853260517089,7.98778939040904,0.0050000000000000044,-0.115,-0.020000000000000004,0.01292968986048404,-0.027486699185273467,-0.08470172101364803
2024-07-31,2942.68,86.33,81.47,16.15,7033.3051,7490.720826603175,89.1025,11.84,polymarket,0.085,0.085,-0.6913866402742761,0.1247475247103382,-0.002759108702948,2616.302712697983,7.98707600973586,0.0050000000000000044,-0.03,-0.009999999999999995,-0.0007133806731793868,-0.0357433087791964,-0.08129388368034429
2024-08-01,2935.69,86.1091,83.6,16.1,7198.720759999999,7480.178124380953,89.1025,11.7755,polymarket,0.09,0.09,-0.6657111490534942,0.1209673571134137,-0.0037465129694904,2618.889819913803,7.984697798328767,0.0049999999999999906,-0.015,-0.020000000000000004,-0.002378211407092934,-0.03474749866014326,-0.06322016969758848
2024-08-02,2899.0,85.7833,81.45,16.22,6987.049785,7467.496374936508,89.1025,11.76,polymarket,0.125,0.125,-0.485982710508021,0.1130950808810229,-0.0173442689142753,2604.449565714925,7.972121128921655,0.035,0.020000000000000004,0.035,-0.012576669407112107,-0.0314810422186067,-0.07947505628252716
2024-08-05,2828.72,85.7833,81.4,16.18,6982.76062,7453.28926731746,89.1025,11.8445,polymarket,0.105,0.105,-0.5886846753911485,0.085776952622308,-0.0397834803390693,2605.2496262406685,7.9475795915004355,-0.020000000000000004,0.03,0.01999999999999999,-0.024541537421219672,-0.02691136758458179,-0.0969999170013216
2024-08-06,2830.75,84.9471,82.27,16.23,6988.597917,7440.42888504762,89.1025,11.85,polymarket,0.08,0.08,-0.717062131495058,0.0897531988755098,-0.0391435858215785,2597.6065066117567,7.948296973194149,-0.024999999999999994,0.0,0.0050000000000000044,0.0007173816937138255,-0.03872275687827276,-0.07312209608817088
2024-08-07,2874.94,85.1646,83.15,16.06,7081.43649,7429.8239721904765,89.1025,11.83,polymarket,0.065,0.065,-0.7940886051574036,0.1007482115239526,-0.0209333045858961,2611.8052883499417,7.963787083448461,-0.015,-0.020000000000000004,0.010000000000000002,0.015490110254312128,-0.023019832261747752,-0.033877173821725615
2024-08-08,2852.51,85.9543,83.16,15.92,7147.959588,7415.049198190475,89.1025,11.858,polymarket,0.065,0.065,-0.7940886051574036,0.0878201009547867,-0.0256017821205337,2622.2258602284824,7.955954587426843,0.0,-0.024999999999999994,0.0050000000000000044,-0.007832496021618063,-0.028334054344975046,-0.04668789957924069
2024-08-09,2848.29,86.5621,82.01,15.85,7098.957821000001,7401.577615984127,89.1025,11.875,polymarket,0.075,0.075,-0.7427376227158399,0.084605402875912,-0.0252151030687413,2626.1071468457994,7.9544740931906635,0.009999999999999995,-0.05,0.0,-0.0014804942361799078,-0.017492238703001095,-0.04201519569757939
2024-08-12,2844.77,86.5621,83.0,15.83,7184.6543,7393.461688206349,89.1025,11.891,polymarket,0.055,0.055,-0.8454395875989674,0.0831962971062605,-0.0256576160772499,2626.273748903825,7.953237499707175,-0.019999999999999997,-0.049999999999999996,-0.010000000000000002,-0.0012365934834885906,0.0056739443988800264,-0.023583480923157207
2024-08-13,2884.6,89.9475,82.54,15.83,7424.266650000001,7389.41901915873,89.1025,12.0785,polymarket,0.07,0.07,-0.7684131139366217,0.0987358959956234,-0.0117853731710674,2625.380685670699,7.96714152114941,0.015000000000000006,-0.009999999999999995,0.010000000000000009,0.013904021442234793,0.019023227059966397,-0.020462772423816444
2024-08-14,2871.11,92.6592,82.41,15.54,7636.044672,7388.758506015873,89.1025,11.94,polymarket,0.055,0.055,-0.8454395875989674,0.0818972759131424,-0.0118676278642507,2653.7732037237333,7.96245399356334,-0.015000000000000006,-0.010000000000000002,-0.034999999999999996,-0.004687527586069606,-0.0013322017155140697,-0.02583094691983001
2024-08-15,2838.11,90.0055,82.36,15.87,7412.85298,7383.481537444445,89.1025,11.982,polymarket,0.09,0.09,-0.6657111490534942,0.083182660255799,-0.0279912552062385,2620.1582652087195,7.950893616658773,0.034999999999999996,0.024999999999999994,0.009999999999999995,-0.011560376904567349,-0.00504818563300391,-0.04781220014627818
2024-08-16,2828.2,88.796,82.0,16.15,7281.272000000001,7376.343116809524,89.1025,12.0685,polymarket,0.09,0.09,-0.6657111490534942,0.0913839350843512,-0.0352485743861251,2591.388702987838,7.947395745873676,0.0,0.015,0.015,-0.0034978707850967794,-0.007053354819909541,-0.059848948222216314
2024-08-19,2775.64,88.796,80.3,16.2,7130.3188,7369.205919190476,89.1025,12.1005,polymarket,0.085,0.085,-0.6913866402742761,0.0737461123221394,-0.0535324385407771,2585.0058669802825,7.92863663022001,-0.0049999999999999906,0.030000000000000006,0.0,-0.018759115653665503,-0.024300734330016227,-0.08229350578931016
2024-08-20,2768.42,89.5428,81.78,16.22,7322.810184,7365.149912190476,89.1025,12.1865,polymarket,0.085,0.085,-0.6913866402742761,0.072118933511885,-0.0560701443585526,2582.19486053812,7.926032039331152,0.0,0.015,-0.11,-0.00260459088885856,-0.04027594813838997,-0.08572957156680461
2024-08-21,2768.14,90.6944,81.51,16.16,7392.500544,7363.614238285713,89.1025,12.09,polymarket,0.075,0.075,-0.7427376227158399,0.0697537999265034,-0.0551895543548368,2587.6421286750115,7.9259308934932164,-0.010000000000000009,0.019999999999999997,-0.04000000000000001,-0.00010114583793541243,-0.035864177966013266,-0.09293653498309185
2024-08-22,2725.75,91.6862,79.63,16.25,7300.972105999999,7360.121807428571,89.1025,11.84,polymarket,0.07,0.07,-0.7684131139366217,0.0572244456329376,-0.0707875183752886,2578.213180048208,7.910498898586491,-0.0049999999999999906,-0.01999999999999999,-0.03499999999999999,-0.015431994906725421,-0.039589726966185235,-0.10377560112712358
2024-08-23,2662.47,91.2881,81.7,16.29,7458.237770000001,7360.993600603175,89.1025,11.841,polymarket,0.07,0.07,-0.7684131139366217,0.0341453645118585,-0.0929770298122912,2574.560686888298,7.887009542348567,0.0,-0.01999999999999999,-0.03499999999999999,-0.02348935623792414,-0.058599108973905634,-0.11050270109547222
2024-08-26,2763.75,91.2881,82.3,16.41,7513.01063,7360.235642349207,89.1025,11.678,polymarket,0.075,0.075,-0.7427376227158399,0.0783666870649737,-0.0602100443627051,2562.9037257467494,7.924343732171656,0.0049999999999999906,-0.010000000000000009,0.0,0.037334189823089226,-0.00428369673300566,-0.049261253203529365
2024-08-27,2730.38,91.7745,81.87,16.36,7513.578315000001,7358.244873539682,89.1025,11.799,polymarket,0.07,0.07,-0.7684131139366217,0.063541056928027,-0.0707188658212304,2567.2539693827475,7.912196072631594,-0.0049999999999999906,-0.015,-0.009999999999999995,-0.01214765954006225,-0.01374068963524322,-0.07280679711217819
2024-08-28,2699.98,91.4807,80.21,16.45,7337.666947,7353.500476269842,89.1025,11.839,polymarket,0.065,0.065,-0.7940886051574036,0.0556578236740918,-0.0821144575209014,2557.6279921869377,7.900999644557578,-0.0050000000000000044,-0.009999999999999995,-0.020000000000000004,-0.011196428074016218,-0.024623032072077278,-0.08247583835143468
2024-08-29,2708.27,91.4449,81.0,16.49,7407.0369,7350.081061984127,89.1025,11.925,polymarket,0.065,0.065,-0.7940886051574036,0.060786217515389,-0.0796934547985257,2553.0780427590826,7.90406533364102,0.0,-0.0050000000000000044,-0.024999999999999994,0.00306568908344218,-0.006412913876914672,-0.07746730751543929
2024-08-30,2650.32,91.4548,80.42,16.68,7354.795016000001,7352.226205095239,89.1025,12.049,polymarket,0.085,0.085,-0.6913866402742761,0.0452781767702368,-0.1021876065242375,2535.5164384940263,7.882435666406985,0.020000000000000004,0.015,-0.039999999999999994,-0.021629667234035033,-0.004563431700638776,-0.08578130389789573
2024-09-02,2545.07,91.4548,78.69,16.69,7196.578212,7350.608843380952,89.1025,12.045,polymarket,0.035,0.035,-0.9481415524820949,0.0042795877857291,-0.1378966009400849,2534.2245635117006,7.841913433517961,-0.05,-0.039999999999999994,-0.06999999999999999,-0.04052223288902379,-0.07912437810945272,-0.10027503605871191
2024-09-03,2524.38,90.0013,78.2,16.74,7038.10166,7348.857333619047,89.1025,12.117,polymarket,0.035,0.035,-0.9481415524820949,-0.0018780899054832,-0.1454911581941891,2529.1299333975694,7.833750767004005,0.0,-0.035,-0.045,-0.008162666513955585,-0.07544737362564913,-0.10822926786187403
2024-09-04,2605.15,88.6118,79.0,16.53,7000.3322,7345.750860603174,89.1025,12.69,polymarket,0.0335,0.0335,-0.9558441998483295,0.0222931960738628,-0.1150701486070111,2548.3393707452324,7.865245534103608,-0.0015000000000000013,-0.0315,-0.0315,0.03149476709960286,-0.03512248238875837,-0.09384195844087184
2024-09-05,2621.62,88.9288,79.05,16.38,7029.821639999999,7340.034827507937,89.1025,12.499,polymarket,0.028,0.028,-0.9840872401911895,0.0235143015441834,-0.1070735753546625,2561.3906870131104,7.871547726284403,-0.005500000000000001,-0.037000000000000005,-0.037000000000000005,0.006302192180794641,-0.03199459433512908,-0.0809427486669636
2024-09-06,2623.37,89.7044,76.3,16.43,6844.445720000001,7332.198434174603,89.1025,12.623,polymarket,0.027,0.027,-0.9892223384353459,0.0267903895969738,-0.1067741054687405,2554.92262742126,7.8722150297739955,-0.0010000000000000009,-0.05800000000000001,-0.048,0.0006673034895925412,-0.010168583416342303,-0.07896667825256565
2024-09-09,2703.17,89.7044,75.9,16.49,6808.563960000001,7322.768724015872,89.1025,12.6465,polymarket,0.0205,0.0205,-1.0226004770223625,0.0612425685935136,-0.0799677710895792,2547.174491485548,7.902180437380522,-0.006499999999999999,-0.014500000000000002,-0.0345,0.029965407606526107,0.062120098857791683,-0.04977555303240677
2024-09-10,2671.38,90.3853,77.0,16.54,6959.6681,7313.304852587301,89.1025,12.682,polymarket,0.0205,0.0205,-1.0226004770223625,0.0515642647641145,-0.0910022029114645,2540.3868213411,7.890350471803892,0.0,-0.014500000000000002,-0.0495,-0.011829965576629853,0.05823212036222758,-0.07391666088885795
2024-09-11,2668.03,91.1127,75.0,16.4,6833.4525,7304.0216732222225,89.1025,12.6945,polymarket,0.0265,0.0265,-0.9917898875574241,0.0456034509714415,-0.0896459449767325,2551.6652584889675,7.889095651350108,0.005999999999999998,-0.007000000000000003,-0.0285,-0.001254820453783445,0.024136805942076345,-0.07073222551556713
2024-09-12,2615.0,91.2653,76.27,16.71,6960.804431,7298.300092761906,89.1025,12.7305,polymarket,0.029,0.029,-0.9789521419470332,0.0372396847936171,-0.1117881908281472,2521.114491025586,7.869019376499023,0.0025000000000000022,0.0010000000000000009,-0.061,-0.02007627485108543,-0.0025251562011274764,-0.07861217500378781
2024-09-13,2678.99,91.1096,77.11,16.85,7025.461256,7290.092707460318,89.1025,12.765,polymarket,0.0275,0.0275,-0.9866547893132678,0.0689299964614529,-0.0916214276799572,2506.2352154663367,7.8931951368015465,-0.0015000000000000013,0.0005000000000000004,-0.0625,0.024175760302523663,0.021201736697453955,-0.05275793791103889
2024-09-16,2744.2,91.1096,75.99,16.95,6923.418503999999,7281.730616412698,89.1025,12.92,polymarket,0.023,0.023,-1.0097627314119715,0.0998237033511186,-0.0705197166555893,2495.12716596172,7.917244872487075,-0.0045000000000000005,0.0024999999999999988,-0.062000000000000006,0.024049735685528262,0.015178475641561384,-0.011327117349512195
2024-09-17,2774.04,91.1423,76.33,17.03,6956.891759,7280.832364714286,89.1025,12.882,polymarket,0.11,0.11,-0.5630091841703666,0.1151895845083577,-0.0615461448026554,2487.505298234078,7.928060020381486,0.087,0.0895,0.024999999999999994,0.010815147894411403,0.03842957572490624,0.0020300387946914356
2024-09-18,2751.73,91.4292,75.99,17.19,6947.704907999999,7274.782758809523,89.1025,12.9985,polymarket,0.16,0.16,-0.3062542719625478,0.1134148211353525,-0.0711067984797617,2471.432881766432,7.9199850837749715,0.05,0.1335,0.085,-0.008074936606514704,0.031371461340389706,-0.0059281683729868195
2024-09-19,2758.91,91.6712,77.99,17.27,7149.436887999999,7272.599606936507,89.1025,12.967,polymarket,0.115,0.115,-0.5373336929495848,0.1198635883686818,-0.0697364504950734,2463.612558400024,7.9225909531705465,-0.045,0.08600000000000001,0.045,0.0026058693955750556,0.055032504780114566,0.012165459047968286
2024-09-20,2782.35,92.6962,77.2,17.3,7156.146640000001,7268.152473761906,89.1025,13.1195,polymarket,0.145,0.145,-0.3832807456248935,0.1310721243267805,-0.0620313717057309,2459.922705332401,7.931051173340797,0.029999999999999985,0.1175,0.07499999999999998,0.008460220170250388,0.0385817042990082,0.04502585944630377
2024-09-23,2819.87,92.6962,77.0,17.29,7137.607400000001,7263.526904873016,89.1025,13.144,polymarket,0.155,0.155,-0.3319297631833297,0.1463510482164909,-0.0489751496802524,2459.866028287925,7.944446063578774,0.010000000000000009,0.132,0.08,0.013394890237977464,0.02757452080752132,0.020305744007236504
2024-09-24,2871.96,92.92,78.0,17.25,7247.76,7259.390948301588,89.1025,13.1265,polymarket,0.205,0.205,-0.07517485097551087,0.1662001021583123,-0.0305618077834731,2462.664850298675,7.9627500024945235,0.04999999999999999,0.09499999999999999,0.13499999999999998,0.018303938915749107,0.035298697927931943,0.05185358814523977
2024-09-25,2830.11,92.8622,77.53,17.21,7199.606366,7257.013493793651,89.1025,13.15,polymarket,0.215,0.215,-0.023823868533947055,0.1477274969998743,-0.0439530632171157,2465.837934002473,7.948070859139844,0.010000000000000009,0.05499999999999999,0.15,-0.014679143354679347,0.028483899219763575,0.04819665330854317
2024-09-26,2829.65,92.388,75.23,17.24,6950.3492400000005,7249.303969349205,89.1025,13.176,polymarket,0.205,0.205,-0.07517485097551087,0.1495847714973492,-0.0441269227013477,2461.453970301245,7.94790830807725,-0.010000000000000009,0.08999999999999998,0.13999999999999999,-0.00016255106259421837,0.025640560946170954,0.04481827882744338
2024-09-27,2858.56,92.4074,75.75,17.37,6999.860549999999,7238.737198206349,89.1025,13.281,polymarket,0.18,0.18,-0.20355230707942026,0.1680312944082822,-0.0357361746391929,2447.331688529912,7.958073280513474,-0.024999999999999994,0.035,0.09499999999999999,0.010164972436224495,0.02739051521196112,0.07857164417881601
2024-09-30,2857.56,92.4074,75.0,17.47,6930.554999999999,7227.23310773016,89.1025,13.24,polymarket,0.185,0.185,-0.17787681585863838,0.1731438004210199,-0.0369373975546462,2435.813920658724,7.957723392823852,0.0050000000000000044,0.03,0.15,-0.00034988768962218586,0.013365864383819037,0.12278247749570737
2024-10-01,2814.19,93.2221,77.5,17.49,7224.71275,7221.40480547619,89.1025,13.283,polymarket,0.185,0.185,-0.17787681585863838,0.1567806635032589,-0.051526609649996,2432.777525410349,7.942429754940124,0.0,-0.01999999999999999,0.15,-0.01529363788372784,-0.020115182662711173,0.11480442722569495
2024-10-02,2766.79,93.3581,78.69,17.6,7346.348888999999,7216.603051333333,89.1025,13.4945,polymarket,0.195,0.195,-0.12652583341707455,0.142443014703103,-0.0688516890522198,2421.818825439648,7.925443082436249,0.010000000000000009,-0.01999999999999999,0.1615,-0.016986672503874978,-0.022373688655211388,0.06204633130529902
2024-10-03,2782.39,94.5054,79.5,17.78,7513.1793,7215.400540857144,89.1025,13.459,polymarket,0.185,0.185,-0.17787681585863838,0.156740401618538,-0.0661854369949568,2405.3711585648907,7.931065549574009,-0.010000000000000009,-0.01999999999999999,0.157,0.005622467137759379,-0.016701712225893783,0.06132467710804779
2024-10-04,2804.62,95.0262,79.5,17.8,7554.5829,7215.530942571428,89.1025,13.4465,polymarket,0.18,0.18,-0.20355230707942026,0.1668388627762311,-0.0590283118522004,2403.605235882388,7.93902333640882,-0.0050000000000000044,0.0,0.153,0.007957786834810854,-0.01886964065823349,0.06909052097111723
2024-10-07,2793.84,95.0262,80.58,18.02,7657.211196,7218.381542396825,89.1025,13.5095,polymarket,0.175,0.175,-0.22922779830020218,0.1716393350139533,-0.0660437183578914,2384.556336158454,7.935172272608095,-0.0050000000000000044,-0.010000000000000009,0.1545,-0.003851063800724752,-0.022298744383319913,0.03354210057081142
2024-10-08,2788.37,96.0649,78.0,18.08,7493.062199999999,7218.003444682539,89.1025,13.6495,polymarket,0.185,0.185,-0.17787681585863838,0.1720023327163016,-0.0687316917167782,2379.1505547070965,7.93321247469624,0.010000000000000009,0.0,0.1645,-0.001959797911855077,-0.009174931330151903,0.04379384438005807
2024-10-09,2748.81,96.1079,78.8,18.12,7573.30252,7217.615170396825,89.1025,13.6775,polymarket,0.175,0.175,-0.22922779830020218,0.1571375884496431,-0.0825010514607268,2375.525631038321,7.918923369734425,-0.010000000000000009,-0.020000000000000018,0.1485,-0.014289104961815013,-0.006498505488309547,0.030277020873078486
2024-10-10,2761.54,96.9483,79.28,18.08,7686.061224,7219.323976492063,89.1025,13.5105,polymarket,0.185,0.185,-0.17787681585863838,0.1605931682212067,-0.0777643674856156,2379.421209442839,7.923543774117743,0.010000000000000009,0.0,0.156,0.004620404383318011,-0.007493557696800157,0.05603824091778198
2024-10-11,2754.52,97.2394,81.0,18.0,7876.3914,7227.269128873016,89.1025,13.469,polymarket,0.185,0.185,-0.17787681585863838,0.1534059787976838,-0.0793809942216756,2388.161714638696,7.9209984777323,0.0,0.0050000000000000044,0.1575,-0.0025452963854428745,-0.017863382561630448,0.028193460968499506
2024-10-14,2773.36,97.2394,78.5,18.01,7633.2929,7229.209229000001,89.1025,13.526,polymarket,0.175,0.175,-0.22922779830020218,0.161534059836923,-0.0733362207296028,2387.6699753336325,7.927814860485532,-0.010000000000000009,0.0,0.152,0.006816382753232375,-0.00733041262205425,0.01062604766416464
2024-10-15,2805.79,96.1021,77.79,18.05,7475.782359,7227.137048666666,89.1025,13.58,polymarket,0.18,0.18,-0.20355230707942026,0.177079952914186,-0.0629761528896194,2383.686845616131,7.939440418232416,0.0050000000000000044,-0.0050000000000000044,0.06999999999999999,0.011625557746883786,0.006247377500116613,0.011445400931493488
2024-10-16,2783.46,97.0121,77.85,18.02,7552.391984999999,7229.84908652381,89.1025,13.53,polymarket,0.165,0.165,-0.28057878074176584,0.1661346598298829,-0.0701430099309288,2386.911302684421,7.931450037123325,-0.014999999999999986,-0.009999999999999981,0.0050000000000000044,-0.007990381109091338,0.012605454724044174,0.011530927816319148
2024-10-17,2763.53,97.2568,78.11,18.08,7596.728648,7233.01380836508,89.1025,13.549,polymarket,0.155,0.155,-0.3319297631833297,0.160062079067103,-0.0778447166017409,2382.2259600299767,7.9242641270132,-0.010000000000000009,-0.03,0.039999999999999994,-0.007185910110124816,0.0007206124119152335,0.0016745743790120837
2024-10-18,2751.9,97.149,76.34,18.05,7416.35466,7235.880602730159,89.1025,13.383,polymarket,0.145,0.145,-0.3832807456248935,0.153604444075055,-0.0814467972176224,2385.4797145883376,7.92004686118372,-0.010000000000000009,-0.04000000000000001,0.0,-0.004217265829479899,-0.0009511639051449361,-0.010943986198716837
2024-10-21,2767.71,97.149,77.2,18.1,7499.902800000001,7238.708153047619,89.1025,13.5005,polymarket,0.145,0.145,-0.3832807456248935,0.1621145564609465,-0.0770503244957953,2381.6154651987704,7.925775542462801,0.0,-0.03,-0.010000000000000009,0.005728681279080661,-0.0020372400265382673,-0.018497306613425413
2024-10-22,2755.19,96.0924,79.13,18.18,7603.791611999999,7245.747733460318,89.1025,13.542,polymarket,0.165,0.165,-0.28057878074176584,0.159612163325528,-0.0827620621920663,2375.9581756185485,7.921241684726244,0.020000000000000018,-0.014999999999999986,-0.03999999999999998,-0.00453385773655679,-0.018034136553341407,-0.04065864427081156
2024-10-23,2734.93,96.5918,79.7,18.15,7698.366460000001,7255.419740761905,89.1025,13.5365,polymarket,0.165,0.165,-0.28057878074176584,0.1488449380525378,-0.0895944676887028,2380.5910697018094,7.913861120378637,0.0,0.0,-0.04999999999999999,-0.007380564347607255,-0.017435134688481346,-0.033631201614071626
2024-10-24,2718.42,96.6379,78.0,18.34,7537.7562,7261.349350285714,89.1025,13.549,polymarket,0.165,0.165,-0.28057878074176584,0.1494434289254669,-0.0981075408884084,2364.988073002651,7.907806108159585,0.0,0.010000000000000009,-0.03999999999999998,-0.00605501221905147,-0.016323325601676153,-0.03930874843178489
2024-10-25,2660.36,96.7402,77.96,18.71,7541.865991999999,7269.308870222222,89.1025,13.505,polymarket,0.17,0.17,-0.25490328952098396,0.1397421343469229,-0.1229069111578778,2334.177108863662,7.886216730964202,0.0050000000000000044,0.025000000000000022,-0.009999999999999981,-0.021589377195383008,-0.033264290126821416,-0.06933560953766926
2024-10-28,2575.06,96.7402,76.3,19.04,7381.27726,7274.832237841269,89.1025,13.6165,polymarket,0.145,0.145,-0.3832807456248935,0.1163278615307614,-0.155702624132346,2306.7237580803157,7.853628113797247,-0.025000000000000022,0.0,-0.04000000000000001,-0.03258861716695538,-0.0696062810048741,-0.09886056635731189
2024-10-29,2599.66,97.23,75.0,19.01,7292.25,7276.316828952381,89.1025,13.577,polymarket,0.135,0.135,-0.43463172806645717,0.1255896709893662,-0.1473083461049057,2309.5983083382075,7.863135946227763,-0.009999999999999981,-0.03,-0.04999999999999999,0.009507832430515784,-0.05644982741662108,-0.07623152665598276
2024-10-30,2615.38,97.3261,76.6,18.91,7455.179259999999,7283.747455539683,89.1025,13.6005,polymarket,0.135,0.135,-0.43463172806645717,0.1274661335448415,-0.1411740901322207,2319.697170660941,7.869164681429322,0.0,-0.03,-0.06,0.006028735201559776,-0.04371227051515025,-0.0547240665175166
2024-10-31,2560.2,97.053,77.1,19.26,7482.786299999999,7291.684371095237,89.1025,13.575,polymarket,0.145,0.145,-0.3832807456248935,0.1174179862727013,-0.1643021704088035,2291.1748615573056,7.847840659422009,0.009999999999999981,-0.020000000000000018,-0.04000000000000001,-0.021324022007313204,-0.05820292670006855,-0.0798558074173642
2024-11-01,2574.71,97.0226,76.79,19.2,7450.365454000001,7299.014014539682,89.1025,13.6595,polymarket,0.115,0.115,-0.5373336929495848,0.1205396750775515,-0.1591316376907988,2297.7410414511264,7.853492185396352,-0.029999999999999985,-0.05500000000000001,-0.06499999999999999,0.005651525974342597,-0.03219489091701877,-0.08197545478531842
2024-11-02,2594.38,97.4402,77.14,19.2,7516.537028000001,7305.920372285714,89.1025,13.668,polymarket,0.115,0.115,-0.5373336929495848,0.1284364201441021,-0.1530491412495243,2299.092756744501,7.861102846051892,0.0,-0.029999999999999985,-0.059999999999999984,0.007610660655540613,0.00750273780028432,-0.07139277839819036
2024-11-05,2616.51,97.4402,78.17,19.14,7616.900434,7313.363877777778,89.1025,13.704,polymarket,0.095,0.095,-0.6400356578327123,0.1348001476361622,-0.1453883362803821,2305.7011452195384,7.8695966477044434,-0.020000000000000004,-0.04000000000000001,-0.09,0.008493801652551092,0.006481616826816028,-0.06163457503846326
2024-11-06,2662.87,98.0562,77.06,18.91,7556.210772,7320.621861126984,89.1025,13.5975,polymarket,0.105,0.105,-0.5886846753911485,0.1443395901907349,-0.1274595975412743,2326.9928112477182,7.887159767498793,0.009999999999999995,-0.030000000000000013,-0.06999999999999999,0.017563119794349547,0.018157973219952606,-0.031264438065926714
2024-11-07,2690.63,98.2236,79.5,18.41,7808.7762,7330.528557952381,89.1025,13.625,polymarket,0.135,0.135,-0.43463172806645717,0.1339600624256152,-0.1119072654268972,2372.7731594396414,7.897530645918667,0.030000000000000013,-0.009999999999999981,-0.04999999999999999,0.01037087841987372,0.05094523865323031,-0.025677701572311085
2024-11-08,2734.56,98.0726,76.88,18.38,7539.821487999999,7332.362761730158,89.1025,13.57,polymarket,0.14,0.14,-0.4089562368456753,0.1510068634687056,-0.0970771827965147,2375.7981700987043,7.913725824400195,0.0050000000000000044,0.02500000000000001,-0.044999999999999984,0.01619517848152796,0.062084661961929744,-0.007246271582707742
2024-11-11,2785.31,98.0726,75.89,18.4,7442.729614,7329.294268746032,89.1025,13.513,polymarket,0.115,0.115,-0.5373336929495848,0.1735480436502061,-0.0804455982039289,2373.409435660228,7.93211445675928,-0.02500000000000001,0.0,-0.059999999999999984,0.018388632359084944,0.07359369097819135,0.004308852799492335
2024-11-12,2756.76,97.955,75.26,18.19,7372.0933,7328.647289698412,89.1025,13.5,polymarket,0.085,0.085,-0.6913866402742761,0.1525236051483334,-0.086822494210094,2391.933655575928,7.92181135609208,-0.03,-0.009999999999999995,-0.09499999999999999,-0.010303100667199416,0.05360193540250191,-0.017474579351982822
2024-11-13,2763.99,97.9559,74.44,18.12,7291.837195999999,7328.8149912222225,89.1025,13.6,polymarket,0.085,0.085,-0.6913866402742761,0.1525180164402106,-0.0834268094124678,2398.218475175904,7.9244305669360084,0.0,-0.01999999999999999,-0.08,0.0026192108439282435,0.03797406557586358,-0.006994891250458157
2024-11-14,2697.47,98.3657,75.4,18.09,7416.77378,7333.361895666667,89.1025,13.715,polymarket,0.085,0.085,-0.6913866402742761,0.1230901635269228,-0.1052995767278203,2401.8285330974104,7.9000695756617345,0.0,-0.05,-0.06999999999999999,-0.024360991274273935,0.0025421555546469854,-0.02390420947121996
2024-11-15,2739.21,99.018,76.47,18.09,7571.90646,7337.315804809523,89.1025,13.69,polymarket,0.085,0.085,-0.6913866402742761,0.1400863868399564,-0.0916639091320841,2402.6337228641305,7.9154248366416935,0.0,-0.05500000000000001,-0.059999999999999984,0.015355260979958985,0.001700456380551163,-0.004611359424397721
2024-11-18,2720.77,99.018,74.18,18.15,7345.155240000001,7336.564292047619,89.1025,13.7595,polymarket,0.075,0.075,-0.7427376227158399,0.1350198047758164,-0.0985913066114136,2397.1123574688577,7.908670207463423,-0.010000000000000009,-0.04000000000000001,-0.06999999999999999,-0.006754629178270299,-0.02317156797627551,-0.01695986935047389
2024-11-19,2630.51,99.943,75.09,18.63,7504.71987,7339.798383539683,89.1025,13.8385,polymarket,0.065,0.065,-0.7940886051574036,0.1168752597984759,-0.1352193473988453,2355.2406384887045,7.874933022722275,-0.009999999999999995,-0.020000000000000004,-0.1,-0.03373718474114806,-0.045796514749198325,-0.04525277748540024
2024-11-20,2596.89,100.0348,74.73,18.4,7475.600604000001,7340.073984079365,89.1025,13.82,polymarket,0.06,0.06,-0.8197640963781855,0.0931606339548389,-0.143188294715072,2375.5795071077205,7.862069854200416,-0.0050000000000000044,-0.02500000000000001,-0.10500000000000001,-0.01286316852185898,-0.06045607979768375,-0.050472955432131705
2024-11-21,2568.6,100.2192,77.98,18.42,7815.093216,7344.868945761905,89.1025,13.95,polymarket,0.06,0.06,-0.8197640963781855,0.081619192690395,-0.1530248517561219,2374.7729490736224,7.851116282378955,0.0,-0.02500000000000001,-0.10500000000000001,-0.010953571821461061,-0.047774396008111286,-0.05511289646191542
2024-11-22,2581.05,100.6798,76.4,18.33,7691.936720000001,7347.700031555555,89.1025,14.0765,polymarket,0.06,0.06,-0.8197640963781855,0.0829613963181166,-0.14785263353668,2383.3259512066898,7.855951571867276,0.0,-0.02500000000000001,-0.11000000000000001,0.004835289488321237,-0.05773927519248245,-0.02981175480010223
2024-11-25,2530.69,100.6798,76.19,18.47,7670.793962,7352.98776195238,89.1025,14.3805,polymarket,0.052,0.052,-0.8608448823314365,0.0669107707184681,-0.1665746065132639,2371.9790534083827,7.836247271810971,-0.008,-0.023,-0.093,-0.01970430005630508,-0.06986257566791754,-0.017230666469907452
2024-11-26,2464.35,103.7908,75.75,18.46,7862.1531,7360.211828619048,89.1025,14.6705,polymarket,0.071,0.071,-0.7632780156924655,0.0379212999191929,-0.1886340529514265,2374.312965917417,7.809683360020456,0.018999999999999996,0.0059999999999999915,-0.06400000000000002,-0.026563911790515427,-0.06316645821532718,-0.052049114114922745
2024-11-27,2491.88,105.0604,74.91,18.4,7870.074564,7368.390869063492,89.1025,14.47,polymarket,0.058,0.058,-0.8300342928664983,0.0464481296626908,-0.1791832414813206,2381.274264213388,7.8207927246548,-0.01299999999999999,-0.001999999999999995,-0.07700000000000001,0.01110936463434431,-0.040436830208441576,-0.04722067156589105
2024-11-28,2547.88,108.0104,75.57,18.5,8162.345928,7383.720515349206,89.1025,14.7285,polymarket,0.0545,0.0545,-0.8480071367210456,0.0725745245402329,-0.1627993981904025,2375.4806232155925,7.843016919821633,-0.003500000000000003,-0.005499999999999998,-0.0905,0.022224195166832494,-0.008066651093981081,-0.0048121240528082865
2024-11-29,2578.0,109.5782,74.97,18.61,8215.077653999999,7402.402673984127,89.1025,14.5005,polymarket,0.0545,0.0545,-0.8480071367210456,0.0880030012936363,-0.155278575492169,2369.4787578111054,7.8547691834991324,0.0,-0.005499999999999998,-0.060500000000000005,0.011752263677499819,-0.0011816896224405848,0.001277813812041062
2024-12-02,2586.74,109.5782,75.23,18.48,8243.567986,7422.136575349206,89.1025,14.608,polymarket,0.0415,0.0415,-0.9147634138950784,0.0846160274590761,-0.1516413010674402,2384.9361751180654,7.85815367462275,-0.012999999999999998,-0.010499999999999995,-0.07350000000000001,0.0033844911236178277,0.022148109804045468,-0.002944826895057928
2024-12-03,2539.64,107.1758,78.36,18.47,8398.295688,7443.85838563492,89.1025,14.441,polymarket,0.0385,0.0385,-0.9301687086275475,0.0625374999847496,-0.1679942515855524,2390.165053032435,7.839777617684148,-0.0030000000000000027,-0.032499999999999994,-0.0565,-0.018376056938602225,0.030551666768113384,-0.029378829050911492
2024-12-04,2485.62,106.1878,76.22,18.54,8093.634115999999,7463.686772873017,89.1025,14.3315,polymarket,0.0425,0.0425,-0.9096283156509221,0.0409308188023034,-0.1875104046087642,2387.8820331786874,7.818277404393425,0.0040000000000000036,-0.0155,-0.06249999999999999,-0.02150021329072338,-0.0025121594940367142,-0.06656351981133135
2024-12-05,2510.83,104.2361,76.95,18.54,8020.967895,7482.931279777778,89.1025,13.93,polymarket,0.0365,0.0365,-0.9404389051158604,0.0498058974063664,-0.1801701828536863,2391.708797029257,7.828368654754981,-0.006000000000000005,-0.018000000000000002,-0.0985,0.010091250361556448,-0.014541501169599846,-0.06682449835168724
2024-12-06,2536.23,103.3837,74.29,18.34,7680.375073000001,7494.371073,89.1025,13.41,polymarket,0.0295,0.0295,-0.976384592824955,0.0515487204111859,-0.1698054169731938,2411.899658827278,7.838434005450973,-0.006999999999999999,-0.025,-0.11050000000000001,0.010065350695992237,-0.01620248254460821,-0.07252720730208884
2024-12-09,2572.89,103.3837,75.0,18.54,7753.7775,7508.979406333334,89.1025,13.859,polymarket,0.0695,0.0695,-0.7709806630586998,0.0734318272130056,-0.1611498732696046,2396.8825357825453,7.852785059716098,0.04000000000000001,0.028000000000000004,-0.0455,0.014351054265124397,-0.0053542296481284835,-0.0762644014490308
2024-12-10,2522.75,99.3759,75.22,18.56,7475.055198,7517.142116920634,89.1025,13.7,polymarket,0.0845,0.0845,-0.6939541893963543,0.0525867280659442,-0.1781368808296501,2396.714620025069,7.833104855344638,0.015,0.046000000000000006,-0.0005000000000000004,-0.019680204371459453,-0.00665054889669392,-0.0848858805264151
2024-12-11,2512.54,100.0324,76.8,18.26,7682.488319999999,7527.571117936508,89.1025,13.9255,polymarket,0.0585,0.0585,-0.8274667437444201,0.0357731968580163,-0.1780733182263899,2425.7627129391904,7.829049472638613,-0.026000000000000002,0.016,-0.026500000000000003,-0.0040553827060252345,0.010830295861797179,-0.0909735563442704
2024-12-12,2492.63,103.2707,76.9,18.57,7941.516830000001,7543.731408825396,89.1025,13.8,polymarket,0.0535,0.0535,-0.853142234965202,0.0381254814832034,-0.1892982492175596,2401.087387276824,7.8210936569453,-0.0050000000000000044,0.017,-0.03150000000000001,-0.007955815693312829,-0.007248599068833794,-0.07593782321953524
2024-12-13,2485.2,103.95,76.83,18.44,7986.4785,7560.074055507936,89.1025,13.8695,polymarket,0.055,0.055,-0.8454395875989674,0.0286414119692524,-0.1908053224312653,2416.002283285758,7.818108418189539,0.0015000000000000013,0.025500000000000002,-0.030000000000000006,-0.002985238755761621,-0.020120414946594,-0.09273111590568095
2024-12-16,2420.3,103.95,75.75,18.71,7874.212500000001,7574.780525222223,89.1025,13.859,polymarket,0.0465,0.0465,-0.8890879226742965,0.010692045642513,-0.2159300160872733,2394.695803172545,7.791646778409614,-0.0085,-0.023000000000000007,-0.028499999999999998,-0.02646163977992444,-0.059306849496091774,-0.11043564873179279
2024-12-17,2377.15,102.9125,75.95,18.87,7816.204375,7585.364136126985,89.1025,14.07,polymarket,0.046,0.046,-0.8916554717963747,-0.0022542820283315,-0.2323033411091862,2382.520873988357,7.773657570123064,-0.0005000000000000004,-0.038500000000000006,-0.019000000000000003,-0.017989208286549818,-0.05771479536220392,-0.09631592352813712
2024-12-18,2409.35,102.9979,75.37,18.72,7762.951723,7594.995962841269,89.1025,14.1515,polymarket,0.0305,0.0305,-0.9712494945807987,0.0048279036827185,-0.2204862451537673,2397.7737791413574,7.787112280562972,-0.0155,-0.028000000000000004,-0.0295,0.01345471043990809,-0.0410699929155357,-0.07221715205495804
2024-12-19,2416.45,102.7763,74.76,18.86,7683.556188000001,7603.661816619047,89.1025,14.007,polymarket,0.0365,0.0365,-0.9404389051158604,0.0123449355450506,-0.220289700405045,2386.9828505626624,7.790054799988932,0.005999999999999998,-0.017,-0.0235,0.0029425194259591336,-0.030562097062139304,-0.05923460250720236
2024-12-20,2638.42,103.4207,74.33,17.45,7687.260630999999,7610.6380171111105,89.1025,13.9605,polymarket,0.028,0.028,-0.9840872401911895,0.0481328926949311,-0.129895416080353,2517.2571325532635,7.877935532128332,-0.008499999999999997,-0.027,-0.032,0.08788073213940084,0.06165298567519728,0.022227388078495114
2024-12-23,2702.48,103.4207,75.32,16.39,7789.647123999999,7620.003743428571,89.1025,13.845,polymarket,0.0195,0.0195,-1.027735575266519,0.0311915101715951,-0.0942448296525106,2620.73530798396,7.901925148930937,-0.0085,-0.027,-0.0325,0.023989616802604807,0.1165888526215757,0.06788267231466505
2024-12-24,2690.96,101.6143,74.82,16.57,7602.781926,7630.359817809524,89.1025,13.7,polymarket,0.0175,0.0175,-1.0380057717548317,0.0328371463669181,-0.101178813757456,2605.405904953799,7.89765328625374,-0.0019999999999999983,-0.028499999999999998,-0.05349999999999999,-0.004271862677197369,0.13201102160149758,0.09195528232596839
2024-12-25,2732.83,99.8729,75.85,16.58,7575.359465,7639.494721222222,89.1025,13.486,polymarket,0.0155,0.0155,-1.0482759682431444,0.0485183256758954,-0.0878026255981968,2606.373139199417,7.913092981285752,-0.0020000000000000018,-0.015,-0.0425,0.015439695032012146,0.13426027766825088,0.09669406231439703
2024-12-26,2766.57,99.6125,75.45,16.57,7515.763125,7648.783739079365,89.1025,13.4,polymarket,0.0105,0.0105,-1.0739514594639261,0.0602663541203147,-0.0768733142328086,2609.3160357761017,7.925363564747136,-0.004999999999999999,-0.025999999999999995,-0.044,0.0122705834613841,0.14489023153800007,0.08583214280107376
2024-12-27,2757.45,99.2295,75.61,16.65,7502.742495,7653.196909634921,89.1025,13.45,polymarket,0.007,0.007,-1.0919243033184733,0.05954777430067,-0.0813005372937594,2602.4782146515204,7.922061618596991,-0.0035000000000000005,-0.021,-0.0475,-0.0033019461501453407,0.045114121330189993,0.06960822342901474
2024-12-28,2786.67,100.5281,75.0,16.83,7539.6075,7656.26450663492,89.1025,13.6735,polymarket,0.009,0.009,-1.0816541068301606,0.0777170687243091,-0.0743510649208564,2585.715751257957,7.932602613582171,0.001999999999999999,-0.0105,-0.0325,0.010540994985180241,0.031152866996240425,0.077290334552371
2024-12-30,2883.04,100.5281,75.95,16.53,7635.109195,7658.199901793651,89.1025,13.705,polymarket,0.635,0.635,2.132917394011731,0.1024122979410506,-0.0379091228640628,2615.2103032455148,7.966600571978504,0.626,0.6175,0.5965,0.03399795839633324,0.07137973065374426,0.13521601486824908
2025-01-03,2828.5,100.5281,77.48,16.57,7788.917188,7661.919493666667,89.1025,13.7975,polymarket,0.64,0.64,2.158592885232513,0.0828445247085893,-0.0568990132058753,2612.101677995919,7.947501814783211,0.0050000000000000044,0.6245,0.5975,-0.019098757195293636,0.03500766604582073,0.13794546229914473
2025-01-06,2816.26,100.5281,77.25,16.48,7765.795725,7663.643057619048,89.1025,13.624,polymarket,0.595,0.595,1.927513464245476,0.0743966640860303,-0.0597386972077131,2621.2479004630395,7.943165042561278,-0.04500000000000004,0.5845,0.5585,-0.004336772221932961,0.01796086851227341,0.12164503371395119
2025-01-08,2840.79,100.5281,78.01,16.37,7842.197081,7669.184881126984,89.1025,13.51,polymarket,0.595,0.595,1.927513464245476,0.0788341959252387,-0.0501974396530322,2633.2035179545437,7.951837461487509,0.0,0.588,0.5655,0.008672418926231273,0.030223576130120167,0.12008374634792585
2025-01-09,2773.12,100.5281,78.3,16.72,7871.350229999999,7673.91579715873,89.1025,13.58,polymarket,0.595,0.595,1.927513464245476,0.0665589629306646,-0.0781604123838521,2600.062534170721,7.92772831911149,0.0,0.586,0.5255,-0.02410914237601869,-0.004862434375078606,0.07782299282130212
2025-01-10,2824.59,102.2911,79.5,16.73,8132.14245,7680.996451539682,89.1025,13.72,polymarket,0.59,0.59,1.9018379730246942,0.086136667506216,-0.0615675694581028,2600.58433206688,7.946118500304403,-0.0050000000000000044,-0.04500000000000004,0.5055,0.018390181192912358,-0.020273738831233623,0.11964721038549198
2025-01-13,2866.11,102.2911,79.13,16.67,8094.294742999999,7684.455234761905,89.1025,13.818,polymarket,0.565,0.565,1.7734605169207844,0.0993318610883511,-0.0470559582125221,2607.138118568235,7.960710988670426,-0.025000000000000022,-0.07500000000000007,0.5065,0.01459248836602356,0.013296800424253075,0.14072213775701092
2025-01-14,2859.51,102.7081,78.27,16.71,8038.962987,7690.894442492063,89.1025,13.9385,polymarket,0.575,0.575,1.8248114993623483,0.0978652887780233,-0.0501881357110141,2604.60917129712,7.958405560464136,0.010000000000000009,-0.020000000000000018,0.5215,-0.0023054282062897613,0.015357246845106642,0.1471859040451251
2025-01-15,2842.96,103.438,79.77,16.93,8251.24926,7703.203440920634,89.1025,13.902,polymarket,0.605,0.605,1.9788644466870398,0.0994070851717123,-0.0595920346273143,2585.902927445632,7.95260104190728,0.030000000000000027,0.010000000000000009,0.5499999999999999,-0.005804518556856486,0.0007638720215150663,0.14395622082729775
2025-01-16,2911.29,102.8078,79.01,16.9,8122.844278,7712.258239222222,89.1025,13.909,polymarket,0.605,0.605,1.9788644466870398,0.1237513700811989,-0.0370168149467312,2590.688721286844,7.976351560906651,0.0,0.010000000000000009,0.5585,0.023750518999371195,0.049824746134317976,0.2028632814113951
2025-01-17,2945.52,102.3762,78.58,17.0,8044.721796,7719.369241571429,89.1025,13.87,polymarket,0.61,0.61,2.004539937907822,0.1405571273532648,-0.027609303070466,2582.5273713691718,7.9880406509573625,0.0050000000000000044,0.020000000000000018,0.564,0.011689090050711393,0.04281329325672045,0.23909723828954843
2025-01-20,2929.55,102.3762,77.6,16.83,7944.393119999999,7727.750804428571,89.1025,13.8225,polymarket,0.62,0.62,2.0558909203493854,0.1264457618394687,-0.0307376471009882,2600.702225747727,7.982604106598194,0.010000000000000009,0.05500000000000005,0.5895,-0.005436544359168849,0.022134530775162142,0.2159088550853967
2025-01-21,2934.71,101.9579,78.04,16.94,7956.794516,7735.00305388889,89.1025,13.583,polymarket,0.65,0.65,2.209943867674077,0.1324064914459406,-0.0310981485965682,2591.569389762809,7.984363919884673,0.030000000000000027,0.07500000000000007,0.6135,0.0017598132864797833,0.026298211931414794,0.21447164228517046
2025-01-22,2972.62,99.9282,77.0,16.93,7694.4714,7736.442415603174,89.1025,13.5415,polymarket,0.64,0.64,2.158592885232513,0.1464744620013305,-0.0185053685599302,2592.8357748247427,7.997198997808961,-0.010000000000000009,0.03500000000000003,0.612,0.012835077924287397,0.045607395109322546,0.12666671720196176
2025-01-23,2926.1,98.2804,77.57,16.99,7623.610627999999,7735.255815095237,89.1025,13.5495,polymarket,0.655,0.655,2.235619358894859,0.1311679568506103,-0.0347144599013283,2586.795340408003,7.981425757346037,0.015000000000000013,0.050000000000000044,0.6355000000000001,-0.01577324046292361,0.005087091976408997,0.08274621828838691
2025-01-24,2947.94,99.0978,76.6,16.99,7590.89148,7736.099232238094,89.1025,13.469,polymarket,0.65,0.65,2.209943867674077,0.1395335743775949,-0.0275548960006315,2586.970727571712,7.988861900320559,-0.0050000000000000044,0.040000000000000036,0.6325000000000001,0.00743614297452222,0.0008215866807899097,0.09549751761453162
2025-01-27,2891.39,99.0978,77.18,16.8,7648.368204000001,7737.789743539683,89.1025,13.4645,polymarket,0.64,0.64,2.158592885232513,0.1096338220637025,-0.0434406179392837,2605.7154554126496,7.969492634336162,-0.010000000000000009,0.020000000000000018,0.6245,-0.019369265984397366,-0.01302589134850074,0.058020440349381364
2025-01-28,2931.97,97.132,76.68,16.81,7448.081760000001,7738.850132428572,89.1025,13.368,polymarket,0.645,0.645,2.184268376453295,0.1255309608875421,-0.0302248843090848,2604.9661021212446,7.983429831030594,0.0050000000000000044,-0.0050000000000000044,0.6345000000000001,0.01393719669443172,-0.0009336527288897889,0.05978522141135034
2025-01-29,2950.68,97.9658,75.7,16.92,7416.011060000001,7740.814593698413,89.1025,13.3965,polymarket,0.625,0.625,2.0815664115701673,0.1371888800625869,-0.0258306868800456,2594.7140811274944,7.989790931245445,-0.020000000000000018,-0.015000000000000013,0.618,0.006361100214851589,-0.007380694471543658,0.07007561333841039
2025-01-30,2967.47,98.0126,75.34,17.01,7384.269284000001,7739.689038523809,89.1025,13.231,polymarket,0.625,0.625,2.0815664115701673,0.1476074874982575,-0.0216141767490311,2585.788287656589,7.995465016912924,0.0,-0.030000000000000027,0.616,0.005674085667478401,0.014138272786302641,0.06488030516709897
2025-01-31,2948.1,98.0062,76.22,17.08,7470.032564,7739.486598269842,89.1025,13.354,polymarket,0.635,0.635,2.132917394011731,0.1431145315698572,-0.0290604440948649,2579.00666869428,7.988916174036491,0.010000000000000009,-0.015000000000000013,0.0,-0.006548842876433092,5.4275188775765315e-05,0.02256645762805931
2025-02-03,2926.17,98.0062,75.14,17.32,7364.185868,7738.118668333333,89.1025,13.267,polymarket,0.635,0.635,2.132917394011731,0.1449351481632104,-0.0398455568525271,2555.7517425282804,7.981449679687284,0.0,-0.0050000000000000044,-0.0050000000000000044,-0.007466494349206876,0.012028816589944702,0.03453066996641341
2025-02-04,2917.71,99.9433,75.8,17.41,7575.702139999999,7739.057797095238,89.1025,13.267,polymarket,0.625,0.625,2.0815664115701673,0.1453756822557743,-0.0440266914310453,2547.382527149241,7.978554341004763,-0.010000000000000009,-0.020000000000000018,0.030000000000000027,-0.002895338682520787,-0.004863624116208443,0.03602295242626741
2025-02-05,2930.56,98.5336,75.0,17.27,7390.02,7735.45652036508,89.1025,12.996,polymarket,0.615,0.615,2.0302154291286034,0.1447621998172394,-0.0375065946308187,2559.972717886616,7.982948810028676,-0.010000000000000009,-0.010000000000000009,0.020000000000000018,0.004394469023912606,-0.006818767199425202,0.031600364687287774
2025-02-06,2970.12,98.0556,74.7,17.17,7324.75332,7731.782592555555,89.1025,13.2425,polymarket,0.625,0.625,2.0815664115701673,0.1562393915787092,-0.0227787638893469,2568.7760005690943,7.996357635020928,0.010000000000000009,0.0,0.030000000000000027,0.013408824992252377,0.0008930166101088766,0.07103911839372268
2025-02-07,2966.53,96.9104,75.23,17.12,7290.569392,7723.557087666667,89.1025,13.2735,polymarket,0.615,0.615,2.0302154291286034,0.1534542450665723,-0.0227479573088017,2571.8662120219474,7.995148198575255,-0.010000000000000009,-0.020000000000000018,0.025000000000000022,-0.0012094364456727291,0.006251484006648544,0.05025154093160422
2025-02-10,3012.39,96.9104,76.22,17.16,7386.510687999999,7721.123582904762,89.1025,13.11,polymarket,0.645,0.645,2.184268376453295,0.1732636197862584,-0.0081320780488741,2567.5303906114364,8.010489062609418,0.030000000000000027,0.010000000000000009,0.08000000000000007,0.015340864034162571,0.029465137022114174,0.051037817808806896
2025-02-11,3018.02,96.7821,76.82,17.28,7434.800921999999,7720.997730650794,89.1025,12.915,polymarket,0.615,0.615,2.0302154291286034,0.1807391244278064,-0.0081472594137456,2556.043022172701,8.012356266211071,-0.030000000000000027,-0.010000000000000009,0.040000000000000036,0.0018672036016535998,0.03437970188949557,0.05543257411234781
2025-02-12,3025.63,95.8024,75.71,17.2,7253.199704,7719.110530714286,89.1025,12.66,polymarket,0.645,0.645,2.184268376453295,0.1803704304516749,-0.0042892262598064,2563.288542260608,8.01487461324372,0.030000000000000027,0.030000000000000027,0.040000000000000036,0.002518347032648194,0.03244089866783151,0.06425345414638262
2025-02-13,3206.97,94.0485,75.21,16.07,7073.387685,7715.64307815873,89.1025,12.28,polymarket,0.685,0.685,2.38967230621955,0.1998359234422164,0.0745400114055594,2672.840458718309,8.073081845112451,0.040000000000000036,0.06000000000000005,0.08000000000000007,0.05820723186873167,0.07974425275746433,0.10156322454994182
2025-02-14,3185.0,91.0313,76.01,16.69,6919.289113000001,7707.746496142858,89.1025,12.475,polymarket,0.685,0.685,2.38967230621955,0.2202587525466044,0.0572726799396483,2610.1021552626457,8.066207568006265,0.0,0.07000000000000006,0.07500000000000007,-0.00687427710618671,0.07364496566695755,0.08130313153534852
2025-02-17,3308.41,91.0313,75.0,16.62,6827.3475,7695.928099952382,89.1025,12.333,polymarket,0.74,0.74,2.6721027096481507,0.2654435894678664,0.1001695429271252,2614.427089074136,8.104222990422299,0.05499999999999994,0.09499999999999997,0.12,0.038015422416034284,0.09826748860539314,0.12932361625505617
2025-02-18,3258.76,91.4347,76.92,16.53,7033.157124,7690.975748904762,89.1025,12.4225,polymarket,0.735,0.735,2.6464272184273687,0.242774716441771,0.0854935858754419,2622.1647068346083,8.0891020339043,-0.0050000000000000044,0.12,0.08499999999999996,-0.015120956517998607,0.07976752970490586,0.11041976890391214
2025-02-19,3270.64,91.3398,77.24,16.57,7055.086151999999,7683.838705761905,89.1025,12.356,polymarket,0.71,0.71,2.5180497623234595,0.2498882333336118,0.0891957993510861,2616.7459719792582,8.092740963395336,-0.025000000000000022,0.06499999999999995,0.06999999999999995,0.003638929491035725,0.08097817644589722,0.10025499391109527
2025-02-20,3292.62,90.4268,75.73,16.45,6848.021564000001,7673.877133698414,89.1025,12.018,polymarket,0.67,0.67,2.312645832557205,0.2536819073364023,0.0991970211181345,2626.3599887116234,8.099438879422529,-0.039999999999999925,-0.015000000000000013,0.015000000000000013,0.0066979160271927185,0.02670745282930609,0.12525887700352012
2025-02-21,3283.29,88.5103,75.61,16.5,6692.263783,7656.054444285714,89.1025,12.0,polymarket,0.665,0.665,2.286970341336423,0.2542743355807524,0.0963057286035524,2617.680922634661,8.096601247441388,-0.0050000000000000044,-0.020000000000000018,0.015000000000000013,-0.0028376319811407313,0.0308602825745683,0.11375740347496888
2025-02-24,3303.63,88.5103,76.2,16.54,6744.4848600000005,7641.015525873016,89.1025,11.975,polymarket,0.695,0.695,2.4410232886611136,0.2654744375410698,0.1033270945430853,2610.586118530572,8.102777142897873,0.029999999999999916,-0.04500000000000004,0.05499999999999994,0.006175895456484781,-0.0014448027904642169,0.14257502446920012
2025-02-25,3326.14,88.2065,77.0,16.48,6791.900500000001,7627.064836,89.1025,11.689,polymarket,0.725,0.725,2.595076235985805,0.2726954824352392,0.1127611916984563,2613.4609935407307,8.109567751470733,0.030000000000000027,-0.010000000000000009,0.07999999999999996,0.0067906085728601795,0.020676576366470467,0.13443861976759663
2025-02-26,3276.0,86.6318,76.49,16.32,6626.466382,7607.450761111111,89.1025,11.911,polymarket,0.735,0.735,2.6464272184273687,0.2480516404901038,0.099957974291567,2624.89138567498,8.09437844497296,0.010000000000000009,0.025000000000000022,0.10999999999999999,-0.015189306497772392,0.0016388229826578282,0.11025255195412598
2025-02-27,3232.65,85.9279,76.11,16.34,6539.972468999999,7586.338029444445,89.1025,12.0195,polymarket,0.705,0.705,2.4923742711026775,0.2345870581674896,0.0863469825046339,2618.405869893255,8.08105751328169,-0.030000000000000027,0.03499999999999992,0.07999999999999996,-0.013320931691270133,-0.018213459190553394,0.08936231874290224
2025-02-28,3200.48,87.6967,75.12,16.41,6587.7761040000005,7561.344857634921,89.1025,12.123,polymarket,0.705,0.705,2.4923742711026775,0.2280124492530406,0.0758634864959129,2606.227650173046,8.071056077538943,0.0,0.039999999999999925,0.06999999999999995,-0.010001435742747589,-0.02522165267155807,0.08560767952240433
2025-03-03,3145.73,87.6967,75.68,16.31,6636.886256000001,7536.294200523809,89.1025,12.0945,polymarket,0.595,0.595,1.927513464245476,0.2049973631989803,0.0606243486491002,2610.570027845404,8.053801256667555,-0.10999999999999999,-0.09999999999999998,-0.040000000000000036,-0.017254820871388077,-0.04779590934820188,0.07503323456942002
2025-03-04,3241.63,89.2497,72.87,16.1,6503.625639000001,7508.676068031747,89.1025,12.16,polymarket,0.645,0.645,2.184268376453295,0.2348644692356387,0.0982955358012414,2625.0897007398044,8.083831568700582,0.050000000000000044,-0.07999999999999996,0.020000000000000018,0.030030312033026973,-0.025407830097350037,0.11101857278482097
2025-03-05,3263.62,89.2448,72.33,15.62,6455.076384,7477.831317174603,89.1025,12.228,polymarket,0.705,0.705,2.4923742711026775,0.224320083793964,0.1160911242594888,2665.659122315943,8.090592287737854,0.05999999999999994,-0.030000000000000027,0.08999999999999997,0.006760719037272267,-0.0037789987789987878,0.11365063332605363
2025-03-06,3207.7,89.7878,72.41,15.3,6501.534598,7452.559896253969,89.1025,12.273,polymarket,0.735,0.735,2.6464272184273687,0.1915765107224509,0.1041006461085445,2691.979886423891,8.073309448404016,0.030000000000000027,0.030000000000000027,0.10999999999999999,-0.017282839333837785,-0.007718125995700209,0.07999003407269734
2025-03-07,3166.88,89.5724,72.89,15.22,6528.932236000001,7428.876790555555,89.1025,12.132,polymarket,0.71,0.71,2.5180497623234595,0.1752331158995288,0.0929058852075357,2694.6824056911087,8.060502155072426,-0.025000000000000022,0.0050000000000000044,0.09499999999999997,-0.012807293331590586,-0.010498425236214581,0.06753681911189169
2025-03-10,3200.81,89.5724,72.2,14.91,6467.127280000001,7409.618889079365,89.1025,11.875,polymarket,0.72,0.72,2.5694007447650233,0.1760716968942246,0.1112489577271167,2721.611283098397,8.071159181757091,0.010000000000000009,0.125,0.07499999999999996,0.010657026684665283,0.017509449317010706,0.06254834201414816
2025-03-11,3200.95,88.3872,72.24,15.18,6385.091328,7387.893711746032,89.1025,11.85,polymarket,0.715,0.715,2.5437252535442414,0.1901935754295367,0.1079689631839246,2689.436463177671,8.071202919729155,-0.0050000000000000044,0.06999999999999995,0.09999999999999998,4.373797206369545e-05,-0.01254924220222553,0.06061258706039063
2025-03-12,3183.97,86.5669,72.47,15.07,6273.503243,7368.821458492064,89.1025,11.936,polymarket,0.775,0.775,2.8518311481936243,0.1809313283299936,0.1052190359352456,2696.1516928360184,8.065884124809333,0.06000000000000005,0.07000000000000006,0.13,-0.005318794919821457,-0.024405414846091156,0.05233290256905154
2025-03-13,3121.57,86.6204,71.77,15.18,6216.746108,7345.555709095239,89.1025,11.83,polymarket,0.76,0.76,2.7748046745312784,0.1648335874254367,0.0831426092457237,2679.84202524536,8.04609135936649,-0.015000000000000013,0.025000000000000022,0.07499999999999996,-0.01979276544284403,-0.026851014745767898,-0.02662949762548439
2025-03-14,3195.08,86.619,72.72,14.92,6298.93368,7319.48296068254,89.1025,11.801,polymarket,0.735,0.735,2.6464272184273687,0.1833764330261191,0.1148859132332389,2699.96926660908,8.069367405621792,-0.025000000000000022,0.025000000000000022,0.04999999999999993,0.023276046255302774,0.008904663264790447,0.0031648351648352335
2025-03-17,3245.19,86.619,72.65,14.75,6292.87035,7292.600291634921,89.1025,11.35,polymarket,0.735,0.735,2.6464272184273687,0.1970777891528172,0.137188396807524,2710.926582554548,8.084929179041985,0.0,0.015000000000000013,-0.0050000000000000044,0.015561773420193603,0.013865240361033537,-0.019108877073881314
2025-03-18,3257.49,84.3059,72.5,14.61,6112.17775,7264.631486079365,89.1025,11.219,polymarket,0.75,0.75,2.7234536920897146,0.1982189976653261,0.1458928906512464,2718.6098754460304,8.088712239155456,0.015000000000000013,0.03500000000000003,0.015000000000000013,0.0037830601134700714,0.017663506146612606,-0.00038971878874183297
2025-03-19,3229.79,81.5018,71.9,14.68,5859.979420000001,7233.58029631746,89.1025,11.496,polymarket,0.735,0.735,2.6464272184273687,0.1943115260575942,0.1369711683448411,2704.3111696840874,8.080172398623228,-0.015000000000000013,-0.040000000000000036,0.025000000000000022,-0.008539840532227672,0.014390839109664988,-0.012489910231636592
2025-03-20,3223.14,82.8487,73.46,14.77,6086.065502,7206.963054714286,89.1025,11.5025,polymarket,0.695,0.695,2.4410232886611136,0.1986029722813596,0.1348051462954178,2689.080600113347,8.078111318662922,-0.040000000000000036,-0.06500000000000006,0.02499999999999991,-0.0020610799603062446,0.03253811383374372,-0.02110173661096637
2025-03-21,3191.61,84.3955,75.0,14.93,6329.662499999999,7185.472678714285,89.1025,11.466,polymarket,0.695,0.695,2.4410232886611136,0.1961983540288254,0.1223043190814976,2668.12773086552,8.068280770653931,0.0,-0.040000000000000036,0.029999999999999916,-0.009830548008990192,-0.001086044793870533,-0.027923211169284423
2025-03-24,3178.66,84.3955,72.91,15.2,6153.275905,7161.123714809524,89.1025,11.6045,polymarket,0.705,0.705,2.4923742711026775,0.2059407554950811,0.1146202226891248,2635.834294110947,8.064215003319386,0.010000000000000009,-0.030000000000000027,0.010000000000000009,-0.004065767334545001,-0.02050111087486406,-0.03782808607501453
2025-03-25,3164.62,83.8737,74.38,15.26,6238.525806,7136.502741507937,89.1025,11.489,polymarket,0.68,0.68,2.3639968149987682,0.205882762270382,0.1102777736564339,2624.318133581904,8.05978826417896,-0.02499999999999991,-0.06999999999999995,-0.04499999999999993,-0.004426739140425795,-0.02850968076647964,-0.04856079419387038
2025-03-26,3146.31,84.193,74.45,15.39,6268.16885,7115.318406968254,89.1025,11.45,polymarket,0.655,0.655,2.235619358894859,0.2069598769061986,0.1029934355959909,2606.8057937973376,8.0539856165895,-0.025000000000000022,-0.07999999999999996,-0.07999999999999996,-0.0058026475894603635,-0.025846881685806178,-0.039587912087912125
2025-03-27,3083.99,84.2065,75.5,15.51,6357.59075,7095.988744825398,89.1025,11.42,polymarket,0.635,0.635,2.132917394011731,0.1903699837773489,0.0803571552501529,2590.7827331244607,8.03397949213581,-0.020000000000000018,-0.05999999999999994,-0.06999999999999995,-0.020006124453690433,-0.04317218612905427,-0.045987038497826926
2025-03-28,3025.65,83.8347,74.71,15.55,6263.290437,7076.108225968254,89.1025,11.685,polymarket,0.605,0.605,1.9788644466870398,0.1716369253542073,0.0605200687230413,2582.4126352839985,8.014881223415452,-0.030000000000000027,-0.08999999999999997,-0.09999999999999998,-0.01909826872035758,-0.05199883444405806,-0.05462618107283901
2025-03-31,3013.36,83.8347,75.24,15.72,6307.722827999999,7057.139659825397,89.1025,11.681,polymarket,0.535,0.535,1.6194075695960937,0.1762588903911088,0.0545947619583147,2561.816981462347,8.010811014236477,-0.06999999999999995,-0.16999999999999993,-0.05999999999999994,-0.004070209178975048,-0.052003045308400275,-0.04207926300095677
2025-04-01,2964.43,85.4963,75.75,15.54,6476.344725000001,7040.262472920635,89.1025,11.473,polymarket,0.495,0.495,1.4140036398298383,0.1511321333704007,0.0414774712417034,2575.229996681999,7.994440050117752,-0.040000000000000036,-0.18500000000000005,-0.15000000000000002,-0.016370964118725517,-0.06325877988510475,-0.08551253536029724
2025-04-02,2926.39,84.8707,74.02,15.67,6282.129214,7018.786600206349,89.1025,11.511,polymarket,0.49,0.49,1.3883281486090564,0.1440531314546187,0.0273476850896083,2557.9144180823223,7.981524860462911,-0.0050000000000000044,-0.16500000000000004,-0.21499999999999997,-0.01291518965484073,-0.06989775324109837,-0.10333004455175543
2025-04-03,2859.58,84.5522,70.79,16.01,5985.450238,6990.160140682539,89.1025,11.58,polymarket,0.45,0.45,1.1829242188428017,0.1350766883840315,0.0002741203989424,2519.2835244207886,7.958430039883066,-0.03999999999999998,-0.185,-0.285,-0.023094820579845354,-0.07276612440377561,-0.10852635844997971
2025-04-04,2781.97,84.383,65.52,16.18,5528.774159999999,6954.651861873016,89.1025,11.7195,polymarket,0.455,0.455,1.2085997100635835,0.1148164305953143,-0.0273660233192829,2495.451200440616,7.93091458881633,0.0050000000000000044,-0.14999999999999997,-0.25499999999999995,-0.027515451066735253,-0.08053806620065118,-0.12154233820037397
2025-04-07,2729.89,84.383,63.9,16.36,5392.0737,6915.761014555556,89.1025,11.581,polymarket,0.435,0.435,1.105897745180456,0.1051597196785263,-0.0459979358892211,2470.131648296124,7.912016594326926,-0.020000000000000018,-0.10000000000000003,-0.285,-0.018897994489404546,-0.0940710701675207,-0.1471252589188362
2025-04-08,2746.41,86.1891,65.0,16.16,5602.291499999999,6879.74420931746,89.1025,11.619,polymarket,0.465,0.465,1.2599506925051474,0.107176904805065,-0.0350524125998323,2480.5521033547448,7.91804988326706,0.030000000000000027,-0.02999999999999997,-0.24999999999999994,0.00603328894013444,-0.07354533586557954,-0.1420015932769959
2025-04-09,2650.69,85.4641,62.48,16.54,5339.796968,6835.42126515873,89.1025,11.546,polymarket,0.48,0.48,1.3369771661674927,0.0882007498556869,-0.0716853334885603,2435.8465111805194,7.882575262446458,0.014999999999999958,-0.010000000000000009,-0.29500000000000004,-0.03547462082060271,-0.09421163959690948,-0.16748901528594795
2025-04-10,2764.28,86.0923,64.07,16.26,5515.933660999999,6794.494898777779,89.1025,11.529,polymarket,0.475,0.475,1.3113016749467108,0.1272498657919916,-0.0251346339323034,2452.23360311323,7.924535482217015,-0.0050000000000000044,0.024999999999999967,-0.28500000000000003,0.04196021977055775,-0.03332657243371395,-0.11445842957229857
2025-04-11,2829.92,85.0159,65.09,15.96,5533.684931000001,6754.728580428572,89.1025,11.25,polymarket,0.435,0.435,1.105897745180456,0.1453546275379089,0.0052516457509053,2470.780605377469,7.948003721686484,-0.03999999999999998,-0.020000000000000018,-0.3,0.02346823946946852,0.017235987447743906,-0.11428821813538315
2025-04-14,2819.69,85.0159,65.78,15.89,5592.345902,6712.523765222222,89.1025,11.1975,polymarket,0.425,0.425,1.054546762738892,0.1426847425829933,0.0054046557125597,2467.6009882010003,7.944382228811501,-0.010000000000000009,-0.010000000000000009,-0.31,-0.0036214928749824793,0.03289509833729576,-0.13111713027588523
2025-04-15,2805.55,82.7671,65.1,16.02,5388.138209999999,6669.1157323968255,89.1025,11.228,polymarket,0.435,0.435,1.105897745180456,0.1470969018117769,0.001081674516749,2445.782911250817,7.939354877167307,0.010000000000000009,-0.030000000000000027,-0.315,-0.005027351644194766,0.021533565636594698,-0.1387387221449643
2025-04-16,2861.83,82.3003,65.32,15.89,5375.855595999999,6626.752776841269,89.1025,11.2655,polymarket,0.44,0.44,1.1315732364012379,0.1690737287883976,0.0260390102005869,2447.94654907346,7.9592165593305415,0.0050000000000000044,-0.03999999999999998,-0.295,0.019861682163234917,0.07965473140955748,-0.11392691165679503
2025-04-17,2865.32,82.5892,66.48,15.87,5490.530016000001,6587.80256884127,89.1025,11.0615,polymarket,0.445,0.445,1.1572487276220198,0.173922391061996,0.0301990909435865,2440.80871258267,7.960435315756336,0.0050000000000000044,-0.02999999999999997,-0.24999999999999994,0.0012187564257946093,0.03655201354421411,-0.11101596579732798
2025-04-18,2872.77,82.02,67.75,16.0,5556.855,6549.708290809524,89.1025,11.038,polymarket,0.485,0.485,1.3626526573882747,0.1869658758507095,0.0333166592285651,2420.2633440839727,7.9630320000837465,0.03999999999999998,0.04999999999999999,-0.20999999999999996,0.002596684327410337,0.015141770792107101,-0.0998994238017803
2025-04-21,2922.46,82.02,66.44,15.92,5449.408799999999,6514.07237652381,89.1025,11.13,polymarket,0.51,0.51,1.4910301134921842,0.2079917449426154,0.0549651168289511,2419.27149935849,7.980181006340667,0.025000000000000022,0.08500000000000002,-0.19499999999999995,0.017149006256920174,0.03644726902602757,-0.08060000125839184
2025-04-22,2954.49,80.7597,67.99,15.88,5490.852002999999,6480.219065015873,89.1025,11.133,polymarket,0.525,0.525,1.5680565871545298,0.2233687689004624,0.0695721440726215,2415.044486263477,7.991081326112544,0.015000000000000013,0.09000000000000002,-0.15500000000000003,0.010900319771877776,0.053087629876494624,-0.06639975731683434
2025-04-23,2943.23,81.462,67.6,15.93,5506.8312,6447.138743111112,89.1025,11.375,polymarket,0.615,0.615,2.0302154291286034,0.2248722717085782,0.0669823054492457,2402.8872789278503,7.987262896725841,0.08999999999999997,0.175,-0.040000000000000036,-0.0038184293867029595,0.02844333870285798,-0.06454545165606695
2025-04-24,2944.43,82.3637,68.19,15.86,5616.380703,6414.884973253969,89.1025,11.354,polymarket,0.585,0.585,1.8761624818039122,0.2259954315184587,0.0708812330932053,2401.6647405881204,7.987670528965684,-0.030000000000000027,0.13999999999999996,-0.050000000000000044,0.0004076322398427479,0.027609481663479096,-0.0452530650229086
2025-04-25,3006.14,82.8559,67.93,15.77,5628.401287000001,6386.001156222223,89.1025,11.329,polymarket,0.605,0.605,1.9788644466870398,0.2510027775922605,0.0969834311172666,2402.9842729732063,8.008412142748034,0.020000000000000018,0.12,0.0,0.02074161378234951,0.04642557531581004,-0.006448201212962523
2025-04-28,3034.3,82.8559,68.0,15.87,5634.2012,6357.718460031746,89.1025,11.2,polymarket,0.61,0.61,2.004539937907822,0.2709413166407948,0.107610861286854,2387.4430394787314,8.017736034387408,0.0050000000000000044,0.09999999999999998,0.07499999999999996,0.009323891639374082,0.03826912943205385,0.006949053548198636
2025-04-29,2957.66,82.5467,66.32,16.1,5474.497144,6327.404616539682,89.1025,11.17,polymarket,0.62,0.62,2.0558909203493854,0.2532280640123006,0.0779258135248424,2360.0333290740687,7.99215369413561,0.010000000000000009,0.09499999999999997,0.125,-0.025582340251797397,0.0010729432152418727,-0.0022837442611226555
2025-04-30,2918.47,81.5616,66.2,16.04,5399.37792,6294.537082507936,89.1025,11.165,polymarket,0.575,0.575,1.8248114993623483,0.2378615127892813,0.0670141913257715,2357.670845928308,7.978814785337973,-0.04500000000000004,-0.040000000000000036,0.08499999999999996,-0.013338908797637217,-0.008412526374085738,-0.002706406186461896
2025-05-02,2836.7,81.5616,64.5,16.35,5260.7232,6261.148786190476,89.1025,11.41,polymarket,0.565,0.565,1.7734605169207844,0.2211978655592528,0.0344107547646348,2322.8831952641194,7.950396683711585,-0.010000000000000009,-0.020000000000000018,0.11499999999999994,-0.02841810162638847,-0.036587726656772235,-0.008001174997727012
2025-05-05,2738.8,81.5616,63.52,16.41,5180.792832,6223.134352730159,89.1025,11.208,polymarket,0.5,0.5,1.4396791310506203,0.1861759873299266,0.0003614692610129,2308.932257316234,7.915275147246908,-0.06499999999999995,-0.10499999999999998,0.044999999999999984,-0.03512153646467642,-0.0889313205639124,-0.015517780565570294
2025-05-06,2820.07,81.9137,64.65,16.43,5295.720705000001,6189.891506777777,89.1025,11.235,polymarket,0.5,0.5,1.4396791310506203,0.226362938204238,0.0320749284266415,2299.539485537149,7.944516986319117,0.0,-0.10999999999999999,0.065,0.029241839072208897,-0.07060277493985434,0.03303429808527092
2025-05-07,2833.09,80.9644,65.0,16.14,5262.686,6157.160279476191,89.1025,11.195,polymarket,0.48,0.48,1.3369771661674927,0.2228006753661242,0.0439416009569972,2316.8861917349955,7.949123267769257,-0.020000000000000018,-0.14,0.014999999999999958,0.004606281450139527,-0.042117755252462974,0.03156120171423793
2025-05-08,2850.93,80.8612,66.64,16.02,5388.590368,6126.970136238095,89.1025,11.2375,polymarket,0.46,0.46,1.2342752012843654,0.2287577079012794,0.0547094458885051,2320.1726277423672,7.955400535822752,-0.019999999999999962,-0.11499999999999994,-0.019999999999999962,0.00627726805349571,-0.023142262898025345,0.07554259456971568
2025-05-12,2930.17,80.8612,68.28,16.02,5521.202736,6097.362073507937,89.1025,11.149,polymarket,0.565,0.565,1.7734605169207844,0.2667202903790833,0.086265005453312,2313.194177321582,7.982815720805806,0.10499999999999993,0.0,0.08999999999999997,0.027415184983053287,0.03295025910388838,0.06001201036074488
2025-05-13,2935.53,80.8883,68.0,16.19,5500.4044,6066.657366809524,89.1025,11.118,polymarket,0.565,0.565,1.7734605169207844,0.2811218853608672,0.0876809383764627,2291.3744847728663,7.984643295176087,0.0,0.06499999999999995,0.12999999999999995,0.0018275743702815817,0.07183072878632979,0.03731907615762986
2025-05-14,2924.21,80.55,68.86,16.02,5546.673,6039.569641349206,89.1025,11.06,polymarket,0.58,0.58,1.8504869905831303,0.2716523038780574,0.0884648411051967,2299.535801635611,7.980779637716222,0.015000000000000013,0.07999999999999996,0.15499999999999997,-0.0038636574598651663,0.03692816135769683,0.03706790462781373
2025-05-15,2840.05,80.2237,68.89,16.13,5526.610693,6015.017625603175,89.1025,11.117,polymarket,0.545,0.545,1.6707585520376576,0.2432744499881665,0.0571428334524477,2284.330704316357,7.951576936634077,-0.03499999999999992,0.06500000000000006,0.11000000000000004,-0.029202701082144955,0.002456681573829389,0.012297054053572287
2025-05-16,2840.34,80.3134,64.34,16.08,5167.364156000001,5987.209292952381,89.1025,11.1785,polymarket,0.545,0.545,1.6707585520376576,0.2446670198638798,0.0601753238907991,2282.0079223362304,7.951679042299446,0.0,0.08500000000000002,0.10500000000000004,0.00010210566536894561,-0.003714577348444048,-0.007509181188260605
2025-05-19,2882.63,80.3134,66.98,15.98,5379.391532000001,5964.225864888888,89.1025,11.079,polymarket,0.505,0.505,1.4653546222714022,0.2615116128809791,0.07942391241519,2285.060217096844,7.966458350866061,-0.040000000000000036,-0.05999999999999994,0.06,0.014779308566614802,-0.016224314630209125,0.006041210056817459
2025-05-20,2823.42,80.4137,67.57,16.01,5433.553709,5938.835334492063,89.1025,11.1725,polymarket,0.49,0.49,1.3883281486090564,0.2402685598097165,0.0586762952587103,2276.458576385402,7.945704195083011,-0.015000000000000013,-0.07499999999999996,0.0050000000000000044,-0.020754155783049733,-0.03819071854145595,-0.017178541964723903
2025-05-21,2809.58,80.3075,68.08,15.97,5467.3346,5913.632928904762,89.1025,11.0545,polymarket,0.49,0.49,1.3883281486090564,0.2356129686418195,0.0560630346440358,2273.834988223115,7.940790284964436,0.0,-0.08999999999999997,-0.020000000000000018,-0.0049139101185753375,-0.03920033102957721,-0.03862499401189412
2025-05-22,2792.16,79.753,66.71,15.89,5320.32263,5889.38373947619,89.1025,11.0525,polymarket,0.435,0.435,1.105897745180456,0.2274270151975164,0.052680073879241,2274.8073534544847,7.934570768830561,-0.05499999999999999,-0.11000000000000004,-0.09000000000000002,-0.006219516133874947,-0.016862379183465226,-0.05494349278555688
2025-05-23,2770.1,79.7357,66.01,15.78,5263.353557,5866.702624777778,89.1025,11.022,polymarket,0.415,0.415,1.0031957802973284,0.2156590100804161,0.0478955864750485,2278.681749594203,7.926638699612789,-0.020000000000000018,-0.13000000000000006,-0.2,-0.00793206921777223,-0.02472943380017889,-0.05882312969084991
2025-05-26,2699.84,79.7357,67.4,16.05,5374.18618,5844.951852079365,89.1025,11.09,polymarket,0.415,0.415,1.0031957802973284,0.1995801851728003,0.0185957248902184,2250.654048283639,7.900947790977262,0.0,-0.09000000000000002,-0.16999999999999998,-0.02569090863552681,-0.06341084356993443,-0.08306870939366862
2025-05-27,2736.75,79.6588,66.91,16.08,5329.970308,5821.746610936509,89.1025,11.1185,polymarket,0.385,0.385,0.8491428329726372,0.2203557489546508,0.0337848697514719,2242.5837730877106,7.914526363984667,-0.02999999999999997,-0.10499999999999998,-0.21999999999999997,0.013578573007404948,-0.03069681450156192,-0.08961325819822097
2025-05-28,2785.2,79.6176,67.18,15.92,5348.710368,5801.464769444445,89.1025,11.0135,polymarket,0.385,0.385,0.8491428329726372,0.2372557597350466,0.0563103799348625,2251.110959141091,7.932074963068391,0.0,-0.10499999999999998,-0.22499999999999998,0.017548599083724525,-0.008677453569572724,-0.08209471706818716
2025-05-29,2809.94,79.6037,66.56,15.77,5298.422272000001,5781.7576234603175,89.1025,10.86,polymarket,0.405,0.405,0.9518447978557647,0.2439138190581153,0.0697635692671962,2258.950706189333,7.9409184097866605,0.020000000000000018,-0.02999999999999997,-0.21499999999999997,0.008843446718269199,0.006367829923786594,-0.04994488886484583
2025-05-30,2828.83,78.497,66.0,15.58,5180.802,5759.424701174603,89.1025,10.903,polymarket,0.405,0.405,0.9518447978557647,0.2464325985813644,0.0819651036579178,2269.541091286967,7.9476184775907095,0.0,-0.009999999999999953,-0.16999999999999993,0.00670006780404897,0.021201400671455817,-0.03071472381076379
2025-06-02,2829.67,78.497,67.5,15.51,5298.5475,5738.181228857143,89.1025,10.89,polymarket,0.39,0.39,0.874818324193419,0.2464138252194476,0.0851877861877024,2270.249208365287,7.947915376064216,-0.015000000000000013,-0.024999999999999967,-0.17499999999999993,0.0002968984735067792,0.048088034846509364,-0.0024782317481579774
2025-06-03,2834.06,79.1285,67.9,15.34,5372.825150000001,5720.232014746032,89.1025,10.904,polymarket,0.38,0.38,0.8234673417518552,0.2428793197060448,0.0912407351570712,2280.237473635242,7.949465591515574,-0.010000000000000009,-0.0050000000000000044,-0.12,0.001550215451358028,0.03555677354526354,0.03478165619979534
2025-06-04,2836.64,78.8549,67.89,15.2,5353.459161,5702.7460270793645,89.1025,11.008,polymarket,0.315,0.315,0.48968595588169067,0.2398926275802164,0.0960738454212053,2287.811006293349,7.95037553215007,-0.065,-0.07,-0.185,0.0009099406344956762,0.018469050696538813,0.005875740673103813
2025-06-05,2856.61,78.5025,67.36,15.23,5287.9284,5683.482436634919,89.1025,10.968,polymarket,0.295,0.295,0.38698399099856307,0.252651781969281,0.1048612570251337,2280.450194633622,7.957390886087527,-0.020000000000000018,-0.11000000000000004,-0.185,0.007015353937457114,0.01660889556360634,0.008301889456388656
2025-06-06,2786.16,79.1272,68.87,15.43,5449.490264000001,5666.348437079365,89.1025,11.007,polymarket,0.265,0.265,0.23293104367387188,0.2332162215916207,0.0756081909996453,2259.2631780371084,7.93241958269789,-0.02999999999999997,-0.14,-0.195,-0.024971303389636823,-0.015083974646762144,-0.022718902252949036
2025-06-09,2737.76,79.1272,68.01,15.35,5381.440872,5649.115319492064,89.1025,10.96,polymarket,0.245,0.245,0.13022907879074425,0.2104748897888007,0.0596301473721914,2261.723909430021,7.91489534678366,-0.020000000000000018,-0.14500000000000002,-0.31999999999999995,-0.017524235914230246,-0.03248081931815361,-0.06566513205718438
2025-06-10,2722.37,79.1543,68.33,15.15,5408.613319,5633.615668555555,89.1025,10.81,polymarket,0.245,0.245,0.13022907879074425,0.196771304329572,0.058235442314753,2274.762095440669,7.909258103437469,0.0,-0.135,-0.31999999999999995,-0.005637243346191312,-0.0394098925216827,-0.07261380398088257
2025-06-11,2733.2,78.6003,67.07,15.04,5271.722121,5617.714380904761,89.1025,10.96,polymarket,0.245,0.245,0.13022907879074425,0.1987197487518466,0.0655699993117628,2280.0992499255253,7.913228362906623,0.0,-0.07,-0.33499999999999996,0.0039702594691544135,-0.036465677703198196,-0.06532020614114586
2025-06-13,2750.32,78.6003,73.21,15.07,5754.327963,5610.374410349205,89.1025,10.894,polymarket,0.225,0.225,0.027527113907616762,0.2085602848294874,0.0723354683661272,2275.699470290004,7.919472547527258,-0.01999999999999999,-0.06999999999999998,-0.32000000000000006,0.006244184620634918,-0.03720843937394325,-0.031594514181088384
2025-06-16,2737.83,78.6003,72.59,15.21,5705.595777,5600.956348396826,89.1025,10.89,polymarket,0.255,0.255,0.18158006123230808,0.2106320518331108,0.0658781956766929,2261.488117594806,7.914920914804642,0.03,-0.010000000000000009,-0.29000000000000004,-0.004551632722615828,-0.01734645533637691,-0.03609074969897974
2025-06-17,2788.94,78.5067,76.05,15.26,5970.434534999999,5595.838319587301,89.1025,10.89,polymarket,0.245,0.245,0.13022907879074425,0.2362358838635678,0.0853444454365026,2255.993404174466,7.933416874308951,-0.010000000000000009,0.0,-0.26,0.0184959595043086,0.018694114896850023,-0.0325015697470713
2025-06-18,2791.83,78.7135,76.6,15.05,6029.454099999999,5594.525245777778,89.1025,10.874,polymarket,0.235,0.235,0.07887809634918044,0.2280448175997684,0.0901765701150516,2273.3942279538887,7.934452573776349,-0.010000000000000009,-0.010000000000000009,-0.255,0.0010356994673985653,0.025514533292682495,-0.011188558556644135
2025-06-19,2783.81,78.7174,77.5,14.95,6100.5985,5598.344596253968,89.1025,10.845,polymarket,0.255,0.255,0.18158006123230808,0.2194425330013441,0.0884411505630462,2282.8546033640205,7.931575771998932,0.020000000000000018,0.010000000000000009,-0.235,-0.002876801777417448,0.018516756914971566,-0.009172189437567146
2025-06-20,2751.04,78.4839,77.03,14.92,6045.614817000001,5597.702521888888,89.1025,10.8985,polymarket,0.24,0.24,0.10455358756996234,0.2038264198970683,0.0761892354912172,2285.246406400704,7.91973430098608,-0.015000000000000013,0.014999999999999986,-0.195,-0.011841471012852267,0.00026178771924723065,-0.014726949745000217
2025-06-23,2759.67,78.4839,76.41,14.98,5996.954799,5592.421447269841,89.1025,10.8695,polymarket,0.235,0.235,0.07887809634918044,0.2110178337190027,0.0789798176293059,2278.8021143546075,7.922866386345314,-0.0050000000000000044,-0.020000000000000018,-0.18,0.00313208535923426,0.007977120566287965,-0.003765207032237039
2025-06-24,2744.95,78.2923,68.29,15.01,5346.581167,5579.616768888889,89.1025,10.91,polymarket,0.225,0.225,0.027527113907616762,0.2076265012764666,0.0737663285580727,2273.0123900879744,7.91751813884149,-0.009999999999999981,-0.01999999999999999,-0.18999999999999997,-0.005348247503824233,-0.01577301770565165,0.016708397534668684
2025-06-25,2790.78,78.3892,68.34,14.82,5357.117928000001,5565.626167650794,89.1025,10.891,polymarket,0.245,0.245,0.13022907879074425,0.2210272206050736,0.0961372355874181,2285.600151171932,7.934076405635504,0.01999999999999999,0.010000000000000009,-0.14,0.016558266794014287,-0.000376097398480435,0.019742395176760796
2025-06-26,2797.27,78.1959,68.3,14.78,5340.77997,5550.905709238095,89.1025,10.9155,polymarket,0.245,0.245,0.13022907879074425,0.2240571097618411,0.1006202107325673,2285.244681552686,7.936399220541616,0.0,-0.010000000000000009,-0.14,0.0023228149061118586,0.00483510009663024,0.004333620565848184
2025-06-27,2806.11,78.2117,68.1,14.6,5326.216769999999,5534.53469368254,89.1025,10.925,polymarket,0.245,0.245,0.13022907879074425,0.2219546567304784,0.1086268603292388,2296.4109057108267,7.93955446160466,0.0,0.0050000000000000044,-0.16000000000000003,0.0031552410630437677,0.020017884145632214,-0.0013630184274396884
2025-06-30,2847.38,78.2117,68.06,14.52,5323.088302,5519.610850269841,89.1025,10.92,polymarket,0.26,0.26,0.20725555245309,0.2383108432590763,0.1276465815564931,2299.406498376497,7.954154552203303,0.015000000000000013,0.025000000000000022,-0.14500000000000002,0.014600090598642979,0.0317827856229187,0.00655748136155232
2025-07-01,2848.44,78.5284,68.17,14.53,5353.281028,5504.460980428571,89.1025,10.939,polymarket,0.235,0.235,0.07887809634918044,0.241353590502706,0.1292108542690035,2294.624208438853,7.9545267549808605,-0.025000000000000022,0.009999999999999981,-0.15500000000000003,0.0003722027775578951,0.03770196178436769,0.006633282326207635
2025-07-02,2815.26,78.4181,68.08,14.44,5338.704248,5486.403195079365,89.1025,10.947,polymarket,0.225,0.225,0.027527113907616762,0.2252848818433046,0.1192063715896196,2297.6370978843347,7.942809898653235,-0.009999999999999981,-0.01999999999999999,-0.155,-0.011716856327625536,0.008771741233633668,-0.00663359279620046
2025-07-03,2823.34,78.654,68.03,14.48,5350.83162,5471.620693587301,89.1025,10.97,polymarket,0.225,0.225,0.027527113907616762,0.2327018669767071,0.1230025586509577,2290.367262057006,7.945675860250291,0.0,-0.01999999999999999,-0.09,0.002865961597056099,0.009319801091778768,-0.004688645721698803
2025-07-04,2801.65,78.7831,67.93,14.49,5351.7359830000005,5461.5617371587305,89.1025,10.953,polymarket,0.235,0.235,0.07887809634918044,0.2250888981717669,0.1150739671546854,2286.8952646464904,7.937963808316936,0.009999999999999981,-0.010000000000000009,-0.06,-0.007712051933355113,-0.0015893888692888325,-0.019239588183196155
2025-07-07,2756.14,78.7831,68.27,14.55,5378.522237,5459.176786,89.1025,10.837,polymarket,0.225,0.225,0.027527113907616762,0.2082156873001299,0.0961289085883074,2281.165547650561,7.921586429101707,-0.009999999999999981,-0.035,-0.04000000000000001,-0.016377379215229304,-0.03204349261426298,-0.010774686306601167
2025-07-08,2755.58,78.7185,68.16,14.53,5365.4529600000005,5458.754234571428,89.1025,10.855,polymarket,0.225,0.225,0.027527113907616762,0.2071278940540388,0.0962875281129898,2282.757289905391,7.92138322574525,0.0,-0.009999999999999981,-0.01999999999999999,-0.0002032033564569602,-0.032600300515369884,0.006508970837472816
2025-07-09,2696.45,78.1682,67.53,14.72,5278.698546,5453.617838476191,89.1025,10.8375,polymarket,0.225,0.225,0.027527113907616762,0.1903189071075777,0.0699878037807992,2265.317289256754,7.899691372050202,0.0,0.0,-0.01999999999999999,-0.02169185369504767,-0.042202141187670184,-0.00952111579248971
2025-07-10,2732.45,78.1727,67.45,14.62,5272.748615,5452.553578904763,89.1025,10.82,polymarket,0.225,0.225,0.027527113907616762,0.2018677947904874,0.0860720162431645,2273.5029691650298,7.912953921621614,0.0,0.0,-0.01999999999999999,0.013262549571411597,-0.032192367904680386,-0.00027440362944530783
2025-07-11,2642.02,77.9029,68.5,14.63,5336.34865,5449.703023174603,89.1025,10.954,polymarket,0.22,0.22,0.0018516226868348544,0.1629036057522599,0.050197349701553,2271.9165947472734,7.879299055076328,-0.0050000000000000044,-0.014999999999999986,-0.0050000000000000044,-0.0336548665452856,-0.056977138471971944,-0.039377236103435354
2025-07-14,2714.14,77.9029,67.63,14.58,5268.573127,5445.494899301588,89.1025,10.864,polymarket,0.195,0.195,-0.12652583341707455,0.1929957044057002,0.0800701476600482,2275.0626762332467,7.906230423441689,-0.024999999999999994,-0.03,-0.06,0.026931368365360697,-0.015238703404036102,-0.008652838196674062
2025-07-15,2756.95,78.3722,67.01,14.34,5251.721122000001,5440.088156761904,89.1025,10.8315,polymarket,0.235,0.235,0.07887809634918044,0.2017599682880058,0.1017261328427072,2294.0937231645976,7.921880275204646,0.03999999999999998,0.009999999999999981,-0.010000000000000009,0.015649851762957745,0.0004971730089491366,-0.011470307715476191
2025-07-16,2777.16,77.9584,66.71,14.21,5200.604863999999,5437.111436984127,89.1025,10.8385,polymarket,0.225,0.225,0.027527113907616762,0.2051264178029401,0.1123358662601436,2304.455332630602,7.929184101779571,-0.009999999999999981,0.0,-0.009999999999999981,0.007303826574924344,0.029931947560681627,-0.005254617938771355
2025-07-17,2761.48,77.9585,67.5,14.18,5262.1987500000005,5435.3073600634925,89.1025,10.846,polymarket,0.225,0.225,0.027527113907616762,0.1972296749357025,0.1067346764026695,2306.5582634746384,7.9235220468743135,0.0,0.0,-0.03,-0.0056620549052572855,0.010624165126534857,-0.008021380769520858
2025-07-18,2784.63,78.1856,68.6,14.08,5363.532159999999,5433.291521079365,89.1025,10.938,polymarket,0.215,0.215,-0.023823868533947055,0.203051042310181,0.1179479807050978,2314.639946325771,7.931870288957336,-0.010000000000000009,-0.0050000000000000044,-0.024999999999999994,0.008348242083022761,0.05397763832219282,0.012209927881819294
2025-07-21,2821.78,78.1856,67.5,14.08,5277.527999999999,5428.857759174603,89.1025,10.857,polymarket,0.225,0.225,0.027527113907616762,0.2197200873663676,0.1332568845299278,2313.465219788925,7.945123170479405,0.010000000000000009,0.03,-0.009999999999999981,0.01325288152206916,0.03965897116582062,0.022506314160751106
2025-07-22,2825.61,78.3274,67.17,14.11,5261.251458,5425.871134698412,89.1025,10.9425,polymarket,0.255,0.255,0.18158006123230808,0.2231609671317471,0.1345252139473605,2310.088431472693,7.946479549474726,0.03,0.020000000000000018,0.03,0.0013563789953208172,0.024904332686483288,0.029384870398368124
2025-07-23,2841.16,78.0882,67.47,14.08,5268.610854,5422.3434974126985,89.1025,10.944,polymarket,0.255,0.255,0.18158006123230808,0.2290143845853047,0.1416241778758895,2311.7386058574625,7.951967698466196,0.0,0.03,0.010000000000000009,0.005488148991469544,0.02304512523585256,0.01805230079045983
2025-07-24,2807.69,78.4477,67.75,14.04,5314.831674999999,5419.295885904761,89.1025,11.045,polymarket,0.225,0.225,0.027527113907616762,0.2131502210885649,0.1291567037041741,2314.379498262505,7.9401173601909,-0.03,0.0,-0.01999999999999999,-0.011850338275295691,0.016733780436577472,0.003725060505421318
2025-07-25,2772.39,78.8623,67.93,13.97,5357.1160390000005,5415.180573777778,89.1025,11.06,polymarket,0.225,0.225,0.027527113907616762,0.1953400533501275,0.1165512939860469,2319.331634734353,7.927465043054205,0.0,0.010000000000000009,-0.01999999999999999,-0.01265231713669479,-0.004395557039894027,-0.012016635128345055
2025-07-28,2730.98,78.8623,68.62,13.97,5411.531026000001,5411.73818868254,89.1025,11.3415,polymarket,0.195,0.195,-0.12652583341707455,0.1779514684047991,0.1001719919877506,2318.414699799421,7.9124157981221,-0.03,-0.03,-0.065,-0.015049244932105132,-0.032178270453401825,-0.04087968588667479
2025-07-29,2758.28,79.5782,69.12,13.86,5500.445184,5409.61507731746,89.1025,11.4195,polymarket,0.205,0.205,-0.07517485097551087,0.1851466311448728,0.1132821598454092,2327.3744594248665,7.922362576042792,0.009999999999999981,-0.05000000000000002,-0.03,0.009946777920691652,-0.02382848305321683,-0.031652413250761735
2025-07-30,2726.24,82.2197,70.83,13.9,5823.621351,5415.156731396825,89.1025,11.1985,polymarket,0.215,0.215,-0.023823868533947055,0.1723815843288658,0.0991777489355989,2325.386236393884,7.910678649466929,0.010000000000000009,-0.04000000000000001,-0.010000000000000009,-0.011683926575862813,-0.04044826760900477,-0.03162052528008086
2025-07-31,2732.12,81.8347,70.7,13.89,5785.71329,5421.289038857143,89.1025,11.098,polymarket,0.215,0.215,-0.023823868533947055,0.1736459401201167,0.1011905866829163,2327.891152352456,7.912833143591356,0.0,-0.010000000000000009,-0.010000000000000009,0.002154494124426698,-0.026915364587970947,-0.032309250745570894
2025-08-01,2727.98,80.3163,68.63,13.94,5512.107668999999,5425.279268523809,89.1025,11.064,polymarket,0.235,0.235,0.07887809634918044,0.173517064608748,0.0983121749589108,2324.618944428824,7.911316687558179,0.01999999999999999,0.009999999999999981,0.0,-0.0015164560331770716,-0.0160186698119672,-0.0262952188888691
2025-08-04,2773.85,80.3163,68.09,13.91,5468.7368670000005,5429.849808761905,89.1025,11.0725,polymarket,0.195,0.195,-0.12652583341707455,0.1912914481919048,0.1169065910580806,2328.439446291703,7.927991525872736,-0.03999999999999998,0.0,-0.03,0.016674838314557405,0.0156976616452702,0.006425653268701925
2025-08-05,2786.37,79.6736,67.89,13.85,5409.040704,5431.648538904763,89.1025,11.097,polymarket,0.205,0.205,-0.07517485097551087,0.1937485975261665,0.1228497516294488,2334.1346794243445,7.932494952413298,0.009999999999999981,0.0,-0.020000000000000018,0.004503426540561684,0.010183882709514425,0.011173691201126434
2025-08-06,2764.62,80.049,68.1,13.91,5451.3369,5434.642997634921,89.1025,11.094,polymarket,0.205,0.205,-0.07517485097551087,0.1866761313276799,0.112771502100851,2329.7173736079794,7.924658472323702,0.0,-0.010000000000000009,-0.020000000000000018,-0.00783648008959581,0.014077997535066666,0.0252813884922769
2025-08-07,2876.43,80.1914,67.25,13.66,5392.87165,5434.710954492063,89.1025,10.9905,polymarket,0.265,0.265,0.23293104367387188,0.2232048997563498,0.1623357285989723,2351.5520585087224,7.964305220877747,0.060000000000000026,0.05000000000000002,0.04000000000000001,0.03964674855404482,0.05281978829626799,0.052692638474628906
2025-08-08,2924.63,79.3847,67.02,13.53,5320.362593999999,5431.523015730159,89.1025,11.0765,polymarket,0.295,0.295,0.38698399099856307,0.2381402530399723,0.1845306029765916,2362.115271528597,7.980923255938202,0.02999999999999997,0.06,0.07499999999999998,0.016618035060455227,0.0720863056180765,0.10696739615899964
2025-08-11,2964.15,79.3847,66.6,13.48,5287.021019999999,5428.135977952381,89.1025,11.012,polymarket,0.37,0.37,0.7721163593102914,0.2530198548185276,0.2018019612162647,2365.604973138508,7.994345592422921,0.07500000000000001,0.175,0.175,0.013422336484719466,0.06860500748057752,0.09211389243001467
2025-08-12,2977.18,79.6677,66.6,13.44,5305.86882,5424.313689380952,89.1025,11.058,polymarket,0.35,0.35,0.6694143944271638,0.2572030461987178,0.2082081009385747,2368.097984650776,7.998731822741843,-0.020000000000000018,0.145,0.11499999999999999,0.004386230318921491,0.06847977834960894,0.07988175338689496
2025-08-13,2973.02,79.8714,65.88,13.53,5261.927831999999,5420.112374126984,89.1025,11.0565,polymarket,0.375,0.375,0.7977918505310733,0.260273163394249,0.2052092995967762,2359.028253837343,7.997333550187041,0.025000000000000022,0.17,0.15,-0.0013982725548018493,0.07538106502882869,0.07052528482334486
2025-08-14,2977.34,79.6032,66.4,13.51,5285.652480000001,5421.989966571428,89.1025,11.05,polymarket,0.39,0.39,0.874818324193419,0.2608920749229002,0.2071624732244847,2361.296465585332,7.998785563429602,0.015000000000000013,0.125,0.165,0.0014520132425612786,0.03508168111165588,0.0781682286310239
2025-08-15,3012.09,79.7653,66.62,13.31,5313.964286,5420.951438857142,89.1025,11.1035,polymarket,0.345,0.345,0.6437389032063818,0.2662829921060348,0.2252037911487057,2378.686295857456,8.010389468951459,-0.04500000000000004,0.04999999999999999,0.12999999999999998,0.011603905521856639,0.02990463750970207,0.08168410165803008
2025-08-18,2951.26,79.7653,66.62,13.38,5313.964286,5419.0531940476185,89.1025,11.179,polymarket,0.335,0.335,0.5923879207648183,0.2442232697774404,0.1993170773115939,2371.9697836288697,7.9899874767887304,-0.009999999999999953,-0.034999999999999976,0.11000000000000001,-0.020401992162728533,-0.004348632828972798,0.04588593015756004
2025-08-19,2965.66,80.4256,66.62,13.29,5357.953472,5417.316985666667,89.1025,11.15,polymarket,0.39,0.39,0.874818324193419,0.2463541731462399,0.2070427659745086,2379.468102965967,7.9948548836253845,0.05499999999999999,0.040000000000000036,0.135,0.004867406836654098,-0.0038694334907529715,0.049564518811866964
2025-08-20,2940.78,80.3466,66.62,13.49,5352.690492,5417.830761253968,89.1025,11.148,polymarket,0.38,0.38,0.8234673417518552,0.2450747429907478,0.1931049424119444,2361.9304917679574,7.98643013126773,-0.010000000000000009,0.0050000000000000044,0.125,-0.008424752357654164,-0.010844192100961214,0.03506314322319071
2025-08-21,2883.5,80.1045,66.62,13.65,5336.561790000001,5418.992796698413,89.1025,11.162,polymarket,0.315,0.315,0.48968595588169067,0.2279639982710446,0.1668156842589896,2348.195878755343,7.966760113055467,-0.065,-0.07500000000000001,0.09,-0.01967001821226333,-0.03151806646200972,0.027000844110282918
2025-08-22,2896.76,80.2548,66.62,13.59,5346.574776,5418.554520444444,89.1025,11.248,polymarket,0.25,0.25,0.15590457001152616,0.2309162935072142,0.1733297421827697,2353.336303434855,7.971348150015858,-0.065,-0.09499999999999997,0.024999999999999994,0.0045880369603912285,-0.038289028548283754,0.04486021086499381
2025-08-25,2887.24,80.2548,66.62,13.66,5346.574776,5418.818083428571,89.1025,11.171,polymarket,0.245,0.245,0.13022907879074425,0.2300398758310253,0.1681611933879383,2347.2734963566577,7.968056307485865,-0.0050000000000000044,-0.09000000000000002,0.04999999999999999,-0.0032918425299932608,-0.02169242967410545,0.05721755560275055
2025-08-26,2885.87,80.6842,66.62,13.78,5375.181404000001,5419.238258603174,89.1025,11.2325,polymarket,0.235,0.235,0.07887809634918044,0.2349095813676267,0.1653643247564415,2336.9079352384506,7.967581693274212,-0.010000000000000009,-0.15500000000000003,0.03,-0.0004746142116527352,-0.026904635055940318,0.04625708775033699
2025-08-27,2911.48,80.5268,66.62,13.74,5364.695416,5420.290213269841,89.1025,11.23,polymarket,0.235,0.235,0.07887809634918044,0.2438617499124011,0.1763494794381039,2340.6781342098834,7.976416821942229,0.0,-0.14500000000000002,0.01999999999999999,0.008835128668017056,-0.009963343058644325,0.06794706262104588
2025-08-28,2912.72,80.4421,66.62,13.79,5359.052702,5423.119589492063,89.1025,11.238,polymarket,0.255,0.255,0.18158006123230808,0.2463089164345218,0.1756628141060912,2337.077077433416,7.976842631501906,0.020000000000000018,-0.06,0.04000000000000001,0.00042580955967697065,0.010133518293740096,0.06610251379880827
2025-08-29,2899.38,80.2918,66.62,13.88,5349.039716,5423.921053238096,89.1025,11.256,polymarket,0.255,0.255,0.18158006123230808,0.2446563761950131,0.16854755928226,2329.4622157993304,7.972252200014114,0.0,0.0050000000000000044,0.020000000000000018,-0.004590431487792479,0.0009044587746309674,0.062830372656691
2025-09-01,2886.97,80.2918,66.62,13.84,5349.039716,5423.543506666666,89.1025,11.2285,polymarket,0.245,0.245,0.13022907879074425,0.2375356601781004,0.1643135108785494,2332.8378267374696,7.967962788199176,-0.010000000000000009,0.0,0.04999999999999999,-0.004289411814937694,-9.351491389697486e-05,0.04078086414189652
2025-09-02,2845.39,80.4261,66.62,13.89,5357.986782000001,5423.615373666667,89.1025,11.27,polymarket,0.185,0.185,-0.17787681585863838,0.2219776706185405,0.1466347662683735,2328.512270244448,7.953455419766525,-0.06,-0.04999999999999999,-0.01999999999999999,-0.014507368432651546,-0.014026965871643537,0.021181680824872595
2025-09-03,2867.55,80.5947,66.62,13.72,5369.218914000001,5424.905699285715,89.1025,11.296,polymarket,0.205,0.205,-0.07517485097551087,0.2235327494819696,0.1585446061363475,2343.664279696714,7.9612132856431375,0.01999999999999999,-0.03,0.0,0.007757865876612868,-0.015088546031571504,0.037231156542309796
2025-09-04,2873.7,80.8488,66.62,13.57,5386.147056,5423.900251539682,89.1025,11.346,polymarket,0.195,0.195,-0.12652583341707455,0.2194592580804761,0.1638666539697617,2356.536293408791,7.963355677056955,-0.009999999999999981,-0.06,-0.07,0.00214239141381789,-0.013396412974813865,-0.0009490931467130981
2025-09-05,2901.45,81.2977,66.62,13.58,5416.052774000001,5424.449646809524,89.1025,11.401,polymarket,0.205,0.205,-0.07517485097551087,0.2316165719572631,0.1748698463331564,2355.806235530809,7.972965891016217,0.009999999999999981,-0.05000000000000002,-0.09,0.009610213959261316,0.0007139457401237337,-0.007925788903211828
2025-09-08,2921.62,81.2977,66.62,13.49,5416.052774000001,5424.567733396825,89.1025,11.594,polymarket,0.145,0.145,-0.3832807456248935,0.2360072246519204,0.1847038544188051,2363.7564099374704,7.979893535941293,-0.06,-0.1,-0.225,0.006927644925076137,0.012002203001763023,-0.01434812678170816
2025-09-09,2935.96,82.3397,66.62,13.62,5485.470814,5427.96056979365,89.1025,11.778,polymarket,0.165,0.165,-0.28057878074176584,0.2476233865894983,0.1877676786967819,2353.242197571926,7.984789765663398,0.020000000000000018,-0.01999999999999999,-0.18499999999999997,0.004896229722104906,0.031830434492284176,-0.013845316709100497
2025-09-10,2914.26,83.2425,66.62,13.65,5545.615350000001,5424.647671174604,89.1025,11.917,polymarket,0.155,0.155,-0.3319297631833297,0.2402587647437726,0.1787386732051772,2349.719335063165,7.977371207208655,-0.010000000000000009,-0.04999999999999999,-0.22,-0.007418558454742374,0.01628916671025782,-0.01976441463562295
2025-09-11,2908.14,84.9211,66.62,13.73,5657.443682,5423.883352206349,89.1025,11.949,polymarket,0.14,0.14,-0.4089562368456753,0.2414599889717705,0.1748531249991103,2342.516090598009,7.975268980548216,-0.014999999999999986,-0.05499999999999999,-0.25,-0.0021022266604395767,0.011984549535442035,-0.023242222923817946
2025-09-12,2839.73,85.6647,66.62,13.94,5706.982314,5419.701570920635,89.1025,11.7495,polymarket,0.145,0.145,-0.3832807456248935,0.2223710825643043,0.1438052149070157,2323.132509027276,7.951464256213238,0.004999999999999977,-0.06,-0.19999999999999998,-0.023804724334977934,-0.02127212255940991,-0.05722272574856668
2025-09-15,2809.85,85.6647,66.62,14.0,5706.982314,5414.582971142857,89.1025,11.564,polymarket,0.145,0.145,-0.3832807456248935,0.2129303056590707,0.1311567092258312,2316.5799278741,7.940886380120069,0.0,0.0,-0.19000000000000003,-0.01057787609316918,-0.03825617294514683,-0.0479151277759331
2025-09-16,2802.77,83.0718,66.62,14.07,5534.243316,5405.5932063174605,89.1025,11.62,polymarket,0.155,0.155,-0.3319297631833297,0.2142898285532961,0.1278621346950696,2308.1557088715945,7.938363492856963,0.010000000000000009,-0.010000000000000009,-0.23500000000000001,-0.0025228872631055665,-0.04536505946947511,-0.05492537917360718
2025-09-17,2814.04,82.8359,66.62,14.01,5518.527658,5397.226743476191,89.1025,11.68,polymarket,0.155,0.155,-0.3319297631833297,0.2176205116260294,0.1342161716467114,2311.097729654773,7.942376452214388,0.0,0.0,-0.225,0.004012959357424961,-0.03438951912320809,-0.043097409530804875
2025-09-18,2793.58,82.9987,66.62,14.11,5529.373394,5389.8048164126985,89.1025,11.6995,polymarket,0.145,0.145,-0.3832807456248935,0.214321321948613,0.1248577091988578,2300.527833536812,7.935079206398579,-0.010000000000000009,0.004999999999999977,-0.17,-0.007297245815808928,-0.03939287654652113,-0.031184324605514124
2025-09-19,2748.06,83.1725,66.62,14.33,5540.951950000001,5392.890066936508,89.1025,11.7,polymarket,0.145,0.145,-0.3832807456248935,0.2039443091529396,0.102433390788442,2282.5474393690647,7.918650487165015,0.0,0.0,-0.10500000000000001,-0.016428719233563704,-0.032281238005021584,-0.05133321365939891
2025-09-22,2741.06,83.1725,66.62,14.32,5540.951950000001,5395.808067285714,89.1025,11.72,polymarket,0.135,0.135,-0.43463172806645717,0.2000261906452689,0.0995448275988937,2284.1668134977103,7.91609998588444,-0.009999999999999981,-0.009999999999999981,-0.10999999999999999,-0.0025505012805755456,-0.024481733900386105,-0.05062966708690653
2025-09-23,2758.65,84.0186,66.91,14.34,5621.684526,5400.266869761905,89.1025,11.704,polymarket,0.135,0.135,-0.43463172806645717,0.2080072850348007,0.1058630246841483,2283.636890418693,7.9224967086130995,0.0,-0.01999999999999999,-0.09999999999999998,0.006396722728659654,-0.015741569946873923,-0.04408375983672164
2025-09-24,2723.58,83.3506,66.86,14.48,5572.821116,5404.181224460317,89.1025,11.663,polymarket,0.105,0.105,-0.5886846753911485,0.1983516419053603,0.0890639936053168,2272.7719517032165,7.909702470359644,-0.030000000000000013,-0.05,-0.13,-0.012794238253455603,-0.03214595385993091,-0.06453762347671976
2025-09-25,2708.68,83.9914,67.83,14.56,5697.136662,5410.118500015874,89.1025,11.705,polymarket,0.105,0.105,-0.5886846753911485,0.1945398885096816,0.0812363895756145,2267.5509006060674,7.9042167103385275,0.0,-0.039999999999999994,-0.15000000000000002,-0.005485760021116448,-0.030391111047473163,-0.07005136092724329
2025-09-26,2725.97,83.6069,68.85,14.58,5756.335064999999,5416.516183142858,89.1025,11.5965,polymarket,0.105,0.105,-0.5886846753911485,0.2021777813556575,0.0872476863545195,2267.5265191858816,7.910579607060191,0.0,-0.039999999999999994,-0.15000000000000002,0.006362896721663347,-0.008038397997132574,-0.05980933854824144
2025-09-29,2684.09,83.6069,66.73,14.76,5579.088437,5420.331805190476,89.1025,11.542,polymarket,0.125,0.125,-0.485982710508021,0.191157175434639,0.0671937440435597,2253.3466240679845,7.895097029571115,0.020000000000000004,-0.010000000000000009,-0.12,-0.015482577489075666,-0.020783930304334786,-0.07027437070700415
2025-09-30,2684.6,82.8676,65.84,14.8,5456.002784,5422.001188746032,89.1025,11.5185,polymarket,0.115,0.115,-0.5373336929495848,0.1929331254545205,0.0665844645959294,2250.4195270603605,7.895287020053535,-0.009999999999999995,-0.020000000000000004,-0.06999999999999999,0.00018999048242029914,-0.026842839794827267,-0.05650894956403163
2025-10-01,2647.25,82.6084,65.1,14.83,5377.806839999999,5422.415011873016,89.1025,11.3595,polymarket,0.115,0.115,-0.5373336929495848,0.17759679834014,0.0512145226712104,2248.010527653763,7.881276644310564,0.0,0.010000000000000009,-0.08999999999999998,-0.014010375742971704,-0.02802561334713871,-0.07682516433889564
2025-10-02,2632.07,81.4967,64.51,14.94,5257.352117,5420.491676634921,89.1025,11.317,polymarket,0.105,0.105,-0.5886846753911485,0.1759152276360442,0.0435356758145426,2238.3161116905344,7.875525887836228,-0.010000000000000009,0.0,-0.09000000000000001,-0.005750756474335539,-0.02828314898769868,-0.08408323763788828
2025-10-03,2604.55,81.0085,64.43,14.9,5219.377655,5418.173021,89.1025,11.49,polymarket,0.095,0.095,-0.6400356578327123,0.1621953841611463,0.0334638512970386,2241.0603548214244,7.86501519454369,-0.009999999999999995,-0.009999999999999995,-0.10999999999999999,-0.010510693292538065,-0.04454194286804314,-0.10232814627169162
2025-10-06,2648.5,81.0085,64.84,14.92,5252.59114,5417.758617730159,89.1025,11.473,polymarket,0.095,0.095,-0.6400356578327123,0.1827444508128486,0.0506062099213382,2239.2833871930675,7.881748720984581,0.0,-0.03,-0.04999999999999999,0.01673352644089121,-0.013259614990555502,-0.09348238306145218
2025-10-07,2668.6,83.0,64.52,14.92,5355.16,5419.066734952381,89.1025,11.4085,polymarket,0.095,0.095,-0.6400356578327123,0.1915416436918984,0.0584705495092985,2239.619583694576,7.88930926930832,0.0,-0.020000000000000004,-0.07,0.007560548323739091,-0.005959919541086212,-0.09106391095246535
2025-10-08,2562.51,81.9349,65.4,15.12,5358.542460000001,5419.419017650794,89.1025,11.27,polymarket,0.085,0.085,-0.6913866402742761,0.1526889840563843,0.0131673789413555,2223.0714749978506,7.848742525878073,-0.009999999999999995,-0.03,-0.06999999999999999,-0.04056674343024724,-0.03201057701388221,-0.1206995944081859
2025-10-09,2638.37,81.5478,64.82,15.02,5285.928395999999,5419.69449811111,89.1025,11.331,polymarket,0.105,0.105,-0.5886846753911485,0.1823589786591064,0.044782134427572,2231.4458194347467,7.877916581213097,0.01999999999999999,0.0,-0.03500000000000002,0.02917405533502393,0.0023935533629424466,-0.0927637596539369
2025-10-10,2588.56,81.4103,63.15,15.11,5141.060445,5417.937979428571,89.1025,11.34,polymarket,0.115,0.115,-0.5373336929495848,0.1641708045524621,0.023747469136452,2223.522519099,7.858857015520873,0.010000000000000009,0.020000000000000004,-0.029999999999999985,-0.019059565692224112,-0.0061392563014724955,-0.08844854968606175
2025-10-13,2576.38,81.4103,62.07,15.19,5053.137321,5415.597224777779,89.1025,11.1795,polymarket,0.105,0.105,-0.5886846753911485,0.1624664911045366,0.0178351897497015,2216.30474488087,7.854140591872849,-0.010000000000000009,0.009999999999999995,-0.039999999999999994,-0.0047164236480243815,-0.02723050783462333,-0.08308984465362912
2025-10-14,2541.49,80.8548,61.12,15.42,4941.845375999999,5410.512250587301,89.1025,11.084,polymarket,0.115,0.115,-0.5373336929495848,0.1572755163382293,0.00082249289886,2196.097613852236,7.840505802194975,0.010000000000000009,0.020000000000000004,-0.039999999999999994,-0.013634789677873904,-0.047631717005171326,-0.09322206245963827
2025-10-15,2545.22,79.9589,61.42,15.44,4911.075638,5403.330401031746,89.1025,10.9875,polymarket,0.115,0.115,-0.5373336929495848,0.1607968986234742,0.0025431868675316,2192.6488630510967,7.841972369256414,0.0,0.03,-0.039999999999999994,0.0014665670614393278,-0.006747290742280199,-0.09552813748205435
2025-10-16,2607.78,78.839,60.83,15.09,4795.77637,5395.683549761905,89.1025,11.1975,polymarket,0.12,0.12,-0.5116582017288029,0.1749439527657279,0.0334851166029082,2219.493103361642,7.86625456366017,0.0049999999999999906,0.015,-0.024999999999999994,0.024282194403755675,-0.011594279801544038,-0.06650963996019432
2025-10-17,2721.14,79.0839,60.98,14.91,4822.536222,5388.719815857143,89.1025,11.38,polymarket,0.18,0.18,-0.20355230707942026,0.2187968072070272,0.0820668481628006,2232.6445096584357,7.908806189131834,0.06,0.06499999999999999,0.035,0.042551625471664245,0.05121766542015638,-0.009796001542906607
2025-10-20,2744.83,79.0839,61.05,15.04,4828.072095,5381.727137142857,89.1025,11.275,polymarket,0.165,0.165,-0.28057878074176584,0.2363786473886131,0.0898583520828832,2220.0561339339088,7.9174744212425985,-0.014999999999999986,0.06000000000000001,0.03,0.008668232110764507,0.06538243582080283,0.0013753803273186538
2025-10-21,2632.42,81.3582,61.42,15.34,4997.020644,5376.682517603174,89.1025,11.408,polymarket,0.155,0.155,-0.3319297631833297,0.199781241999515,0.0407152767956349,2194.083311065021,7.8756588541826416,-0.010000000000000009,0.039999999999999994,0.01999999999999999,-0.041815567059956926,0.03577822458479085,-0.04575788882243126
2025-10-22,2653.0,81.3475,62.35,15.21,5072.016625,5372.157130079365,89.1025,11.374,polymarket,0.155,0.155,-0.3319297631833297,0.203944820104299,0.0513778570783274,2203.5893636472206,7.88344635413774,0.0,0.039999999999999994,0.05,0.007787499955098198,0.04234604474269421,-0.025914421459990122
2025-10-23,2570.67,81.6549,64.1,15.28,5234.079089999999,5369.340432682539,89.1025,11.377,polymarket,0.135,0.135,-0.43463172806645717,0.1700131169215124,0.0178559362868047,2197.129214041493,7.851921844301929,-0.01999999999999999,0.015000000000000013,0.030000000000000013,-0.03152450983581101,-0.0142304949037112,-0.05095101673139679
2025-10-24,2543.93,81.269,64.22,15.35,5219.09518,5364.874559603174,89.1025,11.147,polymarket,0.125,0.125,-0.485982710508021,0.1614692218621536,0.0065155638085472,2190.268973224605,7.841465408358178,-0.010000000000000009,-0.05499999999999999,0.020000000000000004,-0.010456435943750897,-0.0651234409107948,-0.06677989853153188
2025-10-27,2476.79,81.269,64.04,15.46,5204.466760000001,5355.046708952382,89.1025,11.165,polymarket,0.125,0.125,-0.485982710508021,0.1367580050806058,-0.0209796175306025,2178.819052894529,7.814718645919557,0.0,-0.04000000000000001,0.0,-0.02674676243862084,-0.09765267794362487,-0.0772328796724403
2025-10-28,2495.09,78.9848,63.04,15.36,4979.201792000001,5342.244939142857,89.1025,11.17,polymarket,0.125,0.125,-0.485982710508021,0.1425947861025593,-0.0111836677060678,2183.7050460477426,7.822080079679323,0.0,-0.03,0.009999999999999995,0.007361433759766278,-0.052168726874890714,-0.07059152201445273
2025-10-29,2523.35,79.8174,63.53,15.11,5070.799422,5335.240046333334,89.1025,11.22,polymarket,0.135,0.135,-0.43463172806645717,0.1457500275693046,0.0045217173757274,2202.356482027112,7.833342662761387,0.010000000000000009,-0.01999999999999999,0.020000000000000004,0.011262583082063848,-0.04886920467395406,-0.04680328642931342
2025-10-30,2557.48,79.4715,63.2,15.04,5022.598800000001,5328.158489714286,89.1025,11.2945,polymarket,0.125,0.125,-0.485982710508021,0.1591773549621318,0.0198084740491408,2206.288786657283,7.846777677658352,-0.010000000000000009,-0.010000000000000009,0.020000000000000004,0.013435014896964859,-0.005130958077077197,-0.02833891195902849
2025-10-31,2525.2,80.5037,63.86,15.11,5140.966281999999,5323.90334015873,89.1025,11.2605,polymarket,0.08,0.08,-0.717062131495058,0.1481076711338951,0.0061700096700321,2199.4452815614927,7.83407554649347,-0.045,-0.045,-0.015,-0.012702131164881614,-0.0073626239715715025,-0.030465915417250744
2025-11-01,2532.66,80.9756,63.82,15.06,5167.862792,5319.403751142857,89.1025,11.3,polymarket,0.075,0.075,-0.7427376227158399,0.1499593158865892,0.0103012761575895,2202.3909585422016,7.837025412804346,-0.0050000000000000044,-0.05,-0.020000000000000004,0.0029498663108755707,0.022557423116210895,-0.04373796488578441
2025-11-03,2570.96,80.9756,63.7,14.91,5158.14572,5315.677942730158,89.1025,11.155,polymarket,0.075,0.075,-0.7427376227158399,0.1613452197044735,0.0283116470816391,2213.777571370406,7.85203464899628,0.0,-0.05,-0.020000000000000004,0.015009236191933617,0.03040772076357956,-0.03658847335681625
2025-11-05,2546.62,80.9756,63.61,14.96,5150.857916,5312.987392285714,89.1025,11.391,polymarket,0.065,0.065,-0.7940886051574036,0.1528597733292556,0.0179944001849916,2208.959024258268,7.842522268717229,-0.009999999999999995,-0.07,-0.020000000000000004,-0.00951238027905088,0.009221867755166757,-0.006200951410921474
2025-11-06,2542.7,81.1885,62.45,15.06,5070.2218250000005,5309.546135222223,89.1025,11.324,polymarket,0.055,0.055,-0.8454395875989674,0.1558504137361096,0.0151085462581017,2199.852134655652,7.8409817875624945,-0.010000000000000002,-0.07,-0.049999999999999996,-0.0015404811547341524,-0.005779126327478679,-0.03626102479940274
2025-11-07,2566.42,81.3765,62.83,14.97,5112.885495,5306.4829078412695,89.1025,11.319,polymarket,0.055,0.055,-0.8454395875989674,0.1631422136641471,0.0262835148269491,2206.45418062442,7.850267210659286,0.0,-0.025,-0.060000000000000005,0.00928542309679159,0.016323459527958217,-0.008553017894118664
2025-11-10,2558.6,81.3765,62.82,14.86,5112.07173,5304.104239555556,89.1025,11.3635,polymarket,0.065,0.065,-0.7940886051574036,0.1551741284704744,0.0251259118940101,2214.9041749989265,7.847215512882935,0.010000000000000002,-0.009999999999999995,-0.039999999999999994,-0.003051697776351503,0.010242195952081978,-0.006901155885389643
2025-11-11,2566.17,81.0132,63.75,14.76,5164.5915,5302.182636698413,89.1025,11.3385,polymarket,0.065,0.065,-0.7940886051574036,0.1545404300129529,0.0299381161154845,2222.676602127489,7.850169793955362,0.0,-0.009999999999999995,-0.05,0.002954281072427456,-0.0018631172791486739,0.009710838917328157
2025-11-12,2536.22,81.3562,62.55,14.72,5088.83031,5298.609081523809,89.1025,11.367,polymarket,0.055,0.055,-0.8454395875989674,0.139843020676357,0.018851662446611,2225.0607794177345,7.838430062583128,-0.010000000000000002,-0.010000000000000002,-0.060000000000000005,-0.011739731372234274,-0.004083844468354192,-0.003536040106552729
2025-11-13,2543.36,81.2852,62.42,14.67,5073.822184000001,5294.7973021269845,89.1025,11.35,polymarket,0.055,0.055,-0.8454395875989674,0.1414337540402588,0.0228383300012304,2228.215164478389,7.841241320483343,0.0,0.0,-0.065,0.0028112579002153026,0.00025956660243053875,-0.024703004087768154
2025-11-14,2525.68,80.601,62.87,14.73,5067.38487,5290.185102095238,89.1025,11.3755,polymarket,0.045,0.045,-0.8967905700405311,0.1366534193042672,0.0151459994510045,2222.03176192963,7.834265612383551,-0.010000000000000002,-0.010000000000000002,-0.135,-0.006975708099791866,-0.015874252850273995,-0.07183018881792191
2025-11-17,2510.64,80.601,63.4,14.83,5110.1034,5286.334513333333,89.1025,11.371,polymarket,0.045,0.045,-0.8967905700405311,0.1346189061061287,0.0078260821377413,2212.7605899113782,7.828292979703615,0.0,-0.020000000000000004,-0.12000000000000001,-0.005972632679935863,-0.018744625967325845,-0.08532040235643013
2025-11-18,2563.07,81.1302,62.8,14.78,5094.97656,5282.499827142857,89.1025,11.38,polymarket,0.045,0.045,-0.8967905700405311,0.1566778392160286,0.0300014864782314,2215.88925896358,7.848961037735163,0.0,-0.020000000000000004,-0.11,0.020668058031547254,-0.0012080259686614303,-0.026344580272145035
2025-11-19,2646.02,81.0547,62.48,14.7,5064.297656,5278.019237936508,89.1025,11.288,polymarket,0.045,0.045,-0.8967905700405311,0.1911840705321457,0.0650613752927042,2221.335950889543,7.8808119032253225,0.0,-0.010000000000000002,-0.11,0.03185086549015992,0.04329277428614242,-0.0026309837919337165
2025-11-20,2628.31,80.9448,62.8,14.7,5083.333439999999,5273.840804031746,89.1025,11.2155,polymarket,0.065,0.065,-0.7940886051574036,0.1837942461727726,0.0582900245714677,2220.242249442732,7.874096333073897,0.020000000000000004,0.010000000000000002,-0.07,-0.006715570151425432,0.033400698288877706,0.022422170095733662
2025-11-21,2685.03,80.7321,61.13,14.6,4935.153273000001,5266.856230523809,89.1025,11.09,polymarket,0.105,0.105,-0.5886846753911485,0.2058338940831647,0.0834438070640524,2226.6997247091954,7.895447180064903,0.039999999999999994,0.06,-0.020000000000000004,0.0213508469910062,0.06309191979981654,0.05546536264755719
2025-11-24,2654.84,80.7321,61.33,14.68,4951.299693,5260.294393650794,89.1025,11.013,polymarket,0.135,0.135,-0.43463172806645717,0.1967645672380256,0.070481862456285,2218.347762523601,7.884139668206628,0.030000000000000013,0.09000000000000001,0.010000000000000009,-0.011307511858275276,0.05743555428098035,0.07188740264616711
2025-11-25,2685.95,78.9202,60.89,14.68,4805.450978,5251.507064698413,89.1025,11.105,polymarket,0.125,0.125,-0.485982710508021,0.2120479678505784,0.0837980551107933,2216.042657753232,7.895789761868968,-0.010000000000000009,0.08,0.0,0.0116500936623396,0.04794250644734621,0.0764942346769053
2025-11-26,2668.38,78.9615,61.2,14.81,4832.4438,5243.30712952381,89.1025,11.072,polymarket,0.165,0.165,-0.28057878074176584,0.2111460739167081,0.0752226896995285,2203.1859388940293,7.889226825679105,0.04000000000000001,0.12000000000000001,0.03,-0.006562936189862256,0.008450427434411045,0.057475181801969644
2025-11-27,2621.37,78.5941,61.77,14.88,4854.757557,5235.461380968255,89.1025,11.008,polymarket,0.115,0.115,-0.5373336929495848,0.1940293791509146,0.0557901072054127,2195.398242096924,7.871452360853537,-0.05,0.05,-0.009999999999999995,-0.017774464825568437,-0.002640480004261314,0.024981622534682613
2025-11-28,2676.42,78.2503,62.15,14.82,4863.256144999999,5227.608513714285,89.1025,10.921,polymarket,0.085,0.085,-0.6913866402742761,0.2175163917918616,0.0796716060709876,2198.2619848436034,7.892235359605297,-0.03,-0.01999999999999999,0.0050000000000000044,0.02078299875176004,-0.003206668081920938,0.05988436559480448
2025-12-01,2686.93,78.2503,62.3,14.95,4874.993689999999,5219.763668888889,89.1025,10.95,polymarket,0.095,0.095,-0.6400356578327123,0.2293836305519874,0.082387570466895,2185.591163918118,7.8961545569177565,0.009999999999999995,-0.04000000000000001,0.020000000000000004,0.003919197312459488,0.012087357430202728,0.0609122424644446
2025-12-02,2667.2,77.7027,62.22,14.86,4834.661993999999,5211.009937746032,89.1025,10.96,polymarket,0.085,0.085,-0.6913866402742761,0.2175383912444233,0.0767333292374909,2190.6496084069304,7.88878451199653,-0.009999999999999995,-0.039999999999999994,0.010000000000000009,-0.007370044921226615,-0.006980770304733874,0.03743348788001355
2025-12-03,2651.71,77.4631,62.2,14.74,4818.20482,5201.52028768254,89.1025,10.87,polymarket,0.055,0.055,-0.8454395875989674,0.2064305500735483,0.0733381980139546,2197.979817270329,7.882959993893569,-0.030000000000000006,-0.11000000000000001,-0.010000000000000002,-0.005824518102961029,-0.006247236150773161,0.041266462998013065
2025-12-04,2657.13,77.9556,62.18,14.67,4847.279208,5192.49213584127,89.1025,10.702,polymarket,0.045,0.045,-0.8967905700405311,0.2070487548669748,0.0775156864673924,2201.344385871832,7.885001871924596,-0.010000000000000002,-0.07,-0.010000000000000002,0.0020418780310267337,0.013641721695144327,0.045003342903213284
2025-12-05,2711.3,76.9708,63.14,14.55,4859.936312,5182.563016761906,89.1025,10.78,polymarket,0.055,0.055,-0.8454395875989674,0.2276185954952163,0.1024610584042535,2208.584987185106,7.905183503649231,0.010000000000000002,-0.030000000000000006,0.0,0.020181631724635274,0.013032334237526255,0.056452178521052776
2025-12-08,2705.17,76.9708,62.05,14.58,4776.03814,5170.347505492063,89.1025,10.789,polymarket,0.055,0.055,-0.8454395875989674,0.2280145141205756,0.1005554396346739,2202.881129574652,7.902920035886225,0.0,-0.04,-0.010000000000000002,-0.0022634677630062328,0.006788416519968976,0.05728523411240527
2025-12-09,2702.72,77.2733,61.46,14.59,4749.217018,5155.931209238095,89.1025,10.944,polymarket,0.045,0.045,-0.8967905700405311,0.2294927274428357,0.1006947330786092,2198.239924217576,7.902013952305524,-0.010000000000000002,-0.04000000000000001,-0.020000000000000004,-0.0009060835807002121,0.013317336532693513,0.053211595490555874
2025-12-10,2720.66,76.8084,61.05,14.63,4689.15282,5139.775185523809,89.1025,11.17,polymarket,0.033,0.033,-0.9584117489704077,0.2419222745986466,0.1087854613373584,2190.684598904741,7.908629776914831,-0.011999999999999997,-0.022,-0.022,0.006615824609306209,0.026002089217900926,0.07272239789923596
2025-12-11,2748.93,77.8998,60.57,14.52,4718.390886,5124.083258095238,89.1025,11.22,polymarket,0.029,0.029,-0.9789521419470332,0.252069625988262,0.1237123112726281,2195.508894188102,7.918967024036017,-0.004,-0.015999999999999997,-0.026,0.010337247121186444,0.03454855426719794,0.0808261512330144
2025-12-12,2739.49,79.3398,60.52,14.38,4801.644696,5112.4547085714285,89.1025,11.2395,polymarket,0.0245,0.0245,-1.002060084045737,0.2430288779758975,0.1234120627281096,2203.882828901678,7.915527050670658,-0.0045000000000000005,-0.0305,-0.020499999999999997,-0.0034399733653591724,0.010397226422748984,0.08465442969814063
2025-12-15,2748.93,79.3398,60.2,14.46,4776.25596,5100.672618126983,89.1025,11.282,polymarket,0.0305,0.0305,-0.9712494945807987,0.2528342861646917,0.1269718840392695,2194.168878004859,7.918967024036017,0.005999999999999998,-0.0245,-0.014499999999999999,0.0034399733653591724,0.016176432534738883,0.09491205429691241
2025-12-16,2774.23,79.4495,59.0,14.42,4687.5205,5087.309873777778,89.1025,11.263,polymarket,0.0415,0.0415,-0.9147634138950784,0.2645417402384333,0.1393337825566383,2193.861943597773,7.928128510199059,0.011000000000000003,-0.003499999999999996,-0.003499999999999996,0.00916148616304202,0.026458530665403934,0.08238557667172564
2025-12-17,2759.73,79.4302,60.03,14.51,4768.194906,5075.043888952382,89.1025,11.3995,polymarket,0.0365,0.0365,-0.9404389051158604,0.2640565447545067,0.1329389901274418,2183.233029766061,7.922888127838956,-0.0050000000000000044,0.003499999999999996,-0.0085,-0.005240382360103268,0.01436048605853002,0.04297397600925157
2025-12-18,2753.07,80.3807,60.25,14.41,4842.937175,5063.964289349206,89.1025,11.352,polymarket,0.0255,0.0255,-0.9969249858015805,0.2580218848840923,0.1330408346373905,2188.411849650496,7.920471931626471,-0.011,-0.003500000000000003,-0.03950000000000001,-0.002416196212484678,0.001506040532134545,0.04746776445700851
2025-12-19,2743.09,80.0301,60.07,14.56,4807.408107,5051.039266825397,89.1025,11.307,polymarket,0.0315,0.0315,-0.9661143963366422,0.2624958512957724,0.1274978056325815,2172.751694339913,7.916840301190446,0.006000000000000002,0.006999999999999999,-0.0735,-0.003631630436025546,0.001314113210853174,0.0216235945222214
2025-12-22,2715.98,80.0301,60.96,14.71,4878.6348960000005,5040.020437936509,89.1025,11.1295,polymarket,0.0165,0.0165,-1.043140869998988,0.2587371200843504,0.1147583778186787,2157.702316602848,7.906908124881224,-0.015,-0.013999999999999999,-0.11850000000000001,-0.009932176309221497,-0.011986482013001343,0.02302963643760081
2025-12-23,2725.38,79.3146,60.84,14.7,4825.500264,5026.184939555555,89.1025,11.112,polymarket,0.0145,0.0145,-1.0534110664873007,0.2647829069637077,0.1201043115631899,2154.820392491439,7.9103631469164455,-0.002,-0.027000000000000003,-0.1105,0.003455022035221411,-0.017608489562869645,0.014680094566168478
2025-12-24,2720.02,78.585,61.21,14.69,4810.187849999999,5011.16672979365,89.1025,11.144,polymarket,0.01,0.01,-1.0765190085860044,0.2641751485253174,0.1195044253584776,2151.6164142072807,7.908394512204187,-0.0045000000000000005,-0.026499999999999996,-0.155,-0.001968634712258499,-0.014389088787671311,0.019352565976360037
2025-12-25,2714.12,78.4368,61.5,14.79,4823.863200000001,4999.179027619048,89.1025,11.035,polymarket,0.0085,0.0085,-1.0842216559522388,0.2680319658801344,0.1164577482599973,2140.419226826149,7.9062230545978975,-0.0014999999999999996,-0.016999999999999998,-0.10650000000000001,-0.002171457606289451,-0.01414784222704113,0.03538226194699723
2025-12-26,2754.89,77.8844,61.0,14.8,4750.9484,4987.987688190476,89.1025,11.036,polymarket,0.0075,0.0075,-1.0893567541963953,0.2893552216010171,0.1341329879164956,2136.641597169165,7.921132793385176,-0.0010000000000000009,-0.024,-0.07750000000000001,0.014909738787278748,0.004301718135387267,0.02931901570007689
2025-12-29,2742.03,77.8844,61.23,14.72,4768.861812,4978.321894095237,89.1025,11.101,polymarket,0.0065,0.0065,-1.0944918524405516,0.2810586213233292,0.1311964407506891,2140.4406905029,7.916453800981445,-0.001,-0.010000000000000002,-0.0885,-0.0046789924037309305,0.009591381379833397,0.020506674904072764
2025-12-30,2766.62,77.4466,61.29,14.58,4746.702114,4970.216338492064,89.1025,11.2285,polymarket,0.0015,0.0015,-1.1201673436613335,0.2871213868691462,0.1446542317172583,2149.463157262622,7.925381637504443,-0.004999999999999999,-0.013000000000000001,-0.0835,0.008927836522997445,0.015131834826702883,0.03727504499100176
2026-01-05,2757.09,77.4466,60.81,14.47,4709.527746000001,4962.1234827936505,89.1025,11.4105,polymarket,0.435,0.435,1.105897745180456,0.2787331247083218,0.1434827054284011,2156.1105650007235,7.921931054669442,0.4335,0.425,0.38,-0.0034505828350006595,0.01362857626046865,0.039740393934480034
2026-01-06,2745.26,77.4466,61.23,14.35,4742.055318,4954.019739587302,89.1025,11.3145,polymarket,0.455,0.455,1.2085997100635835,0.2688515805917659,0.1415245920500731,2163.5785004260847,7.917631067126684,0.020000000000000018,0.4465,0.41000000000000003,-0.004299987542758288,0.01147333205606249,0.03316736478832438
2026-01-08,2718.62,77.4466,60.7,14.6,4701.0086200000005,4943.636384349206,89.1025,11.315,polymarket,0.445,0.445,1.1572487276220198,0.2699612187312299,0.1270135528915603,2140.711038968631,7.907879677601814,-0.010000000000000009,0.4375,0.39,-0.009751389524869758,-0.01316567993640394,0.002699811898351223
2026-01-09,2724.85,77.4466,62.43,14.51,4834.9912380000005,4935.326047492063,89.1025,11.228,polymarket,0.455,0.455,1.2085997100635835,0.2699354193535286,0.132009571586475,2145.660289865061,7.910168659710705,0.010000000000000009,0.4485,0.4,0.002288982108891169,-0.006265431085728523,0.007274958690211664
2026-01-12,2701.93,77.4466,62.36,14.78,4829.569976,4928.08226304762,89.1025,11.26,polymarket,0.445,0.445,1.1572487276220198,0.2731559996211166,0.1184258002756935,2122.230112259674,7.901721611448807,-0.010000000000000009,0.4435,0.4,-0.008447048261897905,-0.0233823221114573,-0.00029229812929199017
2026-01-13,2696.92,78.7913,64.45,14.88,5078.099285,4927.082879555555,89.1025,11.2845,polymarket,0.445,0.445,1.1572487276220198,0.2757029404105862,0.1146919708374563,2114.065833486277,7.899865660111726,0.0,0.010000000000000009,0.41200000000000003,-0.001855951337081052,-0.021823734444650023,-0.008725823880969985
2026-01-14,2702.69,78.8527,65.26,14.87,5145.927202000001,4928.555734809524,89.1025,11.1915,polymarket,0.425,0.425,1.054546762738892,0.2777182287208373,0.1171104105397398,2115.24727381071,7.902002852314959,-0.020000000000000018,-0.030000000000000027,0.39599999999999996,0.0021371922032322743,-0.015506727960193256,-0.016821090387896254
2026-01-15,2701.32,78.5711,62.87,14.95,4939.765057,4928.522713873016,89.1025,11.152,polymarket,0.405,0.405,0.9518447978557647,0.2808906448650858,0.1151417731104835,2108.93881599434,7.9014958214140725,-0.019999999999999962,-0.03999999999999998,0.3805,-0.0005070309008861074,-0.006363522669589616,-0.013933250349517423
2026-01-16,2733.75,78.528,63.63,14.73,4996.736640000001,4929.88241231746,89.1025,11.169,polymarket,0.415,0.415,1.0031957802973284,0.2854586065987285,0.1323121918011287,2126.672913438568,7.913429571990978,0.009999999999999953,-0.040000000000000036,0.38449999999999995,0.011933750576905489,0.0032662348386149898,-0.0055221486178257395
2026-01-19,2750.25,78.528,63.19,14.85,4962.18432,4932.523808349207,89.1025,11.1425,polymarket,0.415,0.415,1.0031957802973284,0.2985834012827866,0.1367365563983837,2117.8847637226886,7.919447095619545,0.0,-0.030000000000000027,0.3735,0.006017523628567112,0.01788351289633705,-0.008643839912336082
2026-01-20,2738.07,77.7586,63.66,14.95,4950.112476,4934.548828253969,89.1025,11.1505,polymarket,0.415,0.415,1.0031957802973284,0.2973303096086208,0.1297241254286776,2110.541918060962,7.915008571628234,0.0,-0.030000000000000027,0.3785,-0.004438523991311172,0.015258146329887534,-0.00784859388418424
2026-01-21,2770.53,77.8247,63.87,14.98,4970.663589000001,4936.812185301587,89.1025,10.955,polymarket,0.405,0.405,0.9518447978557647,0.3138046389942537,0.1423539377923257,2108.783846372244,7.926793916619109,-0.009999999999999953,-0.019999999999999962,0.3795,0.011785344990874691,0.025100917974314463,0.006342010918719776
2026-01-22,2768.02,77.5159,63.13,14.95,4893.578767,4935.170250746032,89.1025,10.83,polymarket,0.415,0.415,1.0031957802973284,0.3114182832295473,0.1420201594495616,2110.707190373594,7.925887542144983,0.009999999999999953,0.009999999999999953,0.38349999999999995,-0.0009063744741260038,0.02469163223905335,0.009088290941966948
2026-01-23,2777.29,76.0382,64.57,15.0,4909.786574,4932.595170571428,89.1025,10.855,polymarket,0.445,0.445,1.1572487276220198,0.3186932605585511,0.1451977333970913,2106.0925107205294,7.929230911094633,0.030000000000000027,0.030000000000000027,0.4285,0.0033433689496504826,0.01592684042066761,0.022573803930809433
2026-01-26,2768.15,76.0382,64.3,15.16,4889.25626,4927.121792317461,89.1025,10.9965,polymarket,0.425,0.425,1.054546762738892,0.3231306191194572,0.1390958732054936,2092.121488233869,7.92593450602074,-0.020000000000000018,0.010000000000000009,0.4105,-0.0032964050738932826,0.006508499227342979,0.01569322443108856
2026-01-27,2781.39,76.0101,64.92,15.12,4934.575691999999,4922.605609968254,89.1025,10.9195,polymarket,0.435,0.435,1.105897745180456,0.3282351274089645,0.1457129502062759,2094.049421374479,7.930706081726334,0.010000000000000009,0.020000000000000018,0.425,0.0047715757055941665,0.015821363222999985,0.022562334100484582
2026-01-28,2788.01,76.5519,66.22,15.16,5069.266818,4920.4595791428565,89.1025,10.948,polymarket,0.435,0.435,1.105897745180456,0.3337450999121127,0.1479301161513924,2090.3619441103974,7.933083358674556,0.0,0.02999999999999997,0.4265,0.0023772769482217626,0.0063092621267411,0.02722429369372037
2026-01-29,2797.76,76.2662,68.9,14.96,5254.74118,4924.833220222222,89.1025,10.7645,polymarket,0.45,0.45,1.1829242188428017,0.3277326617959402,0.1551403381302478,2107.17118024019,7.936574375992526,0.015000000000000013,0.03500000000000003,0.4425,0.003491017317970524,0.010744142022095282,0.015561419875203875
2026-01-30,2782.74,76.0251,68.59,14.99,5214.561609,4927.115159698413,89.1025,10.936,polymarket,0.465,0.465,1.2599506925051474,0.3217017536152653,0.1481695577455468,2105.4220382081967,7.931191332799364,0.015000000000000013,0.020000000000000018,0.4585,-0.005383043193162074,0.001962344587709497,0.014846664697322653
2026-02-02,2768.56,76.0251,65.1,14.95,4949.234009999999,4925.950639222222,89.1025,10.996,polymarket,0.445,0.445,1.1572487276220198,0.3132001825816068,0.143153681929645,2108.2543520191384,7.926082608413948,-0.020000000000000018,0.020000000000000018,0.4435,-0.00510872438541643,0.00014811336090891913,0.0007012166470277137
2026-02-03,2786.15,77.0223,65.72,14.88,5061.905556,4924.695707063492,89.1025,11.0925,polymarket,0.455,0.455,1.2085997100635835,0.3183079250310219,0.151810438114343,2113.428848525232,7.932415993522127,0.010000000000000009,0.020000000000000018,0.020000000000000018,0.006333385108178824,0.00171137452856307,0.010540098437120227
2026-02-04,2776.31,76.9817,66.59,15.0,5126.211403,4924.034573904762,89.1025,10.9865,polymarket,0.455,0.455,1.2085997100635835,0.3196525923769375,0.1456415195129783,2103.818850535014,7.928877986861641,0.0,0.020000000000000018,0.0,-0.0035380066604853155,-0.004196541619291283,0.0113104041147285
2026-02-05,2737.13,76.9102,66.34,15.1,5102.222668,4923.146906412699,89.1025,11.07,polymarket,0.445,0.445,1.1572487276220198,0.3060354472925322,0.1277835812323418,2095.754755871434,7.9146652051724935,-0.010000000000000009,-0.0050000000000000044,0.0,-0.014212781689147747,-0.021670908155095536,0.006808601422780836
2026-02-06,2735.43,76.5523,67.26,15.22,5148.907698000001,4923.115950571429,89.1025,11.142,polymarket,0.425,0.425,1.054546762738892,0.3110820599640729,0.1249585782323154,2086.3911447884184,7.914043923704704,-0.020000000000000018,-0.040000000000000036,-0.030000000000000027,-0.0006212814677892808,-0.01700122900450629,0.003882782538488394
2026-02-09,2725.64,76.5523,67.65,15.24,5178.763095,4924.838827873015,89.1025,11.165,polymarket,0.445,0.445,1.1572487276220198,0.3070798177232645,0.1204123520538047,2085.289638048006,7.910458541906813,0.020000000000000018,0.0,0.0,-0.0035853817978912517,-0.015502643973762553,0.008775208832205061
2026-02-10,2717.04,77.6502,68.2,15.26,5295.74364,4927.741338111111,89.1025,11.158,polymarket,0.435,0.435,1.105897745180456,0.3034499779486039,0.1162451860424804,2084.498865292961,7.907298331437963,-0.010000000000000009,-0.020000000000000018,-0.010000000000000009,-0.0031602104688497334,-0.024804838217612146,0.0074603621909437035
2026-02-12,2765.66,77.4648,67.3,15.05,5213.381039999999,4931.345867349206,89.1025,11.173,polymarket,0.435,0.435,1.105897745180456,0.3158286840466802,0.1396277571676027,2101.8389654605567,7.9250345834834475,0.0,-0.020000000000000018,0.010000000000000009,0.017736252045484235,-0.0038360269566439786,0.023299009505344692
2026-02-13,2776.34,77.188,66.72,14.89,5149.98336,4932.31655068254,89.1025,11.096,polymarket,0.435,0.435,1.105897745180456,0.3128930495192235,0.1468181425736443,2114.6733932491197,7.928888792512997,0.0,-0.010000000000000009,0.02999999999999997,0.0038542090295496934,0.014325223865874204,0.027771607954629518
2026-02-17,2765.33,76.6201,65.83,14.7,5043.901182999999,4933.360986380952,75.64,10.99,polymarket,0.415,0.415,1.0031957802973284,0.2982849340584252,0.1455892493507702,2129.986975475104,7.924915255840334,-0.020000000000000018,-0.010000000000000009,0.0,-0.003973536672662981,0.010930639789722418,0.011551897576588921
2026-02-24,2777.35,76.6405,70.09,14.66,5371.732645,4947.645256888888,75.755,11.0515,polymarket,0.395,0.395,0.9004938154142009,0.2996462925298555,0.1498757281903746,2137.0045188169524,7.929252514654901,-0.019999999999999962,-0.04999999999999999,-0.019999999999999962,0.004337258814566702,0.018971691052376727,0.009853649668212006
2026-02-25,2795.39,76.6342,69.95,14.7,5360.562290000001,4954.397780968254,77.13,11.2905,polymarket,0.385,0.385,0.8491428329726372,0.3089296866172675,0.1559437772382539,2135.6303769259493,7.935726910738834,-0.010000000000000009,-0.04999999999999999,-0.02999999999999997,0.00647439608393352,0.028836527986338067,0.02093445383061776
2026-02-26,2785.58,76.4678,70.84,14.8,5416.978952,4961.789515238094,76.8,11.211,polymarket,0.365,0.365,0.7464408680895095,0.3079951124063071,0.1493443224952828,2129.656275913289,7.932211389206415,-0.020000000000000018,-0.07,-0.040000000000000036,-0.0035155215324191857,0.007202620712596586,0.005432173627428538
2026-02-27,2799.14,77.1218,72.16,14.75,5565.109087999999,4973.847580476191,76.96,11.2025,polymarket,0.365,0.365,0.7464408680895095,0.3099357911886835,0.1546536853018187,2136.852828076373,7.937067506128124,0.0,-0.07,-0.04999999999999999,0.004856116921708953,0.008212250660942111,0.011242693333140652
2026-03-05,2825.0,77.8009,79.8,14.79,6208.51182,5052.559865190477,78.89,11.4,polymarket,0.395,0.395,0.9004938154142009,0.3111464697577795,0.1568195056764063,2154.6029106281994,7.946263643580541,0.030000000000000027,-0.019999999999999962,-0.04999999999999999,0.009196137452416764,0.021577894862457647,0.017178616565068916
2026-03-06,2854.11,78.19,84.26,14.76,6588.289400000001,5080.39522084127,78.6,11.4015,polymarket,0.37,0.37,0.7721163593102914,0.3186634947467486,0.1665571221413098,2164.3960050233563,7.956515339690679,-0.025000000000000022,-0.025000000000000022,-0.05499999999999999,0.010251696110137765,0.02763785622985937,0.03105323049690223
2026-03-09,2888.68,78.19,89.73,14.72,7015.9887,5115.280679253969,75.0775,11.27,polymarket,0.385,0.385,0.8491428329726372,0.326987864602589,0.1779897903497207,2176.8699451257694,7.9685549293607645,0.015000000000000013,0.0,-0.04999999999999999,0.012039589670085782,0.03337280307935564,0.038574238060825605
2026-03-10,2853.86,78.19,86.02,14.82,6725.903799999999,5145.100117222222,78.86,11.489,polymarket,0.395,0.395,0.9004938154142009,0.3111417038682598,0.1590841980178829,2176.6220932339047,7.956427742874242,0.010000000000000009,0.030000000000000027,-0.03999999999999998,-0.012127186486522668,0.024511950832501794,0.023618997062420766
2026-03-11,2854.05,78.7396,89.42,14.75,7040.895031999999,5179.718509603174,78.6125,11.5215,polymarket,0.41,0.41,0.9775202890765464,0.3023691904557901,0.1571276022632959,2191.429297403118,7.95649431715452,0.014999999999999958,0.044999999999999984,-0.040000000000000036,6.657428027789791e-05,0.01961673942710984,0.02011966716230118
2026-03-17,2853.53,81.0517,96.92,14.54,7855.530764,5362.34028384127,81.7,12.0025,polymarket,0.365,0.365,0.7464408680895095,0.2644368126978951,0.1437317138892067,2256.7596667100347,7.956312103326089,-0.044999999999999984,-0.030000000000000027,-0.10000000000000003,-0.00018221382843108813,0.010099115044247764,0.025438955849270917
2026-03-18,2871.72,81.9103,100.87,14.49,8262.291961,5417.271192809523,82.64,12.1895,polymarket,0.365,0.365,0.7464408680895095,0.2621030117200942,0.1469359034445507,2275.345176528968,7.962666432379148,0.0,-0.0050000000000000044,-0.08000000000000002,0.006354329053059438,0.006170049507552067,0.03726124772444872
2026-03-19,2868.99,83.1259,102.57,14.51,8526.223563,5476.794488095238,84.8,12.47,polymarket,0.355,0.355,0.6950898856479457,0.2532982253958211,0.1401618458790712,2289.151888884152,7.961715330440261,-0.010000000000000009,-0.030000000000000027,-0.10000000000000003,-0.0009511019388872555,-0.006816262098951809,0.029732785384849914
2026-03-20,2864.89,84.8379,102.19,14.44,8669.585001,5540.001861126983,82.4,12.019,polymarket,0.355,0.355,0.6950898856479457,0.2393700598904427,0.134227046835579,2311.569476071779,7.960285233996398,0.0,-0.040000000000000036,-0.10000000000000003,-0.0014300964438627162,0.003864940816998619,0.03190565895018915
2026-03-23,2833.43,84.8379,95.97,14.46,8141.893263,5593.552628698412,81.5875,11.9105,polymarket,0.335,0.335,0.5923879207648183,0.2193586157710814,0.1168299924377982,2323.7052359762383,7.949243270875363,-0.019999999999999962,-0.07499999999999996,-0.10999999999999999,-0.011041963121035003,-0.0072248208685903315,0.035182837497670816
2026-03-24,2837.9,81.8763,93.9,14.44,7688.18457,5638.715285761905,80.27,11.66,polymarket,0.345,0.345,0.6437389032063818,0.2142845908269846,0.1151155105664272,2337.096279931591,7.950819621017435,0.009999999999999953,-0.020000000000000018,-0.08000000000000002,0.001576350142071803,-0.005477426205436786,0.03746028960711856
2026-03-25,2840.14,80.9604,95.5,14.38,7731.7182,5685.132906285714,79.6,11.83,polymarket,0.335,0.335,0.5923879207648183,0.206361874802831,0.1131539734371749,2354.301855290474,7.951608625714903,-0.009999999999999953,-0.02999999999999997,-0.10999999999999999,0.0007890046974683429,-0.010996893847589617,0.04200848241147037
2026-03-26,2822.84,80.7192,96.38,14.44,7779.716496,5731.181820571428,81.13,11.682,polymarket,0.335,0.335,0.5923879207648183,0.1956855635053656,0.1015346095246121,2360.854798417354,7.945498749353612,0.0,-0.019999999999999962,-0.09999999999999998,-0.006109876361291455,-0.016085800229348912,0.038939434090039304
2026-03-27,2789.61,82.1314,98.77,14.44,8112.118377999999,5783.350362063493,80.1525,11.8235,polymarket,0.325,0.325,0.5410369383232545,0.1749708342040576,0.0843713447136904,2374.1951023743686,7.933657080098349,-0.010000000000000009,-0.02999999999999997,-0.10999999999999999,-0.011841669255263199,-0.026276750590773057,0.008659777412986402
2026-04-09,2733.4,78.3043,87.48,14.43,6850.060164,6159.712257412698,77.02,11.2955,polymarket,0.285,0.285,0.33563300855699923,0.1066196573859952,0.0345121425831298,2470.0446822503663,7.9133015345307,-0.040000000000000036,-0.050000000000000044,-0.15000000000000002,-0.020355545567648292,-0.035303501409951754,-0.015466405411440953
2026-04-22,2761.64,74.5897,89.36,14.01,6665.335591999999,6406.472237587302,74.5475,10.952,polymarket,0.255,0.255,0.18158006123230808,0.0741229954899826,0.0346671868971308,2571.0649633194216,7.923579985141106,-0.02999999999999997,-0.08999999999999997,-0.15999999999999998,0.010278450610405443,-0.026871982804186234,-0.001334379621961923
2026-04-23,2771.46,74.9995,92.23,14.06,6917.203885,6438.336004428572,75.205,11.07,polymarket,0.255,0.255,0.18158006123230808,0.076627067861692,0.0353374622106688,2574.2061320308853,7.9271295361379925,0.0,-0.08000000000000002,-0.14,0.0035495509968868078,-0.024181906525734598,-0.0021207265918951057
2026-04-24,2733.0,74.8349,92.26,14.25,6904.267874000001,6470.320315761905,74.69,10.98,polymarket,0.255,0.255,0.18158006123230808,0.0659442574141953,0.0157723538224971,2563.923939728149,7.913155185928068,0.0,-0.08000000000000002,-0.13,-0.013974350209924324,-0.03182610420711063,-0.022318889314192236
2026-04-27,2732.41,74.8349,94.39,14.24,7063.666211000001,6504.115403365079,74.1175,10.9395,polymarket,0.285,0.285,0.33563300855699923,0.0618714112553742,0.0134601616435858,2573.202339791471,7.912939282637265,0.02999999999999997,-0.040000000000000036,-0.08000000000000002,-0.00021590329080289905,-0.02050465835726145,-0.0190875867862349
2026-04-28,2696.58,74.8081,95.05,14.22,7110.509904999999,6536.516087285715,74.84,10.98,polymarket,0.285,0.285,0.33563300855699923,0.0439352148293008,-0.001631093511504,2583.091327598266,7.899739582425455,0.0,0.0,-0.08000000000000002,-0.013199700211810494,-0.013470403160898536,-0.03663982508913455
2026-04-29,2639.82,74.6947,99.5,14.28,7432.122649999999,6571.077697920635,74.445,10.9115,polymarket,0.275,0.275,0.2842820261154357,0.0208969224462363,-0.0257608330806718,2585.7850503404,7.878466011997694,-0.009999999999999953,0.020000000000000018,-0.12,-0.0212735704277609,-0.04411146999608917,-0.065550442477876
2026-04-30,2658.21,74.8806,100.8,14.19,7547.96448,6608.115838730159,74.9775,10.9775,polymarket,0.315,0.315,0.48968595588169067,0.0209904035620001,-0.0199334850415963,2603.5602202783866,7.885408242924329,0.03999999999999998,0.06,-0.05499999999999999,0.006942230926634707,-0.04086293866770585,-0.06863785908742137
2026-05-04,2620.82,74.8806,103.05,14.22,7716.44583,6652.039835873016,75.37,11.0155,polymarket,0.285,0.285,0.33563300855699923,0.0036127675785504,-0.0368986938928087,2611.3856705144744,7.871242524887264,-0.030000000000000027,0.02999999999999997,-0.10000000000000003,-0.014165718037064678,-0.04104646908159526,-0.0927274741404377
2026-05-05,2644.37,75.4388,101.15,14.28,7630.634620000001,6692.813313079365,75.395,11.0525,polymarket,0.295,0.295,0.38698399099856307,0.0110495603856421,-0.0316874635072471,2615.4702040435727,7.880188130666588,0.010000000000000009,0.010000000000000009,-0.10000000000000003,0.00894560577932424,-0.03222064038705752,-0.07340584331396782
2026-05-06,2632.5,75.3448,94.87,14.22,7147.961176000001,6724.904579317461,74.49,10.9455,polymarket,0.315,0.315,0.48968595588169067,0.0012793797289076,-0.0370881078540165,2629.136336266846,7.8756892440081305,0.020000000000000018,0.030000000000000027,-0.09499999999999997,-0.004498886658457657,-0.023763433682664648,-0.07762653071950387
2026-05-07,2615.33,75.2246,96.1,14.31,7229.084059999999,6758.664283952381,74.3575,10.95,polymarket,0.295,0.295,0.38698399099856307,-0.0050109035100163,-0.0467599264774594,2628.501165717375,7.869145563565781,-0.020000000000000018,0.019999999999999962,-0.07,-0.00654368044234932,-0.00927714768431187,-0.08347555483909408
2026-05-08,2597.8,74.6209,94.25,14.32,7033.019825,6788.570825650794,74.005,10.9245,polymarket,0.285,0.285,0.33563300855699923,-0.014022288637159,-0.055078255161544,2634.7451570779035,7.862420211973184,-0.010000000000000009,-0.030000000000000027,-0.08000000000000002,-0.0067253515925971286,-0.022725819254310164,-0.09538534397503917
2026-05-11,2656.91,74.6209,97.98,14.24,7311.355782,6822.421503222222,74.005,10.825,kalshi,0.54,0.29500000000000004,0.04146545356948894,0.0023042787859683,-0.0344088149878474,2650.80181361508,7.884919072397258,0.25500000000000006,0.25500000000000006,0.18500000000000005,0.022498860424073897,0.01377049930937635,-0.07392148456425429
2026-05-12,2689.96,74.6209,100.4,14.3,7491.938360000001,6857.281736873017,73.62,10.849,kalshi,0.48,0.235,-0.4771658992331706,0.0138265845471954,-0.0254400772348206,2653.274278856492,7.897281602596851,-0.06000000000000005,0.185,0.125,0.012362530199593103,0.017240401305415043,-0.061059935983580504
2026-05-13,2694.72,73.7878,98.25,14.3,7249.65135,6888.381480015873,73.29,10.8155,kalshi,0.63,0.385,0.8194124827734773,0.0127668214200633,-0.0255966937114782,2660.7506713357425,7.899049581841627,0.15000000000000002,0.315,0.295,0.0017679792447760079,0.023635327635327608,-0.0489548003656346
2026-05-14,2658.84,73.342,99.21,14.49,7276.259819999999,6921.1255876349205,73.19,10.768,kalshi,0.59,0.345,0.47365824757170427,0.0034223979372671,-0.0433783171524581,2649.771427731502,7.885645216435185,-0.040000000000000036,0.295,0.245,-0.013404365406442409,0.01663652388035164,-0.06309595123154443
2026-05-15,2633.84,73.1385,101.14,14.25,7397.227889999999,6956.796135730159,72.91,10.711,kalshi,0.51,0.265,-0.21785022283184083,-0.0180109803678815,-0.0508671764965361,2682.1481170804877,7.876198136342814,-0.07999999999999996,0.22500000000000003,0.175,-0.009447080092370719,0.01387327738855948,-0.07263726436020745
2026-05-18,2668.22,73.1385,101.18,14.25,7400.153429999999,6992.304835888889,72.445,10.6115,kalshi,0.57,0.32499999999999996,0.30078112997081774,-0.0083373704729349,-0.0405622202182613,2690.652970630247,7.889166862406592,0.05999999999999994,0.029999999999999916,0.23499999999999993,0.012968726063777858,0.004256824657214553,-0.054774624137393646
2026-05-19,2663.48,72.3497,102.68,14.33,7428.867196,7030.161439269841,70.7,10.3505,kalshi,0.58,0.33499999999999996,0.387219688771261,-0.0104700765654912,-0.0456710793135364,2691.6619062468203,7.887388817412023,0.010000000000000009,0.09999999999999998,0.25499999999999995,-0.0017780449945687948,-0.009844012550372483,-0.04521420556995426
2026-05-20,2640.32,71.2926,96.14,14.3,6854.070564,7056.163463571428,71.315,10.46,kalshi,0.57,0.32499999999999996,0.30078112997081774,-0.0224177994808508,-0.055010529860774,2700.867506177841,7.878655400915979,-0.010000000000000009,-0.06000000000000005,0.285,-0.0087334164960442,-0.020187626172663453,-0.034052827979805356
2026-05-21,2664.29,70.9509,95.98,14.31,6809.867382,7079.884572492063,71.3725,10.435,kalshi,0.56,0.31500000000000006,0.21434257117037547,-0.0152323386032381,-0.0479444908103962,2705.5011089834725,7.887692884594443,-0.009999999999999898,-0.029999999999999916,0.30500000000000005,0.009037483678464575,0.002049766063396019,-0.03525079300705369
2026-05-22,2625.69,70.7902,95.56,14.34,6764.711512,7102.3481377619055,71.9125,10.53,kalshi,0.535,0.29000000000000004,-0.0017538258307326856,-0.0303254874164866,-0.0634462980974532,2707.805522292577,7.873098997627695,-0.025000000000000022,0.025000000000000022,0.28,-0.01459388696674857,-0.0030943413419191046,-0.05259682622155826
2026-05-25,2598.2,70.7902,91.33,14.44,6465.268966,7119.705857142858,72.0825,10.607,kalshi,0.55,0.30500000000000005,0.1279040123699322,-0.0383542983550657,-0.0756719055537665,2701.826666053488,7.862574176561632,0.015000000000000013,-0.019999999999999907,0.29500000000000004,-0.01052482106606245,-0.02624221391039716,-0.049323088181485564
2026-05-26,2580.25,71.546,93.48,14.44,6688.120080000001,7140.778203015872,71.53,10.469,kalshi,0.54,0.29500000000000004,0.04146545356948894,-0.046751392868724,-0.0832133066782975,2706.796506910251,7.855641572446043,-0.010000000000000009,-0.039999999999999925,0.25500000000000006,-0.006932604115589491,-0.03124859206752073,-0.05568710405832211
2026-05-27,2590.24,71.668,91.11,14.41,6529.671480000001,7158.439989174603,71.38,10.475,kalshi,0.53,0.28500000000000003,-0.04497310523095432,-0.0455976382261774,-0.0801979171960211,2713.991607466122,7.859505814493196,-0.010000000000000009,-0.039999999999999925,0.24500000000000005,0.003864242047153077,-0.01896739789116486,-0.0394351363579053
2026-05-28,2583.89,70.9012,91.29,14.37,6472.570548000001,7172.844139333333,71.2975,10.46,kalshi,0.52,0.275,-0.13141166403139756,-0.0505437098518148,-0.0826610552351059,2721.441762839575,7.857051294336936,-0.010000000000000009,-0.040000000000000036,0.245,-0.0024545201562595764,-0.030176895157809414,-0.021187050632240134
2026-05-29,2565.61,71.3715,89.4,14.42,6380.6121,7179.45974736508,71.3,10.487,kalshi,0.525,0.28,-0.08819238463117594,-0.0560429695842502,-0.0902252232253889,2717.9309198746278,7.849951546095078,0.0050000000000000044,-0.010000000000000009,0.21000000000000002,-0.007099748241857995,-0.02288160445444809,-0.03483547199055004
2026-06-01,2570.04,71.3715,92.39,14.49,6594.012885,7186.434893952381,72.2775,10.64,kalshi,0.53,0.28500000000000003,-0.04497310523095432,-0.0525143185101406,-0.0900349557155988,2712.484262515482,7.851676741970479,0.0050000000000000044,-0.020000000000000018,0.24500000000000005,0.0017251958754007646,-0.010838272650296354,-0.019375615265451396
2026-06-02,2620.39,71.5532,92.86,14.33,6644.430152,7195.752739777778,73.29,10.791,kalshi,0.5700000000000001,0.32500000000000007,0.30078112997081874,-0.0404710839139267,-0.0703809522308452,2730.9130095720234,7.871078440639174,0.040000000000000036,0.030000000000000027,0.2750000000000001,0.019401698668694678,0.015556632109291701,-0.009068322511600169
2026-06-03,2601.35,72.5597,94.22,14.36,6836.574934,7205.721995555556,73.9475,10.86,kalshi,0.51,0.265,-0.21785022283184083,-0.0471977210719928,-0.078115644267358,2730.2096746942766,7.863785820025152,-0.06000000000000005,-0.020000000000000018,0.195,-0.007292620614022027,0.004289177836802827,-0.0118328584995252
2026-06-04,2579.9,73.3436,91.81,14.38,6733.675916,7208.029718031746,73.8,10.8235,kalshi,0.52,0.275,-0.13141166403139756,-0.0545376625436507,-0.0861298505096282,2728.71789577669,7.855505917474565,0.010000000000000009,0.0,0.22500000000000003,-0.008279902550587082,-0.0015441833824194617,-0.013547047600111606
2026-06-05,2561.04,74.2956,90.41,14.41,6717.065196,7203.284900507937,73.99,10.87,kalshi,0.62,0.375,0.7329739239730341,-0.060014160386284,-0.0929844620561468,2724.551681600279,7.848168704976419,0.09999999999999998,0.09499999999999997,0.335,-0.007337212498145895,-0.001781252801478117,-0.01415043498344759
2026-06-08,2517.64,74.2956,91.29,14.49,6782.445324,7204.1823850158735,73.05,10.7055,kalshi,0.56,0.31500000000000006,0.21434257117037547,-0.0732549219939895,-0.10952469581287,2716.647824466429,7.831077233771424,-0.05999999999999994,0.030000000000000027,0.020000000000000018,-0.017091471204994768,-0.02038878772314834,-0.05241803448366711
2026-06-09,2522.77,73.2644,90.04,14.51,6596.726576,7197.132092063492,71.855,10.5755,kalshi,0.55,0.30500000000000005,0.1279040123699322,-0.0701078621157955,-0.1076188518703844,2712.970566392884,7.833112783169718,-0.010000000000000009,-0.020000000000000018,0.07000000000000006,0.002035549398294201,-0.03725399654249939,-0.06215334057012001
2026-06-10,2520.88,71.7318,92.0,14.42,6599.325600000001,7182.729071111112,72.25,10.585,kalshi,0.55,0.30500000000000005,0.1279040123699322,-0.0727628821379892,-0.1062600917282668,2718.700482798351,7.832363325896329,0.0,0.040000000000000036,-0.07999999999999996,-0.0007494572733888205,-0.03093393814750023,-0.06451134069587927
2026-06-11,2515.33,71.7892,87.56,14.51,6285.862351999999,7162.925088,72.3875,10.604,kalshi,0.56,0.31500000000000006,0.21434257117037547,-0.0700994373328179,-0.1084420162842318,2704.945131751957,7.830159286649861,0.010000000000000009,0.040000000000000036,-0.029999999999999916,-0.00220403924646817,-0.0250281018644134,-0.053974665643664266
2026-06-15,2542.84,71.7892,82.17,14.54,5898.918564,7136.841086333333,72.44,10.653,kalshi,0.52,0.275,-0.13141166403139756,-0.0567396899793573,-0.0977148274826271,2695.7987874464384,7.841036845629105,-0.040000000000000036,-0.09999999999999998,0.010000000000000009,0.010877558979244029,-0.007106487989254284,-0.03455031436989342
2026-06-16,2490.52,72.4513,78.97,14.52,5721.479161,7102.967251365079,73.0,10.73,kalshi,0.53,0.28500000000000003,-0.04497310523095432,-0.0741010937926632,-0.1142069632566924,2689.8400930201524,7.820246802997055,0.010000000000000009,-0.030000000000000027,-0.039999999999999925,-0.020790042632050643,-0.010771992818671361,-0.0665987062536072
2026-06-17,2485.05,72.1388,78.45,14.55,5659.288860000001,7061.6497418253975,73.27,10.78,kalshi,0.525,0.28,-0.08819238463117594,-0.0717393538641925,-0.1143704006927908,2677.103688866747,7.818048059052656,-0.0050000000000000044,-0.025000000000000022,-0.05499999999999994,-0.0021987439443984513,-0.014951818834059272,-0.0669913046090077
2026-06-18,2441.24,72.7479,78.74,14.59,5728.169645999999,7017.236187587301,73.55,10.7895,kalshi,0.52,0.275,-0.13141166403139756,-0.0831530478430868,-0.1281900110811819,2662.6472327326837,7.800261385920338,-0.0050000000000000044,-0.030000000000000027,-0.04999999999999993,-0.017786673132317965,-0.03159214242645436,-0.07539995152102785
2026-06-19,2420.56,73.3591,79.7,14.69,5846.72027,6972.428810904762,73.7925,10.807,kalshi,0.54,0.29500000000000004,0.04146545356948894,-0.083882099782527,-0.1345755364509491,2642.1926691153994,7.791754197339412,0.020000000000000018,-0.020000000000000018,-0.020000000000000018,-0.008507188580925806,-0.03767696485153038,-0.0914802818011553
2026-06-22,2318.28,73.3591,77.72,14.93,5701.469252,6933.69192184127,74.89,10.989,kalshi,0.59,0.345,0.47365824757170427,-0.1116337848879935,-0.1723069248878402,2609.599465359799,7.748580810392463,0.04999999999999993,0.06999999999999995,0.05499999999999994,-0.0431733869469495,-0.08831070771263627,-0.11707779669344054
2026-06-23,2335.94,73.765,77.0,14.93,5679.905,6901.814468349206,75.105,10.941,kalshi,0.56,0.31500000000000006,0.21434257117037547,-0.1022978036976933,-0.1643621360127983,2602.1324328066567,7.756169658686748,-0.029999999999999916,0.030000000000000027,0.010000000000000009,0.007588848294284745,-0.062067359426946966,-0.1009391116927103
2026-06-24,2243.47,74.62,74.1,15.14,5529.342,6866.856115968254,75.05,10.97,kalshi,0.6,0.355,0.5600968063721475,-0.1283090548194166,-0.1983576508349086,2573.69886931111,7.715779053363183,0.039999999999999925,0.07499999999999996,0.05999999999999994,-0.040390605323564976,-0.0972133357477718,-0.13052223621742087
2026-06-25,2257.24,74.7738,75.15,15.33,5619.25107,6832.5630139682535,76.39,11.1695,kalshi,0.54,0.29500000000000004,0.04146545356948894,-0.1139697794197452,-0.1941288301142056,2547.588047867882,7.721898107008322,-0.05999999999999994,0.020000000000000018,0.010000000000000009,0.006119053645138983,-0.07537153249987716,-0.12855951572055102
2026-06-26,2285.61,75.6347,74.21,15.44,5612.851086999999,6792.892104587302,79.2625,11.489,kalshi,0.59,0.345,0.47365824757170427,-0.095878867948197,-0.1833880878555839,2527.990906277194,7.734388226125753,0.04999999999999993,0.04999999999999993,0.06999999999999995,0.012490119117431142,-0.05575156162210393,-0.11543835070378372
2026-06-29,2349.81,75.6347,74.49,15.33,5634.028802999999,6752.162419301588,77.42,11.37,kalshi,0.58,0.33499999999999996,0.387219688771261,-0.0708191173541881,-0.1568365578738635,2528.904806251495,7.7620897528057515,-0.010000000000000009,-0.010000000000000009,0.05499999999999994,0.0277015266799987,0.01360060044515743,-0.08411255023171882
2026-06-30,2348.15,77.7539,74.25,15.42,5773.227075,6726.374110968254,79.4125,11.619,kalshi,0.5549999999999999,0.30999999999999994,0.17112329177015287,-0.0661351348918022,-0.1572519553811177,2514.4430288936323,7.76138306306421,-0.025000000000000022,-0.0050000000000001155,0.02499999999999991,-0.0007066897415413109,0.005227017817238444,-0.08633717763147652
2026-07-01,2344.55,78.2696,73.12,15.52,5723.073152,6702.846931285714,78.52,11.47,kalshi,0.52,0.275,-0.13141166403139756,-0.0620425172781792,-0.1586122252399907,2499.6335582253105,7.7598487648110845,-0.03499999999999992,-0.07999999999999996,-0.050000000000000044,-0.0015342982531256766,0.045055204660637393,-0.10526677326657474
2026-07-02,2256.06,78.2652,73.11,15.75,5721.968771999999,6674.899487126983,78.24,11.462,kalshi,0.52,0.275,-0.13141166403139756,-0.0873026042314689,-0.1918574274499643,2471.859797627996,7.72137520800897,0.0,-0.020000000000000018,0.010000000000000009,-0.038473556802114395,-0.000522762311495395,-0.13273492609606552
2026-07-03,2242.84,77.9293,73.13,15.85,5698.969708999999,6643.482383206349,78.32,11.49,kalshi,0.55,0.30500000000000005,0.1279040123699322,-0.086585795349807,-0.1962423250278123,2455.446815455353,7.715498198939774,0.030000000000000027,-0.039999999999999925,0.030000000000000027,-0.005877009069195971,-0.01871272876825003,-0.1306484747470832
2026-07-06,2194.14,77.9293,73.11,15.93,5697.411123,6614.731064460317,76.6525,11.1825,kalshi,0.51,0.265,-0.21785022283184083,-0.1013295778150531,-0.2132315016831486,2441.5402419335937,7.693545449191357,-0.040000000000000036,-0.06999999999999995,-0.10999999999999999,-0.021952749748416878,-0.06624790940544134,-0.14326211226689156
2026-07-07,2190.39,77.9695,76.0,15.95,5925.682,6593.034796984127,77.2475,11.2845,kalshi,0.52,0.275,-0.13141166403139756,-0.100360216252786,-0.2137231936134028,2434.741148147655,7.691834889147576,0.010000000000000009,-0.03499999999999992,-0.040000000000000036,-0.0017105600437812285,-0.06718480505930213,-0.1299828410733862
2026-07-08,2220.77,76.1258,78.9,15.69,6006.3256200000005,6577.523861936508,76.47,11.2015,kalshi,0.54,0.29500000000000004,0.04146545356948894,-0.0953575048694109,-0.1987435696320416,2454.859253189761,7.7056092615757095,0.020000000000000018,0.020000000000000018,-0.010000000000000009,0.013774372428133397,-0.05279477938197108,-0.11970968419633976
2026-07-09,2186.75,76.4026,76.15,15.67,5818.057990000001,6561.14287504762,76.82,11.251,kalshi,0.53,0.28500000000000003,-0.04497310523095432,-0.1084984341290806,-0.2099302700339708,2452.8840819968004,7.690171702299964,-0.010000000000000009,0.010000000000000009,-0.020000000000000018,-0.015437559275745194,-0.030721700663989382,-0.13254498429119999
2026-07-10,2145.65,75.93,76.16,15.62,5782.8288,6545.568720444444,77.3225,11.317,kalshi,0.505,0.26,-0.2610695022320625,-0.12559211883575,-0.2233828246697871,2453.8319544228334,7.671197815760739,-0.025000000000000022,-0.04500000000000004,-0.05500000000000005,-0.01897388653922505,-0.043333452230208125,-0.1469707752064341
2026-07-13,2164.42,75.93,82.0,15.81,6226.26,6533.1166162857135,77.295,11.3285,kalshi,0.52,0.275,-0.13141166403139756,-0.110619850237961,-0.2182950247370649,2433.6275107771503,7.679907706162036,0.015000000000000013,0.010000000000000009,0.0,0.008709890401297216,-0.013545170317299626,-0.14881785719903728
2026-07-14,2170.78,76.6213,82.54,15.83,6324.322102000001,6526.209586396825,78.16,11.4725,kalshi,0.5,0.255,-0.3042887816322841,-0.106753728242115,-0.2158914446192784,2430.214453319758,7.682841828953515,-0.020000000000000018,-0.020000000000000018,-0.030000000000000027,0.002934122791478977,-0.008952743575344924,-0.12838282768257225
2026-07-15,2111.9,77.4912,82.91,15.99,6424.795392,6521.129091920635,77.7,11.44,kalshi,0.49,0.245,-0.39072734043272733,-0.1253591103292611,-0.2388262864342055,2414.590976640746,7.655343295220328,-0.010000000000000009,-0.050000000000000044,-0.03500000000000003,-0.027498533733187003,-0.04902353688135197,-0.15015794450815878
2026-07-16,2022.27,77.9568,82.13,16.17,6402.591984,6515.088464111111,78.74,11.5845,kalshi,0.36,0.11499999999999999,-1.5144286048384887,-0.1563537302423046,-0.2729065231998151,2397.0591378076247,7.611975921823196,-0.13,-0.17000000000000004,-0.16000000000000003,-0.0433673733971327,-0.07521664570709963,-0.1716217987580082
2026-07-17,1958.43,78.3181,84.43,16.16,6612.397183000001,6517.922695333333,78.625,11.57,kalshi,0.37,0.125,-1.4279900460380455,-0.1835117720396175,-0.2958794256133568,2398.601636783215,7.579898410828129,0.010000000000000009,-0.135,-0.17000000000000004,-0.03207751099506684,-0.08725561018805494,-0.1909186303995769
2026-07-20,2000.69,78.3181,85.12,16.27,6666.436672000001,6520.382826031747,79.13,11.641,kalshi,0.37,0.125,-1.4279900460380455,-0.162661856466764,-0.2820458182598833,2389.345350443345,7.601247400043267,0.0,-0.15000000000000002,-0.21999999999999997,0.021348989215137948,-0.07564613152715283,-0.13699380575254072
2026-07-21,2078.78,78.3159,85.45,15.89,6692.093655000001,6521.215022936508,78.5225,11.599,kalshi,0.37,0.125,-1.4279900460380455,-0.1422865805710826,-0.2495870163308099,2423.6300294614643,7.639536462152851,0.0,-0.13,-0.19000000000000006,0.03828906210958394,-0.04238107961193671,-0.11008844405250129
2026-07-22,2136.11,78.554,86.26,15.84,6776.068040000001,6522.97268084127,78.41,11.5445,kalshi,0.37,0.125,-1.4279900460380455,-0.1204208777316102,-0.2283729457927008,2428.559234661097,7.666741696881443,0.0,-0.12,-0.22999999999999998,0.027205234728592487,0.01146361096642834,-0.047854439774099755
2026-07-23,2144.97,78.4756,87.33,15.75,6853.274148,6521.957923111111,79.015,11.573,kalshi,0.36,0.11499999999999999,-1.5144286048384887,-0.1196461582364731,-0.2240222119559789,2436.486215250894,7.670880845250326,-0.010000000000000009,0.0,-0.18000000000000005,0.00413914836888285,0.06067439066000091,-0.04973773280643623
2026-07-24,2165.54,78.4049,87.11,15.38,6829.850839,6520.776700333334,77.97,11.479,kalshi,0.35,0.10499999999999998,-1.600867163638932,-0.1232815339441646,-0.2119424565828689,2470.051771285588,7.680425031968731,-0.010000000000000009,-0.020000000000000018,-0.24,0.009544186718405179,0.10575307772041875,-0.05253302181912056
2026-07-27,2216.92,78.4049,82.9,15.49,6499.766210000001,6511.825906666667,78.58,11.55,kalshi,0.36,0.11499999999999999,-1.5144286048384887,-0.0980218169177592,-0.1941693014372273,2457.842153592162,7.703874124165961,0.010000000000000009,-0.010000000000000009,-0.21999999999999997,0.023449092197229682,0.10807771318894988,-0.05655350858154484
2026-07-28,2191.18,78.0172,80.27,15.46,6262.440644,6498.364489825397,79.485,11.667,kalshi,0.33,0.08500000000000002,-1.773744281239818,-0.1083443554212912,-0.202446097564619,2457.428507655882,7.692195490488447,-0.02999999999999997,-0.03999999999999998,-0.22499999999999992,-0.011678633677513872,0.05407017577617612,-0.06684836999339916
2026-07-29,2237.17,78.698,84.99,15.39,6688.543019999999,6486.561638555555,80.33,11.795,kalshi,0.3399999999999999,0.09499999999999992,-1.6873057224393757,-0.0909754516336081,-0.1841765907005227,2461.066649982576,7.7129669532383565,0.009999999999999898,-0.030000000000000082,-0.1800000000000001,0.020771462749909375,0.04731029769066186,-0.04579983365677853
2026-07-30,2209.84,79.357,83.8,15.4,6650.116599999999,6472.310084904762,80.1075,11.75,kalshi,0.33,0.08500000000000002,-1.773744281239818,-0.1005161411233719,-0.1935141127820493,2456.786720731026,7.700675393700878,-0.009999999999999898,-0.02999999999999997,-0.19,-0.012291559537478847,0.03024284721930859,-0.020487043784296444
2026-07-31,2226.36,79.8573,84.36,15.42,6736.761828,6456.759545190476,79.4625,11.732,kalshi,0.35,0.10499999999999998,-1.600867163638932,-0.091758361055983,-0.1869076958909873,2451.285984408859,7.708123243826787,0.019999999999999962,0.0,-0.20000000000000007,0.007447850125909206,0.028085373625054366,-0.007347826862370899
2026-08-03,2262.75,79.8573,80.93,15.49,6462.851289,6438.223301841271,80.9825,11.942,kalshi,0.36,0.11499999999999999,-1.5144286048384887,-0.0728447987778417,-0.1735158289357805,2440.5299102213808,7.72433616670728,0.010000000000000009,0.0,-0.15000000000000002,0.016212922880493252,0.020672825361311986,0.03126965462550246
2026-08-04,2269.23,80.0687,78.32,15.46,6270.980584,6424.302974984127,81.03,11.951,kalshi,0.34,0.09500000000000003,-1.6873057224393748,-0.0699781233381278,-0.1699919740422301,2439.97486182255,7.727195845883267,-0.019999999999999962,0.010000000000000009,-0.18,0.002859679175986507,0.035620076853567495,0.03599359018257031
2026-08-05,2301.65,81.1291,77.81,15.45,6312.655271,6409.756486269841,81.06,11.99,kalshi,0.32,0.07500000000000001,-1.8601828400402614,-0.0557125860251104,-0.1571873307030762,2437.446444733833,7.74138153601945,-0.020000000000000018,-0.019999999999999907,-0.22000000000000003,0.014185690136183204,0.0288221279563019,0.03641980033952197
2026-08-06,2285.88,80.9293,80.34,15.36,6501.859962,6401.325377333334,81.6575,12.081,kalshi,0.34,0.09500000000000003,-1.6873057224393748,-0.0645587185797381,-0.1613045649022927,2443.638147473451,7.7345063495386075,0.020000000000000018,0.010000000000000009,-0.19,-0.006875186480842288,0.034409731021250334,0.04533211386761171
2026-08-07,2281.31,81.4077,79.7,15.4,6488.193690000001,6388.259312380953,82.6675,12.239,kalshi,0.335,0.09000000000000002,-1.7305250018395963,-0.0638468937893272,-0.1627795091800636,2436.898392864609,7.73250511835479,-0.0050000000000000044,-0.014999999999999958,-0.16999999999999998,-0.0020012311838177865,0.024681542966995318,0.06322559597324817
2026-08-10,2295.96,81.4077,79.7,15.36,6488.193690000001,6372.326857301588,82.7475,,kalshi,0.335,0.09000000000000002,-1.7305250018395963,-0.0577772260824235,-0.155974377950513,2436.748573221013,7.738906335684912,0.0,-0.024999999999999967,-0.185,0.006401217330122222,0.01467683128936037,0.060773786972953436
2026-08-11,2323.82,82.8175,85.09,15.31507307779192,7046.941075,6369.109233888889,82.8175,12.244,kalshi,0.35,0.10499999999999998,-1.600867163638932,-0.0476409586208845,-0.1449440998525288,2440.067137531309,7.750967662304375,0.014999999999999958,0.009999999999999953,-0.15000000000000002,0.01206132661946313,0.024056618324277412,0.07050000460663908
2026-08-12,2301.43,82.97,84.74,15.325999929225876,7030.877799999999,6365.214281190477,82.97,12.299,kalshi,0.35,0.10499999999999998,-1.600867163638932,-0.0560736196257458,-0.1531074571548374,2438.145651875429,7.741285947847978,0.0,0.02999999999999997,-0.14,-0.009681714456396762,-9.558360306749503e-05,0.0897438325678297
2026-08-13,2232.14,84.1975,82.6,15.289448514355964,6954.7135,6358.190243253967,84.1975,12.451,kalshi,0.3399999999999999,0.09499999999999992,-1.6873057224393757,-0.0851115953335251,-0.1777454325658457,2439.794830292699,7.71071604554847,-0.010000000000000064,-1.1102230246251565e-16,-0.020000000000000073,-0.030569902299508733,-0.023509545557947154,0.10377941620060627
2026-08-14,2132.82,84.6,82.6,15.422141793016507,6987.959999999999,6351.647490396826,84.6,,kalshi,0.35,0.10499999999999998,-1.600867163638932,-0.1209218189570454,-0.2156276618904439,2426.2005882907742,7.665200326724813,0.010000000000000064,0.014999999999999958,-0.020000000000000018,-0.04551571882365657,-0.06508979489854505,0.08904581731284766
2026-08-17,2093.22,85.2975,85.43,15.664187987762611,7286.965425,6349.395081333334,85.2975,12.6145,kalshi,0.35,0.10499999999999998,-1.600867163638932,-0.1292306137446541,-0.2330033959090295,2403.874129063812,7.646458829201117,0.0,0.014999999999999958,-0.020000000000000018,-0.01874149752369636,-0.08830293210683127,0.046249044079792245
2026-08-18,2148.13,85.57,85.82,15.547821263132832,7343.617399999999,6357.165666031747,85.57,12.5925,kalshi,0.3399999999999999,0.09499999999999992,-1.6873057224393757,-0.1109333314685215,-0.2118507645536581,2416.163012328634,7.672352975212679,-0.010000000000000064,-0.010000000000000064,-0.030000000000000082,0.025894146011562036,-0.07560396244115297,0.03336091361279214
2026-08-19,2172.38,83.92,85.76,15.547796431270688,7196.979200000001,6363.310298063492,83.92,12.43,kalshi,0.35,0.10499999999999998,-1.600867163638932,-0.1014375700668337,-0.2032812640847839,2417.617215713746,7.6835786197106515,0.010000000000000064,0.0,-0.020000000000000018,0.011225644497972809,-0.056073832356404396,0.016979462668121004
2026-08-20,2121.53,83.22,87.15,15.592488229515023,7252.623,6371.054924857143,83.22,12.3245,kalshi,0.35,0.10499999999999998,-1.600867163638932,-0.1216718538303962,-0.2228807846685777,2415.41843928378,7.659892805480413,0.0,0.010000000000000064,-0.010000000000000009,-0.0236858142302383,-0.04955334342827944,-0.010927891765385778
2026-08-21,2134.97,83.03,87.68,15.48558543112697,7280.0704,6383.988280952381,83.03,12.3365,kalshi,0.3399999999999999,0.09499999999999992,-1.6873057224393757,-0.1207330184898934,-0.2173170484580895,2428.1248413687417,7.666207874041753,-0.010000000000000064,-0.010000000000000064,-0.010000000000000064,0.006315068561339565,0.0010080550632494134,-0.014116571386351695
2026-08-24,2071.2,84.18,86.1,15.67943264299303,7247.898,6392.873644761905,84.18,12.4925,kalshi,0.35,0.10499999999999998,-1.600867163638932,-0.1415516482073757,-0.2434578745205576,2412.7252334690725,7.635883428437328,0.010000000000000064,0.0,-0.010000000000000009,-0.03032444560442471,-0.010519677816951845,-0.06573083376937383
2026-08-25,2117.15,84.15,82.9,15.5003984775977,6976.035000000001,6399.95878,84.15,12.49,kalshi,0.3399999999999999,0.09499999999999992,-1.6873057224393757,-0.1289447247164884,-0.2248568141622655,2430.5575777735908,7.657826123608237,-0.010000000000000064,0.0,0.009999999999999898,0.02194269517090852,-0.014421845977664272,-0.03378544893618951
2026-08-26,2071.3,84.8775,83.75,15.55139564335919,7108.490624999999,6410.05274947619,84.8775,12.5965,kalshi,0.3399999999999999,0.09499999999999992,-1.6873057224393757,-0.1470231746262814,-0.2427611965657969,2428.3191974090178,7.635931708461477,0.0,-0.010000000000000064,0.0,-0.021894415146759272,-0.04652961268286393,-0.07414277859974872
2026-08-27,2093.4,86.68,83.75,15.591932432054968,7259.450000000001,6424.0025574126985,86.68,,kalshi,0.35,0.10499999999999998,-1.600867163638932,-0.1377846755030489,-0.2358784026642872,2427.931794440523,7.646544817420783,0.010000000000000064,0.0,0.019999999999999962,0.010613108959305784,-0.01325929871366427,-0.05269159758172537
2026-08-28,2114.93,87.0375,83.75,15.618329866738655,7289.390624999999,6435.04029931746,87.0375,,kalshi,0.3399999999999999,0.09499999999999992,-1.6873057224393757,-0.128989641574957,-0.2289048681549255,2428.1341542530067,7.656776994005949,-0.010000000000000064,0.0,-0.010000000000000064,0.010232176585166286,-0.009386548757125412,-0.05005030632961438
2026-08-31,2128.8,86.7775,83.75,15.617968168298924,7267.615625,6444.932132222223,86.7775,,kalshi,0.3349999999999999,0.08999999999999991,-1.7305250018395975,-0.1241262446368101,-0.2243514742969119,2430.48725568592,7.6633137196634795,-0.0050000000000000044,-0.015000000000000069,-0.025000000000000078,0.0065367256575301624,0.027809965237543643,-0.059197878687437755
2026-09-01,2202.12,87.1475,83.75,15.607550661318273,7298.603125,6452.265913031746,87.1475,,kalshi,0.3349999999999999,0.08999999999999991,-1.7305250018395975,-0.094951563606205,-0.1978939171472664,2433.1515435510205,7.697175811710584,0.0,-0.0050000000000000044,-0.0050000000000001155,0.03386209204710422,0.04013414259735959,-0.02957390833013851
2026-09-02,2170.24,87.0,83.75,15.615343201004418,7286.25,6461.036930238095,87.0,,kalshi,0.35,0.10499999999999998,-1.600867163638932,-0.108548093486222,-0.210060473205642,2434.500374212232,7.682593039497219,0.015000000000000069,0.010000000000000064,0.02999999999999997,-0.014582772213365125,0.04776710278568985,-0.057093823995829185
2026-09-03,2189.33,87.0,83.75,15.590487861488,7286.25,6470.0716096666665,87.0,,kalshi,0.32,0.07500000000000001,-1.8601828400402614,-0.1023199866606061,-0.2032746925422267,2438.875732406733,7.691350839929499,-0.02999999999999997,-0.02999999999999997,-0.020000000000000018,0.008757800432280582,0.04582497372695138,-0.04223756277669877
2026-09-04,2252.19,86.725,83.75,15.603993513039892,7263.218749999999,6477.702933888889,86.725,,kalshi,0.33,0.08500000000000002,-1.773744281239818,-0.0767577038117623,-0.1809850055612183,2439.435464881265,7.719658355150058,0.010000000000000009,-0.009999999999999898,-0.0050000000000000044,0.02830751522055852,0.06490049316053015,-0.012764595780494492
2026-09-07,2255.14,86.46,83.75,15.616007993138917,7241.025,6487.929893,86.46,,kalshi,0.35,0.10499999999999998,-1.600867163638932,-0.0760410458794954,-0.1806184884585351,2440.736127879854,7.720967334266837,0.019999999999999962,0.015000000000000069,0.014999999999999958,0.0013089791167795184,0.05934798947763986,-0.017779055384240183
2026-09-08,2294.1,86.8425,83.75,15.61908690333398,7273.059375,6498.624079904761,86.8425,,kalshi,0.3349999999999999,0.08999999999999991,-1.7305250018395975,-0.0609329791146474,-0.1670880829024765,2442.956625009706,7.738095888718289,-0.015000000000000069,0.0,-0.015000000000000069,0.01712855445145145,0.041768840935098916,-0.012789286605675243
2026-09-09,2258.95,85.64,83.75,15.60553465048371,7172.35,6512.6953124126985,85.64,,kalshi,0.3349999999999999,0.08999999999999991,-1.7305250018395975,-0.0770305954385709,-0.1804307669037097,2447.4809119738848,7.722655382535577,0.0,-0.015000000000000069,-0.015000000000000069,-0.015440506182711644,0.04087566352108518,-0.01845808910112412
2026-09-10,2308.93,84.26,99.13,15.64653513765366,8352.693800000001,6551.64412568254,84.26,12.53,kalshi,0.3349999999999999,0.08999999999999991,-1.7305250018395975,-0.0586631548156506,-0.1649630522222914,2452.820169328253,7.744539492740772,0.0,0.014999999999999902,-0.0050000000000000044,0.021884110205195206,0.05462858500089074,0.0344019640345139
2026-09-11,2296.93,84.8,99.13,15.598923388298449,8406.224,6594.259123126984,84.8,,kalshi,0.3349999999999999,0.08999999999999991,-1.7305250018395975,-0.0689774257205815,-0.1709740438748954,2467.1045186823208,7.739328727692742,0.0,0.004999999999999893,-0.015000000000000069,-0.005210765048030197,0.01986510907161465,0.0769450774092515
2026-09-14,2317.17,84.8225,99.13,15.74547313012693,8408.454425,6637.896671777778,84.8225,,kalshi,0.3349999999999999,0.08999999999999991,-1.7305250018395975,-0.059493002969627,-0.1679389143550953,2463.745625834157,7.748101892478899,0.0,-0.015000000000000069,-0.015000000000000069,0.008773164786156862,0.02750605283929164,0.10698827643534847
2026-09-15,2355.86,84.655,99.13,15.858422866897426,8391.85015,6680.177314698413,84.655,,kalshi,0.35,0.10499999999999998,-1.600867163638932,-0.04353789578373,-0.1578312984081844,2463.098108764491,7.764661120255451,0.015000000000000069,0.015000000000000069,0.010000000000000064,0.016559227776552277,0.0269212327274313,0.09670271352292459
2026-09-16,2310.47,84.87,99.13,15.908577254174894,8413.1631,6720.91450247619,84.87,,kalshi,0.35,0.10499999999999998,-1.600867163638932,-0.0637564653148031,-0.1768450696199176,2467.808763856376,7.745206246023472,0.0,0.015000000000000069,0.0,-0.01945487423197889,0.022807056375749868,0.06356622690321201
2026-09-17,2252.6,85.07,99.13,16.120985923371855,8432.989099999999,6764.271960380953,85.07,,kalshi,0.35,0.10499999999999998,-1.600867163638932,-0.0836206703387703,-0.2023313577466741,2458.152347055612,7.7198403836135965,0.0,0.015000000000000069,0.0,-0.025365862409875817,-0.0243965819665386,0.06178088455030073
2026-09-18,2247.36,84.46,99.13,16.141354011480203,8372.519799999998,6807.01187784127,84.46,,kalshi,0.35,0.10499999999999998,-1.600867163638932,-0.0886343710588752,-0.2065749993639741,2465.9257806453684,7.7175114729706555,0.0,0.015000000000000069,0.010000000000000064,-0.00232891064294094,-0.0215809798295985,0.052642425888888456
2026-09-19,2262.13,84.1975,99.13,16.141354011480203,8346.498175,6851.72864252381,84.1975,,kalshi,0.3399999999999999,0.09499999999999992,-1.6873057224393757,-0.0863722708714478,-0.203586246702073,2475.986583898557,7.724062126289024,-0.010000000000000064,0.0050000000000000044,-0.010000000000000064,0.006550653318368127,-0.02375311263308255,0.09218327539590598
2026-09-21,2249.03,84.3,99.13,16.13523648980706,8356.659,6895.17956204762,84.3,,kalshi,0.35,0.10499999999999998,-1.600867163638932,-0.0954330870629798,-0.2102527989667298,2486.305841872626,7.718254291132243,0.010000000000000064,0.0,0.010000000000000064,-0.0058078351567809605,-0.04534649766964083,0.062291287816168106
2026-09-22,2285.34,84.81,99.13,16.10793740161054,8407.2153,6939.534549555556,84.81,,kalshi,0.35,0.10499999999999998,-1.600867163638932,-0.0854181546674464,-0.1993487245788241,2498.7812864020075,7.73427008875811,0.0,0.0,0.010000000000000064,0.016015797625867023,-0.010876574896016677,0.10333606913532556
2026-09-23,2296.39,84.8175,99.13,16.179092900824,8407.958775,6983.565184031746,84.8175,,kalshi,0.38,0.135,-1.3415514872376022,-0.0821716815131119,-0.1985418165707733,2501.982074148441,7.739093603641952,0.030000000000000027,0.030000000000000027,0.030000000000000027,0.00482351488384225,0.01943975850128732,0.0969666571128307
2026-09-24,2299.28,85.4125,99.13,16.181648392041836,8466.941125,7026.322549904761,85.4125,,kalshi,0.4,0.15500000000000003,-1.1686743696367157,-0.0844108819264973,-0.199650417257832,2511.2574566612707,7.740351309430642,0.020000000000000018,0.050000000000000044,0.06000000000000011,0.0012577057886904441,0.023102662679766572,0.08716600549427178
2026-09-25,2296.08,84.6975,99.13,16.16192170310844,8396.063175,7068.750962968255,84.6975,,kalshi,0.39,0.14500000000000002,-1.255112928437159,-0.0897713365461967,-0.2025648853840638,2522.5309773125296,7.738958600038021,-0.010000000000000009,0.0500000000000001,0.055000000000000104,-0.0013927093926211498,0.015007979205438948,0.07857948139797055
2026-09-26,2274.91,84.3414,99.13,16.16192170310844,8360.762981999998,7110.636585349207,84.3414,,kalshi,0.47,0.22499999999999998,-0.5636044580336139,-0.1014707904385304,-0.2119043274013969,2531.81529970548,7.729695770162955,0.07999999999999996,0.12,0.13500000000000006,-0.009262829875066103,0.011507183096712614,0.03305451110747826
2026-09-27,2280.86,84.3414,99.13,16.16192170310844,,7133.405405935484,,,kalshi,0.46,0.21500000000000002,-0.6500430168340566,-0.1009098597013744,-0.2109190354888488,2536.853534221197,7.732307843811553,-0.009999999999999953,0.11000000000000004,0.11000000000000004,0.0026120736485975016,-0.001960321002564158,0.05097132114420533
2026-09-28,2246.3,84.915,93.29,16.30053263090412,7921.720350000001,7169.281361209677,84.915,12.59,kalshi,0.47,0.22499999999999998,-0.5636044580336139,-0.1127174656754301,-0.2262258473918859,2531.662591228578,7.717039697171124,0.009999999999999953,0.08999999999999997,0.14999999999999997,-0.015268146640428526,-0.021812497006170384,0.02602165959448799
2026-09-29,2249.89,84.84,93.29,16.457471465709126,7914.723600000001,7201.36267733871,84.84,,kalshi,0.44,0.195,-0.8229201344349432,-0.1085626551358516,-0.2283718014092893,2523.8902239875024,7.718636605114476,-0.02999999999999997,0.03999999999999998,0.10999999999999999,0.0015969079433517663,-0.021480637416930626,-0.0010212282267482164
2026-09-30,2254.73,83.83,93.29,16.44513808095196,7820.5007,7230.623565725806,83.83,,kalshi,0.42,0.175,-0.9957972520358297,-0.1093044512841343,-0.2278973041276772,2531.4261458370274,7.720785510843488,-0.020000000000000018,0.02999999999999997,0.07,0.0021489057290118296,-0.018008954391833032,-0.00018180689447211407
